Entry,Study,Region,Site,Depth.m,Sample.ID,Sample.Year,Sample.Month,Sample.Day,Latitude,Longitude,Taxon,Fixed.or.Random,Sample.Unit.Size.sq.m,Percent.Cover,Stipe.Density.num.per.sq.m,Individual.Density.num.per.sq.m,Biomass.kg.wet.per.sq.m
1,Nova_Scotia,Nova.Scotia,Coyle Cove,8.5,1,1981,7,NA,44.336263,-64.174337,-1,Random,1,NA,NA,NA,1.7
2,Nova_Scotia,Nova.Scotia,Coyle Cove,8.5,2,1981,8,NA,44.336263,-64.174337,-1,Random,1,NA,NA,NA,1.5
3,Nova_Scotia,Nova.Scotia,Coyle Cove,8.5,3,1981,12,NA,44.336263,-64.174337,-1,Random,1,NA,NA,NA,1.3
4,Nova_Scotia,Nova.Scotia,Coyle Cove,8.5,4,1982,4,NA,44.336263,-64.174337,-1,Random,1,NA,NA,NA,2.2
5,Nova_Scotia,Nova.Scotia,Coyle Cove,8.5,5,1982,8,NA,44.336263,-64.174337,-1,Random,1,NA,NA,NA,2.2
6,Nova_Scotia,Nova.Scotia,Coyle Cove,8.5,6,1983,6,NA,44.336263,-64.174337,-1,Random,1,NA,NA,NA,2.1
7,Nova_Scotia,Nova.Scotia,Cranberry Cove,6,7,2008,7,NA,44.499094,-63.92137,-1,Random,1,NA,NA,44.45,2.82
8,Nova_Scotia,Nova.Scotia,Cranberry Cove,6,8,2008,9,NA,44.499094,-63.92137,-1,Random,1,NA,NA,37.22,1.76
9,Nova_Scotia,Nova.Scotia,Cranberry Cove,6,9,2009,2,NA,44.499094,-63.92137,-1,Random,1,NA,NA,60.34,1.57
10,Nova_Scotia,Nova.Scotia,Cranberry Cove,6,10,2009,5,NA,44.499094,-63.92137,-1,Random,1,NA,NA,56.89,2.19
11,Nova_Scotia,Nova.Scotia,Cranberry Cove,6,11,2009,9,NA,44.499094,-63.92137,-1,Random,1,NA,NA,39.34,1.56
12,Nova_Scotia,Nova.Scotia,Duncan's Cove Exposed,6,12,2008,7,NA,44.498433,-63.52165,-1,Random,1,NA,NA,34.8,4.21
13,Nova_Scotia,Nova.Scotia,Duncan's Cove Exposed,6,13,2008,9,NA,44.498433,-63.52165,-1,Random,1,NA,NA,24.78,4.97
14,Nova_Scotia,Nova.Scotia,Duncan's Cove Exposed,6,14,2009,5,NA,44.498433,-63.52165,-1,Random,1,NA,NA,36.88,8
15,Nova_Scotia,Nova.Scotia,Duncan's Cove Exposed,6,15,2009,9,NA,44.498433,-63.52165,-1,Random,1,NA,NA,32.23,9.79
16,Nova_Scotia,Nova.Scotia,Duncan's Cove Protected,6,16,2008,7,NA,44.498433,-63.52165,-1,Random,1,NA,NA,76,5.6
17,Nova_Scotia,Nova.Scotia,Duncan's Cove Protected,6,17,2008,9,NA,44.498433,-63.52165,-1,Random,1,NA,NA,74.1,5.21
18,Nova_Scotia,Nova.Scotia,Duncan's Cove Protected,6,18,2009,2,NA,44.498433,-63.52165,-1,Random,1,NA,NA,60.4,4.28
19,Nova_Scotia,Nova.Scotia,Duncan's Cove Protected,6,19,2009,5,NA,44.498433,-63.52165,-1,Random,1,NA,NA,62.67,3.72
20,Nova_Scotia,Nova.Scotia,Duncan's Cove Protected,6,20,2009,9,NA,44.498433,-63.52165,-1,Random,1,NA,NA,46.5,4.14
21,Nova_Scotia,Nova.Scotia,Little Duck Island,6,21,1992,8,NA,44.363815,-64.171457,509,Random,1,NA,NA,38,0.5
22,Nova_Scotia,Nova.Scotia,Little Duck Island,6,22,1993,8,NA,44.363815,-64.171457,509,Random,1,NA,NA,21,3.2
23,Nova_Scotia,Nova.Scotia,Little Duck Island,6,23,1994,8,NA,44.363815,-64.171457,509,Random,1,NA,NA,40,0.9
24,Nova_Scotia,Nova.Scotia,Little Duck Island,6,24,1995,8,NA,44.363815,-64.171457,509,Random,1,NA,NA,45,5.8
25,Nova_Scotia,Nova.Scotia,Little Duck Island,6,25,1997,8,NA,44.363815,-64.171457,509,Random,1,NA,NA,26,2.8
26,Nova_Scotia,Nova.Scotia,Little Duck Island,6,26,1998,8,NA,44.363815,-64.171457,509,Random,1,NA,NA,60,2.2
27,Nova_Scotia,Nova.Scotia,Little Duck Island,6,27,1999,8,NA,44.363815,-64.171457,509,Random,1,NA,NA,NA,0.4
28,Nova_Scotia,Nova.Scotia,Little Duck Island,6,28,2000,8,NA,44.363815,-64.171457,509,Random,1,NA,NA,8,0.3
29,Nova_Scotia,Nova.Scotia,Little Duck Island,6,29,2002,8,NA,44.363815,-64.171457,509,Random,1,NA,NA,8,0.1
30,Nova_Scotia,Nova.Scotia,Little Duck Island,6,30,2008,8,NA,44.363815,-64.171457,509,Random,1,NA,NA,NA,0.6
31,Nova_Scotia,Nova.Scotia,Lodge,6,31,1968,7,NA,44.503445,-64.2101,-1,Random,1,NA,NA,NA,10.8
32,Nova_Scotia,Nova.Scotia,Lodge,4,32,2005,6,NA,44.54865,-64.015166,-1,Random,1,NA,NA,7.3,NA
33,Nova_Scotia,Nova.Scotia,Lodge,8,33,2005,6,NA,44.54865,-64.015166,-1,Random,1,NA,NA,5.55,NA
34,Nova_Scotia,Nova.Scotia,Lodge,12,34,2005,6,NA,44.54865,-64.015166,-1,Random,1,NA,NA,2.67,NA
35,Nova_Scotia,Nova.Scotia,Lodge,4,35,2007,6,NA,44.54865,-64.015166,-1,Random,1,NA,NA,2.89,NA
36,Nova_Scotia,Nova.Scotia,Lodge,8,36,2007,6,NA,44.54865,-64.015166,-1,Random,1,NA,NA,1.95,NA
37,Nova_Scotia,Nova.Scotia,Lodge,12,37,2007,6,NA,44.54865,-64.015166,-1,Random,1,NA,NA,0.15,NA
38,Nova_Scotia,Nova.Scotia,Lodge,6,38,2008,7,NA,44.54865,-64.015166,-1,Random,1,NA,NA,11.69,0.97
39,Nova_Scotia,Nova.Scotia,Lodge,4.5,39,2008,8,NA,44.581412,-64.056665,-1,Random,1,NA,NA,5,NA
40,Nova_Scotia,Nova.Scotia,Lodge,6,40,2008,9,NA,44.54865,-64.015166,-1,Random,1,NA,NA,7.5,0.6
41,Nova_Scotia,Nova.Scotia,Lodge,4.5,41,2008,10,NA,44.581412,-64.056665,-1,Random,1,NA,NA,16,NA
42,Nova_Scotia,Nova.Scotia,Lodge,4.5,42,2008,11,NA,44.581412,-64.056665,-1,Random,1,NA,NA,13,NA
43,Nova_Scotia,Nova.Scotia,Lodge,6,43,2008,11,NA,44.54865,-64.015166,-1,Random,1,NA,NA,14.8,0.49
44,Nova_Scotia,Nova.Scotia,Lodge,6,44,2009,5,NA,44.54865,-64.015166,-1,Random,1,NA,NA,17.56,2.33
45,Nova_Scotia,Nova.Scotia,Lodge,9,45,2009,8,NA,44.54865,-64.015166,-1,Random,1,NA,NA,NA,3.4
46,Nova_Scotia,Nova.Scotia,Lodge,6,46,2009,9,NA,44.54865,-64.015166,-1,Random,1,NA,NA,17.33,2.19
47,Nova_Scotia,Nova.Scotia,Lodge,6,47,2012,6,NA,44.54865,-64.015166,-1,Random,1,NA,NA,2.1,0.08
48,Nova_Scotia,Nova.Scotia,Lodge,6,48,2012,11,NA,44.54865,-64.015166,-1,Random,1,NA,NA,4.1,0.06
49,Nova_Scotia,Nova.Scotia,Paddy's Head,4,49,2005,6,NA,44.527882,-63.947576,-1,Random,1,NA,NA,17.4,NA
50,Nova_Scotia,Nova.Scotia,Paddy's Head,8,50,2005,6,NA,44.527882,-63.947576,-1,Random,1,NA,NA,16.8,NA
51,Nova_Scotia,Nova.Scotia,Paddy's Head,12,51,2005,6,NA,44.527882,-63.947576,-1,Random,1,NA,NA,8.72,NA
52,Nova_Scotia,Nova.Scotia,Paddy's Head,4,52,2007,6,NA,44.527882,-63.947576,-1,Random,1,NA,NA,7.76,NA
53,Nova_Scotia,Nova.Scotia,Paddy's Head,8,53,2007,6,NA,44.527882,-63.947576,-1,Random,1,NA,NA,10,NA
54,Nova_Scotia,Nova.Scotia,Paddy's Head,12,54,2007,6,NA,44.527882,-63.947576,-1,Random,1,NA,NA,2.2,NA
55,Nova_Scotia,Nova.Scotia,Paddy's Head,8.25,55,2008,8,NA,44.527882,-63.947576,-1,Random,1,NA,NA,20,NA
56,Nova_Scotia,Nova.Scotia,Paddy's Head,6,56,2012,7,NA,44.527882,-63.947576,-1,Random,1,NA,NA,6.15,0.31
57,Nova_Scotia,Nova.Scotia,Paddy's Head,6,57,2012,9,NA,44.527882,-63.947576,-1,Random,1,NA,NA,4.06,0.18
58,Nova_Scotia,Nova.Scotia,Sandy Cove,4,58,2005,6,NA,44.444472,-63.760686,-1,Random,1,NA,NA,19.2,NA
59,Nova_Scotia,Nova.Scotia,Sandy Cove,8,59,2005,6,NA,44.444472,-63.760686,-1,Random,1,NA,NA,20.4,NA
60,Nova_Scotia,Nova.Scotia,Sandy Cove,12,60,2005,6,NA,44.444472,-63.760686,-1,Random,1,NA,NA,10.8,NA
61,Nova_Scotia,Nova.Scotia,Sandy Cove,4,61,2007,6,NA,44.444472,-63.760686,-1,Random,1,NA,NA,0,NA
62,Nova_Scotia,Nova.Scotia,Sandy Cove,8,62,2007,6,NA,44.444472,-63.760686,-1,Random,1,NA,NA,0,NA
63,Nova_Scotia,Nova.Scotia,Sandy Cove,12,63,2007,6,NA,44.444472,-63.760686,-1,Random,1,NA,NA,0,NA
64,Nova_Scotia,Nova.Scotia,Sandy Cove,4,64,2008,8,NA,44.444472,-63.760686,-1,Random,1,NA,NA,14,NA
65,Nova_Scotia,Nova.Scotia,Sandy Cove,4,65,2008,10,NA,44.444472,-63.760686,-1,Random,1,NA,NA,32,NA
66,Nova_Scotia,Nova.Scotia,Sandy Cove,4,66,2008,11,NA,44.444472,-63.760686,-1,Random,1,NA,NA,36,NA
67,Nova_Scotia,Nova.Scotia,Splitnose Point,10,67,2005,7,NA,44.476891,-63.546994,-1,Random,1,NA,NA,18,6.6
68,Nova_Scotia,Nova.Scotia,Splitnose Point,6,68,2008,7,NA,44.476891,-63.546994,-1,Random,1,NA,NA,37.75,10.51
69,Nova_Scotia,Nova.Scotia,Splitnose Point,6,69,2008,9,NA,44.476891,-63.546994,-1,Random,1,NA,NA,18.78,8.38
70,Nova_Scotia,Nova.Scotia,Splitnose Point,6,70,2008,11,NA,44.476891,-63.546994,-1,Random,1,NA,NA,25.5,4.05
71,Nova_Scotia,Nova.Scotia,Splitnose Point,6,71,2009,2,NA,44.476891,-63.546994,-1,Random,1,NA,NA,28.22,7.8
72,Nova_Scotia,Nova.Scotia,Splitnose Point,6,72,2009,5,NA,44.476891,-63.546994,-1,Random,1,NA,NA,46,13.94
73,Nova_Scotia,Nova.Scotia,Splitnose Point,6,73,2009,9,NA,44.476891,-63.546994,-1,Random,1,NA,NA,28.25,10.06
74,Nova_Scotia,Nova.Scotia,Whitehead Island,6,74,1952,7,NA,43.639791,-65.932218,-1,Random,1,NA,NA,NA,16.4
75,Nova_Scotia,Nova.Scotia,Whitehead Island,3.5,75,1982,6,NA,43.639791,-65.932218,-1,Random,1,NA,NA,NA,3.2
76,Nova_Scotia,Nova.Scotia,Whitehead Island,9,76,1984,8,NA,43.671803,-65.845141,-1,Random,1,NA,NA,10.9,3.75
77,Nova_Scotia,Nova.Scotia,Whitehead Island,4,77,2014,11,NA,43.671803,-65.845141,-1,Random,1,NA,NA,NA,2.18
78,Nova_Scotia,Nova.Scotia,Little Duck Island,8,78,2014,11,NA,44.363815,-64.171457,509,Random,1,NA,NA,2.75,0.11
