"Entry","Study","Region","Site","Depth.m","Sample.ID","Sample.Year","Sample.Month","Sample.Day","Latitude","Longitude","Taxon","Fixed.or.Random","Sample.Unit.Size.sq.m","Percent.Cover","Stipe.Density.num.per.sq.m","Individual.Density.num.per.sq.m","Biomass.kg.wet.per.sq.m"
596,"New_Zealand_Hauraki_Gulf",NA,"C3",2,"2110_C3_2007_2",2007,2,21,-36.73923854,174.75804816,"Ecklonia radiata","Random",1,NA,NA,4,1.91247240138485
597,"New_Zealand_Hauraki_Gulf",NA,"C3",2,"2111_C3_2007_2",2007,2,21,-36.73923854,174.75804816,"Ecklonia radiata","Random",1,NA,NA,0,0
598,"New_Zealand_Hauraki_Gulf",NA,"C3",2,"2112_C3_2007_2",2007,2,21,-36.73923854,174.75804816,"Ecklonia radiata","Random",1,NA,NA,2,1.14815250258581
599,"New_Zealand_Hauraki_Gulf",NA,"C3",2,"2113_C3_2007_2",2007,2,21,-36.73923854,174.75804816,"Ecklonia radiata","Random",1,NA,NA,4,1.98812292738795
600,"New_Zealand_Hauraki_Gulf",NA,"C3",2,"2114_C3_2007_2",2007,2,21,-36.73923854,174.75804816,"Ecklonia radiata","Random",1,NA,NA,2,1.01660289098709
631,"New_Zealand_Hauraki_Gulf",NA,"C3",2,"2362_C3_2008_2",2008,2,11,-36.73923854,174.75804816,"Ecklonia radiata","Random",1,NA,NA,4,2.15229510924608
632,"New_Zealand_Hauraki_Gulf",NA,"C3",2,"2363_C3_2008_2",2008,2,11,-36.73923854,174.75804816,"Ecklonia radiata","Random",1,NA,NA,4,2.25012629714341
633,"New_Zealand_Hauraki_Gulf",NA,"C3",2,"2364_C3_2008_2",2008,2,11,-36.73923854,174.75804816,"Ecklonia radiata","Random",1,NA,NA,4,2.28468190942168
634,"New_Zealand_Hauraki_Gulf",NA,"C3",2,"2365_C3_2008_2",2008,2,11,-36.73923854,174.75804816,"Ecklonia radiata","Random",1,NA,NA,3,1.50809304152314
635,"New_Zealand_Hauraki_Gulf",NA,"C3",2,"2366_C3_2008_2",2008,2,11,-36.73923854,174.75804816,"Ecklonia radiata","Random",1,NA,NA,3,1.45843305485795
666,"New_Zealand_Hauraki_Gulf",NA,"C3",2,"2614_C3_2009_2",2009,2,18,-36.73923854,174.75804816,"Ecklonia radiata","Random",1,NA,NA,12,7.10935010609388
667,"New_Zealand_Hauraki_Gulf",NA,"C3",2,"2615_C3_2009_2",2009,2,18,-36.73923854,174.75804816,"Ecklonia radiata","Random",1,NA,NA,4,0.840164176990114
668,"New_Zealand_Hauraki_Gulf",NA,"C3",2,"2616_C3_2009_2",2009,2,18,-36.73923854,174.75804816,"Ecklonia radiata","Random",1,NA,NA,13,3.46809408689875
669,"New_Zealand_Hauraki_Gulf",NA,"C3",2,"2617_C3_2009_2",2009,2,18,-36.73923854,174.75804816,"Ecklonia radiata","Random",1,NA,NA,3,0.22165522188151
670,"New_Zealand_Hauraki_Gulf",NA,"C3",2,"2618_C3_2009_2",2009,2,18,-36.73923854,174.75804816,"Ecklonia radiata","Random",1,NA,NA,7,2.18265336004759
701,"New_Zealand_Hauraki_Gulf",NA,"C3",2,"3015_C3_2010_2",2010,2,8,-36.73923854,174.75804816,"Ecklonia radiata","Random",1,NA,NA,3,0.988984785700622
702,"New_Zealand_Hauraki_Gulf",NA,"C3",2,"3037_C3_2010_2",2010,2,8,-36.73923854,174.75804816,"Ecklonia radiata","Random",1,NA,NA,0,0
703,"New_Zealand_Hauraki_Gulf",NA,"C3",2,"3038_C3_2010_2",2010,2,8,-36.73923854,174.75804816,"Ecklonia radiata","Random",1,NA,NA,4,2.1747370166528
704,"New_Zealand_Hauraki_Gulf",NA,"C3",2,"3040_C3_2010_2",2010,2,8,-36.73923854,174.75804816,"Ecklonia radiata","Random",1,NA,NA,5,1.73172905885627
705,"New_Zealand_Hauraki_Gulf",NA,"C3",2,"3041_C3_2010_2",2010,2,8,-36.73923854,174.75804816,"Ecklonia radiata","Random",1,NA,NA,0,0
736,"New_Zealand_Hauraki_Gulf",NA,"C3",2,"3225_C3_2011_2",2011,2,2,-36.73923854,174.75804816,"Ecklonia radiata","Random",1,NA,NA,6,1.80559417874828
737,"New_Zealand_Hauraki_Gulf",NA,"C3",2,"3228_C3_2011_2",2011,2,2,-36.73923854,174.75804816,"Ecklonia radiata","Random",1,NA,NA,7,3.46357840495337
738,"New_Zealand_Hauraki_Gulf",NA,"C3",2,"3229_C3_2011_2",2011,2,2,-36.73923854,174.75804816,"Ecklonia radiata","Random",1,NA,NA,4,2.07600385583386
739,"New_Zealand_Hauraki_Gulf",NA,"C3",2,"3230_C3_2011_2",2011,2,2,-36.73923854,174.75804816,"Ecklonia radiata","Random",1,NA,NA,4,1.30636486011833
740,"New_Zealand_Hauraki_Gulf",NA,"C3",2,"3231_C3_2011_2",2011,2,2,-36.73923854,174.75804816,"Ecklonia radiata","Random",1,NA,NA,9,2.45284796938685
771,"New_Zealand_Hauraki_Gulf",NA,"C3",2,"3463_C3_2012_2",2012,2,14,-36.73923854,174.75804816,"Ecklonia radiata","Random",1,NA,NA,7,1.91543720422804
772,"New_Zealand_Hauraki_Gulf",NA,"C3",2,"3464_C3_2012_2",2012,2,14,-36.73923854,174.75804816,"Ecklonia radiata","Random",1,NA,NA,11,0.030361159344517
773,"New_Zealand_Hauraki_Gulf",NA,"C3",2,"3465_C3_2012_2",2012,2,14,-36.73923854,174.75804816,"Ecklonia radiata","Random",1,NA,NA,15,6.08135562506594
774,"New_Zealand_Hauraki_Gulf",NA,"C3",2,"3466_C3_2012_2",2012,2,14,-36.73923854,174.75804816,"Ecklonia radiata","Random",1,NA,NA,10,4.76439474012893
775,"New_Zealand_Hauraki_Gulf",NA,"C3",2,"3467_C3_2012_2",2012,2,14,-36.73923854,174.75804816,"Ecklonia radiata","Random",1,NA,NA,5,1.90915913220843
806,"New_Zealand_Hauraki_Gulf",NA,"C4",2.9,"1865_C4_2006_2.9",2006,2,28,-36.74027035,174.75981152,"Ecklonia radiata","Random",1,NA,NA,3,1.68205444017831
807,"New_Zealand_Hauraki_Gulf",NA,"C4",2.9,"1866_C4_2006_2.9",2006,2,28,-36.74027035,174.75981152,"Ecklonia radiata","Random",1,NA,NA,13,6.35814897224089
808,"New_Zealand_Hauraki_Gulf",NA,"C4",2.9,"1867_C4_2006_2.9",2006,3,20,-36.74027035,174.75981152,"Ecklonia radiata","Random",1,NA,NA,3,2.11221709855558
809,"New_Zealand_Hauraki_Gulf",NA,"C4",2.9,"1868_C4_2006_2.9",2006,3,20,-36.74027035,174.75981152,"Ecklonia radiata","Random",1,NA,NA,3,1.4500765097691
810,"New_Zealand_Hauraki_Gulf",NA,"C4",2.9,"1869_C4_2006_2.9",2006,2,28,-36.74027035,174.75981152,"Ecklonia radiata","Random",1,NA,NA,5,2.11284010050262
841,"New_Zealand_Hauraki_Gulf",NA,"C4",2.9,"2117_C4_2007_2.9",2007,2,21,-36.74027035,174.75981152,"Ecklonia radiata","Random",1,NA,NA,10,6.16985444131175
842,"New_Zealand_Hauraki_Gulf",NA,"C4",2.9,"2118_C4_2007_2.9",2007,2,21,-36.74027035,174.75981152,"Ecklonia radiata","Random",1,NA,NA,2,1.04397326519346
843,"New_Zealand_Hauraki_Gulf",NA,"C4",2.9,"2119_C4_2007_2.9",2007,2,21,-36.74027035,174.75981152,"Ecklonia radiata","Random",1,NA,NA,8,4.75305027027535
844,"New_Zealand_Hauraki_Gulf",NA,"C4",2.9,"2120_C4_2007_2.9",2007,2,21,-36.74027035,174.75981152,"Ecklonia radiata","Random",1,NA,NA,5,2.62209719639847
845,"New_Zealand_Hauraki_Gulf",NA,"C4",2.9,"2121_C4_2007_2.9",2007,2,21,-36.74027035,174.75981152,"Ecklonia radiata","Random",1,NA,NA,3,1.69332580166967
876,"New_Zealand_Hauraki_Gulf",NA,"C4",2.9,"2369_C4_2008_2.9",2008,2,11,-36.74027035,174.75981152,"Ecklonia radiata","Random",1,NA,NA,2,1.57512903950936
877,"New_Zealand_Hauraki_Gulf",NA,"C4",2.9,"2370_C4_2008_2.9",2008,2,11,-36.74027035,174.75981152,"Ecklonia radiata","Random",1,NA,NA,6,3.78203590798705
878,"New_Zealand_Hauraki_Gulf",NA,"C4",2.9,"2371_C4_2008_2.9",2008,2,11,-36.74027035,174.75981152,"Ecklonia radiata","Random",1,NA,NA,4,1.95576798593505
879,"New_Zealand_Hauraki_Gulf",NA,"C4",2.9,"2372_C4_2008_2.9",2008,2,11,-36.74027035,174.75981152,"Ecklonia radiata","Random",1,NA,NA,6,3.64546929192003
880,"New_Zealand_Hauraki_Gulf",NA,"C4",2.9,"2373_C4_2008_2.9",2008,2,11,-36.74027035,174.75981152,"Ecklonia radiata","Random",1,NA,NA,3,1.52340806515391
911,"New_Zealand_Hauraki_Gulf",NA,"C4",2.9,"2621_C4_2009_2.9",2009,2,24,-36.74027035,174.75981152,"Ecklonia radiata","Random",1,NA,NA,3,2.32314202546767
912,"New_Zealand_Hauraki_Gulf",NA,"C4",2.9,"2622_C4_2009_2.9",2009,2,24,-36.74027035,174.75981152,"Ecklonia radiata","Random",1,NA,NA,15,8.91558586048285
913,"New_Zealand_Hauraki_Gulf",NA,"C4",2.9,"2623_C4_2009_2.9",2009,2,24,-36.74027035,174.75981152,"Ecklonia radiata","Random",1,NA,NA,3,0.85912006140483
914,"New_Zealand_Hauraki_Gulf",NA,"C4",2.9,"2624_C4_2009_2.9",2009,2,24,-36.74027035,174.75981152,"Ecklonia radiata","Random",1,NA,NA,3,1.56810433060789
915,"New_Zealand_Hauraki_Gulf",NA,"C4",2.9,"2625_C4_2009_2.9",2009,2,24,-36.74027035,174.75981152,"Ecklonia radiata","Random",1,NA,NA,5,2.88648486682444
946,"New_Zealand_Hauraki_Gulf",NA,"C4",2.9,"3008_C4_2010_2.9",2010,2,8,-36.74027035,174.75981152,"Ecklonia radiata","Random",1,NA,NA,13,5.16508359556929
947,"New_Zealand_Hauraki_Gulf",NA,"C4",2.9,"3009_C4_2010_2.9",2010,2,8,-36.74027035,174.75981152,"Ecklonia radiata","Random",1,NA,NA,11,3.53030222651625
948,"New_Zealand_Hauraki_Gulf",NA,"C4",2.9,"3010_C4_2010_2.9",2010,2,8,-36.74027035,174.75981152,"Ecklonia radiata","Random",1,NA,NA,3,1.12074677499281
949,"New_Zealand_Hauraki_Gulf",NA,"C4",2.9,"3011_C4_2010_2.9",2010,2,8,-36.74027035,174.75981152,"Ecklonia radiata","Random",1,NA,NA,6,3.33113383586205
950,"New_Zealand_Hauraki_Gulf",NA,"C4",2.9,"3012_C4_2010_2.9",2010,2,8,-36.74027035,174.75981152,"Ecklonia radiata","Random",1,NA,NA,3,2.10074926703358
981,"New_Zealand_Hauraki_Gulf",NA,"C4",2.9,"3218_C4_2011_2.9",2011,2,2,-36.74027035,174.75981152,"Ecklonia radiata","Random",1,NA,NA,2,0.352157423590507
982,"New_Zealand_Hauraki_Gulf",NA,"C4",2.9,"3221_C4_2011_2.9",2011,2,2,-36.74027035,174.75981152,"Ecklonia radiata","Random",1,NA,NA,5,1.64583580603168
983,"New_Zealand_Hauraki_Gulf",NA,"C4",2.9,"3222_C4_2011_2.9",2011,2,2,-36.74027035,174.75981152,"Ecklonia radiata","Random",1,NA,NA,5,2.95381255481241
984,"New_Zealand_Hauraki_Gulf",NA,"C4",2.9,"3223_C4_2011_2.9",2011,2,2,-36.74027035,174.75981152,"Ecklonia radiata","Random",1,NA,NA,7,3.53368698554563
985,"New_Zealand_Hauraki_Gulf",NA,"C4",2.9,"3224_C4_2011_2.9",2011,2,2,-36.74027035,174.75981152,"Ecklonia radiata","Random",1,NA,NA,6,2.38622389249177
1016,"New_Zealand_Hauraki_Gulf",NA,"C4",2.9,"3470_C4_2012_2.9",2012,2,14,-36.74027035,174.75981152,"Ecklonia radiata","Random",1,NA,NA,13,3.90921001721723
1017,"New_Zealand_Hauraki_Gulf",NA,"C4",2.9,"3471_C4_2012_2.9",2012,2,14,-36.74027035,174.75981152,"Ecklonia radiata","Random",1,NA,NA,24,6.1365661874076
1018,"New_Zealand_Hauraki_Gulf",NA,"C4",2.9,"3472_C4_2012_2.9",2012,2,14,-36.74027035,174.75981152,"Ecklonia radiata","Random",1,NA,NA,11,4.62663507440641
1019,"New_Zealand_Hauraki_Gulf",NA,"C4",2.9,"3473_C4_2012_2.9",2012,2,14,-36.74027035,174.75981152,"Ecklonia radiata","Random",1,NA,NA,20,4.58857880119428
1020,"New_Zealand_Hauraki_Gulf",NA,"C4",2.9,"3474_C4_2012_2.9",2012,2,14,-36.74027035,174.75981152,"Ecklonia radiata","Random",1,NA,NA,11,3.43294687684288
1261,"New_Zealand_Hauraki_Gulf",NA,"L1",2.4,"2278_L1_2008_2.4",2008,3,6,-36.66603358,174.74841208,"Ecklonia radiata","Random",1,NA,NA,0,0
1262,"New_Zealand_Hauraki_Gulf",NA,"L1",2.4,"2279_L1_2008_2.4",2008,3,6,-36.66603358,174.74841208,"Ecklonia radiata","Random",1,NA,NA,0,0
1263,"New_Zealand_Hauraki_Gulf",NA,"L1",2.4,"2280_L1_2008_2.4",2008,3,6,-36.66603358,174.74841208,"Ecklonia radiata","Random",1,NA,NA,3,0.970722429233658
1264,"New_Zealand_Hauraki_Gulf",NA,"L1",2.4,"2281_L1_2008_2.4",2008,3,6,-36.66603358,174.74841208,"Ecklonia radiata","Random",1,NA,NA,0,0
1265,"New_Zealand_Hauraki_Gulf",NA,"L1",2.4,"2282_L1_2008_2.4",2008,3,6,-36.66603358,174.74841208,"Ecklonia radiata","Random",1,NA,NA,1,0.832239788621262
1296,"New_Zealand_Hauraki_Gulf",NA,"L1",2.4,"2530_L1_2009_2.4",2009,2,24,-36.66603358,174.74841208,"Ecklonia radiata","Random",1,NA,NA,1,0.741051580583673
1297,"New_Zealand_Hauraki_Gulf",NA,"L1",2.4,"2531_L1_2009_2.4",2009,2,24,-36.66603358,174.74841208,"Ecklonia radiata","Random",1,NA,NA,6,2.52753382864483
1298,"New_Zealand_Hauraki_Gulf",NA,"L1",2.4,"2532_L1_2009_2.4",2009,2,24,-36.66603358,174.74841208,"Ecklonia radiata","Random",1,NA,NA,8,2.73471491647441
1299,"New_Zealand_Hauraki_Gulf",NA,"L1",2.4,"2533_L1_2009_2.4",2009,2,24,-36.66603358,174.74841208,"Ecklonia radiata","Random",1,NA,NA,2,0.81790646047917
1300,"New_Zealand_Hauraki_Gulf",NA,"L1",2.4,"2534_L1_2009_2.4",2009,2,24,-36.66603358,174.74841208,"Ecklonia radiata","Random",1,NA,NA,9,4.1265729029174
1331,"New_Zealand_Hauraki_Gulf",NA,"L1",2.4,"3106_L1_2010_2.4",2010,2,11,-36.66603358,174.74841208,"Ecklonia radiata","Random",1,NA,NA,5,0.929953467778254
1332,"New_Zealand_Hauraki_Gulf",NA,"L1",2.4,"3107_L1_2010_2.4",2010,2,11,-36.66603358,174.74841208,"Ecklonia radiata","Random",1,NA,NA,2,0.68757366112485
1333,"New_Zealand_Hauraki_Gulf",NA,"L1",2.4,"3108_L1_2010_2.4",2010,2,11,-36.66603358,174.74841208,"Ecklonia radiata","Random",1,NA,NA,9,2.5530777408004
1334,"New_Zealand_Hauraki_Gulf",NA,"L1",2.4,"3110_L1_2010_2.4",2010,2,11,-36.66603358,174.74841208,"Ecklonia radiata","Random",1,NA,NA,7,2.65624554410896
1335,"New_Zealand_Hauraki_Gulf",NA,"L1",2.4,"3112_L1_2010_2.4",2010,2,11,-36.66603358,174.74841208,"Ecklonia radiata","Random",1,NA,NA,3,1.7274922179393
1366,"New_Zealand_Hauraki_Gulf",NA,"L1",2.4,"3309_L1_2011_2.4",2011,2,2,-36.66603358,174.74841208,"Ecklonia radiata","Random",1,NA,NA,3,0.558222557259204
1367,"New_Zealand_Hauraki_Gulf",NA,"L1",2.4,"3312_L1_2011_2.4",2011,2,2,-36.66603358,174.74841208,"Ecklonia radiata","Random",1,NA,NA,7,1.923041662668
1368,"New_Zealand_Hauraki_Gulf",NA,"L1",2.4,"3313_L1_2011_2.4",2011,2,2,-36.66603358,174.74841208,"Ecklonia radiata","Random",1,NA,NA,3,1.7175105948594
1369,"New_Zealand_Hauraki_Gulf",NA,"L1",2.4,"3314_L1_2011_2.4",2011,2,2,-36.66603358,174.74841208,"Ecklonia radiata","Random",1,NA,NA,2,1.20009686599055
1370,"New_Zealand_Hauraki_Gulf",NA,"L1",2.4,"3315_L1_2011_2.4",2011,2,2,-36.66603358,174.74841208,"Ecklonia radiata","Random",1,NA,NA,1,0.343065561321149
1401,"New_Zealand_Hauraki_Gulf",NA,"L1",2.4,"3519_L1_2012_2.4",2012,2,29,-36.66603358,174.74841208,"Ecklonia radiata","Random",1,NA,NA,1,0.70090770387231
1402,"New_Zealand_Hauraki_Gulf",NA,"L1",2.4,"3520_L1_2012_2.4",2012,2,29,-36.66603358,174.74841208,"Ecklonia radiata","Random",1,NA,NA,3,1.13956819405847
1403,"New_Zealand_Hauraki_Gulf",NA,"L1",2.4,"3521_L1_2012_2.4",2012,2,29,-36.66603358,174.74841208,"Ecklonia radiata","Random",1,NA,NA,9,3.54449390106021
1404,"New_Zealand_Hauraki_Gulf",NA,"L1",2.4,"3522_L1_2012_2.4",2012,2,29,-36.66603358,174.74841208,"Ecklonia radiata","Random",1,NA,NA,7,3.55643463961501
1405,"New_Zealand_Hauraki_Gulf",NA,"L1",2.4,"3523_L1_2012_2.4",2012,2,29,-36.66603358,174.74841208,"Ecklonia radiata","Random",1,NA,NA,4,1.16763965009845
1786,"New_Zealand_Hauraki_Gulf",NA,"L3",2.1,"2040_L3_2007_2.1",2007,2,22,-36.67559708,174.74851493,"Ecklonia radiata","Random",1,NA,NA,9,4.62287861837326
1787,"New_Zealand_Hauraki_Gulf",NA,"L3",2.1,"2041_L3_2007_2.1",2007,2,22,-36.67559708,174.74851493,"Ecklonia radiata","Random",1,NA,NA,19,4.2923155692958
1788,"New_Zealand_Hauraki_Gulf",NA,"L3",2.1,"2042_L3_2007_2.1",2007,2,22,-36.67559708,174.74851493,"Ecklonia radiata","Random",1,NA,NA,10,4.38164388513049
1789,"New_Zealand_Hauraki_Gulf",NA,"L3",2.1,"2043_L3_2007_2.1",2007,2,22,-36.67559708,174.74851493,"Ecklonia radiata","Random",1,NA,NA,17,6.24476752474885
1790,"New_Zealand_Hauraki_Gulf",NA,"L3",2.1,"2044_L3_2007_2.1",2007,2,22,-36.67559708,174.74851493,"Ecklonia radiata","Random",1,NA,NA,17,5.3096908873985
1821,"New_Zealand_Hauraki_Gulf",NA,"L3",2.1,"2292_L3_2008_2.1",2008,2,19,-36.67559708,174.74851493,"Ecklonia radiata","Random",1,NA,NA,8,5.67514526863335
1822,"New_Zealand_Hauraki_Gulf",NA,"L3",2.1,"2293_L3_2008_2.1",2008,2,19,-36.67559708,174.74851493,"Ecklonia radiata","Random",1,NA,NA,8,5.2634906876186
1823,"New_Zealand_Hauraki_Gulf",NA,"L3",2.1,"2294_L3_2008_2.1",2008,2,19,-36.67559708,174.74851493,"Ecklonia radiata","Random",1,NA,NA,14,5.74162265729312
1824,"New_Zealand_Hauraki_Gulf",NA,"L3",2.1,"2295_L3_2008_2.1",2008,2,19,-36.67559708,174.74851493,"Ecklonia radiata","Random",1,NA,NA,25,7.29101839331574
1825,"New_Zealand_Hauraki_Gulf",NA,"L3",2.1,"2296_L3_2008_2.1",2008,2,19,-36.67559708,174.74851493,"Ecklonia radiata","Random",1,NA,NA,15,7.93598850038289
1856,"New_Zealand_Hauraki_Gulf",NA,"L3",2.1,"2544_L3_2009_2.1",2009,2,3,-36.67559708,174.74851493,"Ecklonia radiata","Random",1,NA,NA,10,7.49384279429153
1857,"New_Zealand_Hauraki_Gulf",NA,"L3",2.1,"2545_L3_2009_2.1",2009,2,3,-36.67559708,174.74851493,"Ecklonia radiata","Random",1,NA,NA,3,1.04397326519346
1858,"New_Zealand_Hauraki_Gulf",NA,"L3",2.1,"2546_L3_2009_2.1",2009,2,3,-36.67559708,174.74851493,"Ecklonia radiata","Random",1,NA,NA,19,8.19116137318175
1859,"New_Zealand_Hauraki_Gulf",NA,"L3",2.1,"2547_L3_2009_2.1",2009,2,3,-36.67559708,174.74851493,"Ecklonia radiata","Random",1,NA,NA,2,1.31004175875942
1860,"New_Zealand_Hauraki_Gulf",NA,"L3",2.1,"2548_L3_2009_2.1",2009,2,3,-36.67559708,174.74851493,"Ecklonia radiata","Random",1,NA,NA,15,9.00545095700834
1891,"New_Zealand_Hauraki_Gulf",NA,"L3",2.1,"3120_L3_2010_2.1",2010,2,11,-36.67559708,174.74851493,"Ecklonia radiata","Random",1,NA,NA,36,9.52365764192966
1892,"New_Zealand_Hauraki_Gulf",NA,"L3",2.1,"3121_L3_2010_2.1",2010,2,11,-36.67559708,174.74851493,"Ecklonia radiata","Random",1,NA,NA,25,6.16461946845849
1893,"New_Zealand_Hauraki_Gulf",NA,"L3",2.1,"3122_L3_2010_2.1",2010,2,11,-36.67559708,174.74851493,"Ecklonia radiata","Random",1,NA,NA,13,4.34922329791269
1894,"New_Zealand_Hauraki_Gulf",NA,"L3",2.1,"3124_L3_2010_2.1",2010,2,11,-36.67559708,174.74851493,"Ecklonia radiata","Random",1,NA,NA,21,10.8879268044232
1895,"New_Zealand_Hauraki_Gulf",NA,"L3",2.1,"3126_L3_2010_2.1",2010,2,11,-36.67559708,174.74851493,"Ecklonia radiata","Random",1,NA,NA,14,8.86485810864805
1926,"New_Zealand_Hauraki_Gulf",NA,"L3",2.1,"3295_L3_2011_2.1",2011,2,2,-36.67559708,174.74851493,"Ecklonia radiata","Random",1,NA,NA,8,1.3815798337921
1927,"New_Zealand_Hauraki_Gulf",NA,"L3",2.1,"3298_L3_2011_2.1",2011,2,2,-36.67559708,174.74851493,"Ecklonia radiata","Random",1,NA,NA,10,4.56903335383862
1928,"New_Zealand_Hauraki_Gulf",NA,"L3",2.1,"3299_L3_2011_2.1",2011,2,2,-36.67559708,174.74851493,"Ecklonia radiata","Random",1,NA,NA,12,6.81070177662595
1929,"New_Zealand_Hauraki_Gulf",NA,"L3",2.1,"3300_L3_2011_2.1",2011,2,2,-36.67559708,174.74851493,"Ecklonia radiata","Random",1,NA,NA,12,5.10566070440163
1930,"New_Zealand_Hauraki_Gulf",NA,"L3",2.1,"3301_L3_2011_2.1",2011,2,2,-36.67559708,174.74851493,"Ecklonia radiata","Random",1,NA,NA,20,6.85007058334915
1961,"New_Zealand_Hauraki_Gulf",NA,"L3",2.1,"3533_L3_2012_2.1",2012,3,2,-36.67559708,174.74851493,"Ecklonia radiata","Random",1,NA,NA,29,8.0048592633519
1962,"New_Zealand_Hauraki_Gulf",NA,"L3",2.1,"3534_L3_2012_2.1",2012,3,2,-36.67559708,174.74851493,"Ecklonia radiata","Random",1,NA,NA,5,2.85542188709378
1963,"New_Zealand_Hauraki_Gulf",NA,"L3",2.1,"3535_L3_2012_2.1",2012,3,2,-36.67559708,174.74851493,"Ecklonia radiata","Random",1,NA,NA,43,5.67743273801784
1964,"New_Zealand_Hauraki_Gulf",NA,"L3",2.1,"3536_L3_2012_2.1",2012,3,2,-36.67559708,174.74851493,"Ecklonia radiata","Random",1,NA,NA,42,6.96734770302818
1965,"New_Zealand_Hauraki_Gulf",NA,"L3",2.1,"3537_L3_2012_2.1",2012,3,2,-36.67559708,174.74851493,"Ecklonia radiata","Random",1,NA,NA,12,3.73431551162181
1996,"New_Zealand_Hauraki_Gulf",NA,"L4",2.4,"2299_L4_2008_2.4",2008,2,19,-36.69157822,174.75680337,"Ecklonia radiata","Random",1,NA,NA,5,3.57957381003823
1997,"New_Zealand_Hauraki_Gulf",NA,"L4",2.4,"2300_L4_2008_2.4",2008,2,19,-36.69157822,174.75680337,"Ecklonia radiata","Random",1,NA,NA,12,4.73115892730355
1998,"New_Zealand_Hauraki_Gulf",NA,"L4",2.4,"2301_L4_2008_2.4",2008,2,19,-36.69157822,174.75680337,"Ecklonia radiata","Random",1,NA,NA,8,5.88368692800517
1999,"New_Zealand_Hauraki_Gulf",NA,"L4",2.4,"2302_L4_2008_2.4",2008,2,19,-36.69157822,174.75680337,"Ecklonia radiata","Random",1,NA,NA,6,3.52188649885226
2000,"New_Zealand_Hauraki_Gulf",NA,"L4",2.4,"2303_L4_2008_2.4",2008,2,19,-36.69157822,174.75680337,"Ecklonia radiata","Random",1,NA,NA,8,5.11122763419217
2031,"New_Zealand_Hauraki_Gulf",NA,"L4",2.4,"2551_L4_2009_2.4",2009,2,18,-36.69157822,174.75680337,"Ecklonia radiata","Random",1,NA,NA,7,5.09414301705656
2032,"New_Zealand_Hauraki_Gulf",NA,"L4",2.4,"2552_L4_2009_2.4",2009,2,18,-36.69157822,174.75680337,"Ecklonia radiata","Random",1,NA,NA,3,1.76945495826413
2033,"New_Zealand_Hauraki_Gulf",NA,"L4",2.4,"2553_L4_2009_2.4",2009,2,18,-36.69157822,174.75680337,"Ecklonia radiata","Random",1,NA,NA,8,2.89703482028161
2034,"New_Zealand_Hauraki_Gulf",NA,"L4",2.4,"2554_L4_2009_2.4",2009,2,18,-36.69157822,174.75680337,"Ecklonia radiata","Random",1,NA,NA,5,3.12962084386209
2035,"New_Zealand_Hauraki_Gulf",NA,"L4",2.4,"2555_L4_2009_2.4",2009,2,18,-36.69157822,174.75680337,"Ecklonia radiata","Random",1,NA,NA,8,3.97210194384924
2066,"New_Zealand_Hauraki_Gulf",NA,"L4",2.4,"3127_L4_2010_2.4",2010,2,11,-36.69157822,174.75680337,"Ecklonia radiata","Random",1,NA,NA,7,4.6954881135028
2067,"New_Zealand_Hauraki_Gulf",NA,"L4",2.4,"3128_L4_2010_2.4",2010,2,11,-36.69157822,174.75680337,"Ecklonia radiata","Random",1,NA,NA,6,3.71743204328711
2068,"New_Zealand_Hauraki_Gulf",NA,"L4",2.4,"3129_L4_2010_2.4",2010,2,11,-36.69157822,174.75680337,"Ecklonia radiata","Random",1,NA,NA,17,4.33727519830073
2069,"New_Zealand_Hauraki_Gulf",NA,"L4",2.4,"3130_L4_2010_2.4",2010,2,11,-36.69157822,174.75680337,"Ecklonia radiata","Random",1,NA,NA,12,3.02855517824551
2070,"New_Zealand_Hauraki_Gulf",NA,"L4",2.4,"3132_L4_2010_2.4",2010,2,11,-36.69157822,174.75680337,"Ecklonia radiata","Random",1,NA,NA,7,4.32587931438927
2101,"New_Zealand_Hauraki_Gulf",NA,"L4",2.4,"3288_L4_2011_2.4",2011,1,27,-36.69157822,174.75680337,"Ecklonia radiata","Random",1,NA,NA,21,9.12350352729862
2102,"New_Zealand_Hauraki_Gulf",NA,"L4",2.4,"3290_L4_2011_2.4",2011,1,27,-36.69157822,174.75680337,"Ecklonia radiata","Random",1,NA,NA,16,8.90756712127735
2103,"New_Zealand_Hauraki_Gulf",NA,"L4",2.4,"3291_L4_2011_2.4",2011,1,27,-36.69157822,174.75680337,"Ecklonia radiata","Random",1,NA,NA,13,2.79916927621711
2104,"New_Zealand_Hauraki_Gulf",NA,"L4",2.4,"3292_L4_2011_2.4",2011,1,27,-36.69157822,174.75680337,"Ecklonia radiata","Random",1,NA,NA,21,7.47137874880584
2105,"New_Zealand_Hauraki_Gulf",NA,"L4",2.4,"3293_L4_2011_2.4",2011,1,27,-36.69157822,174.75680337,"Ecklonia radiata","Random",1,NA,NA,15,5.62039280291681
2136,"New_Zealand_Hauraki_Gulf",NA,"L4",2.4,"3540_L4_2012_2.4",2012,3,15,-36.69157822,174.75680337,"Ecklonia radiata","Random",1,NA,NA,11,5.64619781012932
2137,"New_Zealand_Hauraki_Gulf",NA,"L4",2.4,"3541_L4_2012_2.4",2012,3,15,-36.69157822,174.75680337,"Ecklonia radiata","Random",1,NA,NA,12,5.99686833105074
2138,"New_Zealand_Hauraki_Gulf",NA,"L4",2.4,"3542_L4_2012_2.4",2012,3,15,-36.69157822,174.75680337,"Ecklonia radiata","Random",1,NA,NA,16,6.02067738033394
2139,"New_Zealand_Hauraki_Gulf",NA,"L4",2.4,"3544_L4_2012_2.4",2012,3,15,-36.69157822,174.75680337,"Ecklonia radiata","Random",1,NA,NA,5,1.68766155940611
2140,"New_Zealand_Hauraki_Gulf",NA,"L4",2.4,"3545_L4_2012_2.4",2012,3,15,-36.69157822,174.75680337,"Ecklonia radiata","Random",1,NA,NA,18,2.37495197478561
2346,"New_Zealand_Hauraki_Gulf",NA,"M1",2,"1487_M1_2005_2",2005,4,19,-36.64449999,174.74666701,"Ecklonia radiata","Random",1,NA,NA,0,0
2347,"New_Zealand_Hauraki_Gulf",NA,"M1",2,"1488_M1_2005_2",2005,4,19,-36.64449999,174.74666701,"Ecklonia radiata","Random",1,NA,NA,5,1.56609357088728
2348,"New_Zealand_Hauraki_Gulf",NA,"M1",2,"1489_M1_2005_2",2005,4,19,-36.64449999,174.74666701,"Ecklonia radiata","Random",1,NA,NA,0,0
2349,"New_Zealand_Hauraki_Gulf",NA,"M1",2,"1490_M1_2005_2",2005,4,19,-36.64449999,174.74666701,"Ecklonia radiata","Random",1,NA,NA,0,0
2350,"New_Zealand_Hauraki_Gulf",NA,"M1",2,"1491_M1_2005_2",2005,4,19,-36.64449999,174.74666701,"Ecklonia radiata","Random",1,NA,NA,0,0
2381,"New_Zealand_Hauraki_Gulf",NA,"M1",2,"1739_M1_2006_2",2006,3,6,-36.64449999,174.74666701,"Ecklonia radiata","Random",1,NA,NA,1,0.343065561321149
2382,"New_Zealand_Hauraki_Gulf",NA,"M1",2,"1740_M1_2006_2",2006,3,6,-36.64449999,174.74666701,"Ecklonia radiata","Random",1,NA,NA,0,0
2383,"New_Zealand_Hauraki_Gulf",NA,"M1",2,"1741_M1_2006_2",2006,3,6,-36.64449999,174.74666701,"Ecklonia radiata","Random",1,NA,NA,0,0
2384,"New_Zealand_Hauraki_Gulf",NA,"M1",2,"1742_M1_2006_2",2006,3,6,-36.64449999,174.74666701,"Ecklonia radiata","Random",1,NA,NA,1,0.272830473868332
2385,"New_Zealand_Hauraki_Gulf",NA,"M1",2,"1743_M1_2006_2",2006,3,6,-36.64449999,174.74666701,"Ecklonia radiata","Random",1,NA,NA,1,0.206065133668697
2416,"New_Zealand_Hauraki_Gulf",NA,"M1",2,"1991_M1_2007_2",2007,2,22,-36.64449999,174.74666701,"Ecklonia radiata","Random",1,NA,NA,0,0
2417,"New_Zealand_Hauraki_Gulf",NA,"M1",2,"1992_M1_2007_2",2007,2,22,-36.64449999,174.74666701,"Ecklonia radiata","Random",1,NA,NA,0,0
2418,"New_Zealand_Hauraki_Gulf",NA,"M1",2,"1993_M1_2007_2",2007,2,22,-36.64449999,174.74666701,"Ecklonia radiata","Random",1,NA,NA,2,1.01660289098709
2419,"New_Zealand_Hauraki_Gulf",NA,"M1",2,"1994_M1_2007_2",2007,2,22,-36.64449999,174.74666701,"Ecklonia radiata","Random",1,NA,NA,0,0
2420,"New_Zealand_Hauraki_Gulf",NA,"M1",2,"1995_M1_2007_2",2007,2,22,-36.64449999,174.74666701,"Ecklonia radiata","Random",1,NA,NA,0,0
2451,"New_Zealand_Hauraki_Gulf",NA,"M1",2,"2243_M1_2008_2",2008,2,19,-36.64449999,174.74666701,"Ecklonia radiata","Random",1,NA,NA,1,0.146092289921809
2452,"New_Zealand_Hauraki_Gulf",NA,"M1",2,"2244_M1_2008_2",2008,2,19,-36.64449999,174.74666701,"Ecklonia radiata","Random",1,NA,NA,1,0.413526375012109
2453,"New_Zealand_Hauraki_Gulf",NA,"M1",2,"2245_M1_2008_2",2008,2,19,-36.64449999,174.74666701,"Ecklonia radiata","Random",1,NA,NA,0,0
2454,"New_Zealand_Hauraki_Gulf",NA,"M1",2,"2246_M1_2008_2",2008,2,19,-36.64449999,174.74666701,"Ecklonia radiata","Random",1,NA,NA,0,0
2455,"New_Zealand_Hauraki_Gulf",NA,"M1",2,"2247_M1_2008_2",2008,2,19,-36.64449999,174.74666701,"Ecklonia radiata","Random",1,NA,NA,0,0
2486,"New_Zealand_Hauraki_Gulf",NA,"M1",2,"2495_M1_2009_2",2009,2,3,-36.64449999,174.74666701,"Ecklonia radiata","Random",1,NA,NA,1,0.05661764711333
2487,"New_Zealand_Hauraki_Gulf",NA,"M1",2,"2496_M1_2009_2",2009,2,3,-36.64449999,174.74666701,"Ecklonia radiata","Random",1,NA,NA,3,0.686356848880442
2488,"New_Zealand_Hauraki_Gulf",NA,"M1",2,"2497_M1_2009_2",2009,2,24,-36.64449999,174.74666701,"Ecklonia radiata","Random",1,NA,NA,1,0.481508527456153
2489,"New_Zealand_Hauraki_Gulf",NA,"M1",2,"2498_M1_2009_2",2009,2,24,-36.64449999,174.74666701,"Ecklonia radiata","Random",1,NA,NA,1,0.000404348371003
2490,"New_Zealand_Hauraki_Gulf",NA,"M1",2,"2499_M1_2009_2",2009,2,3,-36.64449999,174.74666701,"Ecklonia radiata","Random",1,NA,NA,0,0
2521,"New_Zealand_Hauraki_Gulf",NA,"M1",2,"3057_M1_2010_2",2010,2,9,-36.64449999,174.74666701,"Ecklonia radiata","Random",1,NA,NA,5,1.38279664603651
2522,"New_Zealand_Hauraki_Gulf",NA,"M1",2,"3058_M1_2010_2",2010,2,9,-36.64449999,174.74666701,"Ecklonia radiata","Random",1,NA,NA,1,0.343065561321149
2523,"New_Zealand_Hauraki_Gulf",NA,"M1",2,"3059_M1_2010_2",2010,2,9,-36.64449999,174.74666701,"Ecklonia radiata","Random",1,NA,NA,3,1.07136284950456
2524,"New_Zealand_Hauraki_Gulf",NA,"M1",2,"3061_M1_2010_2",2010,2,9,-36.64449999,174.74666701,"Ecklonia radiata","Random",1,NA,NA,2,0.686356848880442
2525,"New_Zealand_Hauraki_Gulf",NA,"M1",2,"3063_M1_2010_2",2010,2,9,-36.64449999,174.74666701,"Ecklonia radiata","Random",1,NA,NA,0,0
2556,"New_Zealand_Hauraki_Gulf",NA,"M1",2,"3344_M1_2011_2",2011,1,26,-36.64449999,174.74666701,"Ecklonia radiata","Random",1,NA,NA,2,1.08458504343113
2557,"New_Zealand_Hauraki_Gulf",NA,"M1",2,"3345_M1_2011_2",2011,1,26,-36.64449999,174.74666701,"Ecklonia radiata","Random",1,NA,NA,7,2.91236216848475
2558,"New_Zealand_Hauraki_Gulf",NA,"M1",2,"3347_M1_2011_2",2011,1,26,-36.64449999,174.74666701,"Ecklonia radiata","Random",1,NA,NA,1,0.481508527456153
2559,"New_Zealand_Hauraki_Gulf",NA,"M1",2,"3348_M1_2011_2",2011,1,26,-36.64449999,174.74666701,"Ecklonia radiata","Random",1,NA,NA,0,0
2560,"New_Zealand_Hauraki_Gulf",NA,"M1",2,"3349_M1_2011_2",2011,1,26,-36.64449999,174.74666701,"Ecklonia radiata","Random",1,NA,NA,1,0.481508527456153
2591,"New_Zealand_Hauraki_Gulf",NA,"M1",2,"3484_M1_2012_2",2012,2,27,-36.64449999,174.74666701,"Ecklonia radiata","Random",1,NA,NA,7,2.35038477200447
2592,"New_Zealand_Hauraki_Gulf",NA,"M1",2,"3485_M1_2012_2",2012,2,27,-36.64449999,174.74666701,"Ecklonia radiata","Random",1,NA,NA,1,0.413526375012109
2593,"New_Zealand_Hauraki_Gulf",NA,"M1",2,"3486_M1_2012_2",2012,2,27,-36.64449999,174.74666701,"Ecklonia radiata","Random",1,NA,NA,4,1.97272659136311
2594,"New_Zealand_Hauraki_Gulf",NA,"M1",2,"3487_M1_2012_2",2012,2,27,-36.64449999,174.74666701,"Ecklonia radiata","Random",1,NA,NA,1,0.343065561321149
2595,"New_Zealand_Hauraki_Gulf",NA,"M1",2,"3488_M1_2012_2",2012,2,27,-36.64449999,174.74666701,"Ecklonia radiata","Random",1,NA,NA,2,0.549130694989846
3116,"New_Zealand_Hauraki_Gulf",NA,"M4",2.1,"1508_M4_2005_2.1",2005,4,19,-36.63025416,174.77224872,"Ecklonia radiata","Random",1,NA,NA,4,2.44051362668315
3117,"New_Zealand_Hauraki_Gulf",NA,"M4",2.1,"1509_M4_2005_2.1",2005,4,19,-36.63025416,174.77224872,"Ecklonia radiata","Random",1,NA,NA,5,2.32599877639696
3118,"New_Zealand_Hauraki_Gulf",NA,"M4",2.1,"1510_M4_2005_2.1",2005,4,19,-36.63025416,174.77224872,"Ecklonia radiata","Random",1,NA,NA,3,2.13622400846855
3119,"New_Zealand_Hauraki_Gulf",NA,"M4",2.1,"1511_M4_2005_2.1",2005,4,19,-36.63025416,174.77224872,"Ecklonia radiata","Random",1,NA,NA,0,0
3120,"New_Zealand_Hauraki_Gulf",NA,"M4",2.1,"1512_M4_2005_2.1",2005,4,19,-36.63025416,174.77224872,"Ecklonia radiata","Random",1,NA,NA,2,0.20270993703514
3151,"New_Zealand_Hauraki_Gulf",NA,"M4",2.1,"1760_M4_2006_2.1",2006,3,6,-36.63025416,174.77224872,"Ecklonia radiata","Random",1,NA,NA,5,1.87888429988149
3152,"New_Zealand_Hauraki_Gulf",NA,"M4",2.1,"1761_M4_2006_2.1",2006,3,6,-36.63025416,174.77224872,"Ecklonia radiata","Random",1,NA,NA,1,0.545075986610838
3153,"New_Zealand_Hauraki_Gulf",NA,"M4",2.1,"1762_M4_2006_2.1",2006,3,6,-36.63025416,174.77224872,"Ecklonia radiata","Random",1,NA,NA,2,0.686131122642297
3154,"New_Zealand_Hauraki_Gulf",NA,"M4",2.1,"1763_M4_2006_2.1",2006,3,6,-36.63025416,174.77224872,"Ecklonia radiata","Random",1,NA,NA,0,0
3155,"New_Zealand_Hauraki_Gulf",NA,"M4",2.1,"1764_M4_2006_2.1",2006,3,6,-36.63025416,174.77224872,"Ecklonia radiata","Random",1,NA,NA,4,1.69322848919665
3186,"New_Zealand_Hauraki_Gulf",NA,"M4",2.1,"2012_M4_2007_2.1",2007,2,22,-36.63025416,174.77224872,"Ecklonia radiata","Random",1,NA,NA,6,1.53320581864122
3187,"New_Zealand_Hauraki_Gulf",NA,"M4",2.1,"2013_M4_2007_2.1",2007,2,22,-36.63025416,174.77224872,"Ecklonia radiata","Random",1,NA,NA,3,0.68757366112485
3188,"New_Zealand_Hauraki_Gulf",NA,"M4",2.1,"2014_M4_2007_2.1",2007,2,22,-36.63025416,174.77224872,"Ecklonia radiata","Random",1,NA,NA,0,0
3189,"New_Zealand_Hauraki_Gulf",NA,"M4",2.1,"2015_M4_2007_2.1",2007,2,22,-36.63025416,174.77224872,"Ecklonia radiata","Random",1,NA,NA,7,1.64687553449325
3190,"New_Zealand_Hauraki_Gulf",NA,"M4",2.1,"2016_M4_2007_2.1",2007,2,22,-36.63025416,174.77224872,"Ecklonia radiata","Random",1,NA,NA,0,0
3221,"New_Zealand_Hauraki_Gulf",NA,"M4",2.1,"2264_M4_2008_2.1",2008,3,6,-36.63025416,174.77224872,"Ecklonia radiata","Random",1,NA,NA,2,0.895034902468262
3222,"New_Zealand_Hauraki_Gulf",NA,"M4",2.1,"2265_M4_2008_2.1",2008,3,6,-36.63025416,174.77224872,"Ecklonia radiata","Random",1,NA,NA,4,1.08498939180213
3223,"New_Zealand_Hauraki_Gulf",NA,"M4",2.1,"2266_M4_2008_2.1",2008,3,6,-36.63025416,174.77224872,"Ecklonia radiata","Random",1,NA,NA,4,0.446114223775168
3224,"New_Zealand_Hauraki_Gulf",NA,"M4",2.1,"2267_M4_2008_2.1",2008,3,6,-36.63025416,174.77224872,"Ecklonia radiata","Random",1,NA,NA,0,0
3225,"New_Zealand_Hauraki_Gulf",NA,"M4",2.1,"2268_M4_2008_2.1",2008,3,6,-36.63025416,174.77224872,"Ecklonia radiata","Random",1,NA,NA,4,1.34155635039301
3256,"New_Zealand_Hauraki_Gulf",NA,"M4",2.1,"2516_M4_2009_2.1",2009,2,3,-36.63025416,174.77224872,"Ecklonia radiata","Random",1,NA,NA,0,0
3257,"New_Zealand_Hauraki_Gulf",NA,"M4",2.1,"2517_M4_2009_2.1",2009,2,3,-36.63025416,174.77224872,"Ecklonia radiata","Random",1,NA,NA,4,3.46837112125628
3258,"New_Zealand_Hauraki_Gulf",NA,"M4",2.1,"2518_M4_2009_2.1",2009,2,3,-36.63025416,174.77224872,"Ecklonia radiata","Random",1,NA,NA,2,1.01660289098709
3259,"New_Zealand_Hauraki_Gulf",NA,"M4",2.1,"2519_M4_2009_2.1",2009,2,3,-36.63025416,174.77224872,"Ecklonia radiata","Random",1,NA,NA,3,1.08458504343113
3260,"New_Zealand_Hauraki_Gulf",NA,"M4",2.1,"2520_M4_2009_2.1",2009,2,3,-36.63025416,174.77224872,"Ecklonia radiata","Random",1,NA,NA,8,3.09415162381205
3291,"New_Zealand_Hauraki_Gulf",NA,"M4",2.1,"3026_M4_2010_2.1",2010,2,9,-36.63025416,174.77224872,"Ecklonia radiata","Random",1,NA,NA,0,0
3292,"New_Zealand_Hauraki_Gulf",NA,"M4",2.1,"3027_M4_2010_2.1",2010,2,9,-36.63025416,174.77224872,"Ecklonia radiata","Random",1,NA,NA,3,1.5492185932711
3293,"New_Zealand_Hauraki_Gulf",NA,"M4",2.1,"3029_M4_2010_2.1",2010,2,9,-36.63025416,174.77224872,"Ecklonia radiata","Random",1,NA,NA,0,0
3294,"New_Zealand_Hauraki_Gulf",NA,"M4",2.1,"3047_M4_2010_2.1",2010,2,9,-36.63025416,174.77224872,"Ecklonia radiata","Random",1,NA,NA,1,0.481508527456153
3295,"New_Zealand_Hauraki_Gulf",NA,"M4",2.1,"3048_M4_2010_2.1",2010,2,9,-36.63025416,174.77224872,"Ecklonia radiata","Random",1,NA,NA,5,1.78549274730344
3326,"New_Zealand_Hauraki_Gulf",NA,"M4",2.1,"3323_M4_2011_2.1",2011,1,26,-36.63025416,174.77224872,"Ecklonia radiata","Random",1,NA,NA,2,1.06469209387123
3327,"New_Zealand_Hauraki_Gulf",NA,"M4",2.1,"3324_M4_2011_2.1",2011,1,26,-36.63025416,174.77224872,"Ecklonia radiata","Random",1,NA,NA,2,1.24598369048315
3328,"New_Zealand_Hauraki_Gulf",NA,"M4",2.1,"3325_M4_2011_2.1",2011,1,26,-36.63025416,174.77224872,"Ecklonia radiata","Random",1,NA,NA,3,1.80317338196552
3329,"New_Zealand_Hauraki_Gulf",NA,"M4",2.1,"3327_M4_2011_2.1",2011,1,26,-36.63025416,174.77224872,"Ecklonia radiata","Random",1,NA,NA,3,1.84906020645812
3330,"New_Zealand_Hauraki_Gulf",NA,"M4",2.1,"3328_M4_2011_2.1",2011,1,26,-36.63025416,174.77224872,"Ecklonia radiata","Random",1,NA,NA,4,0.450893478413099
3361,"New_Zealand_Hauraki_Gulf",NA,"M4",2.1,"3505_M4_2012_2.1",2012,2,16,-36.63025416,174.77224872,"Ecklonia radiata","Random",1,NA,NA,3,0.922651845866648
3362,"New_Zealand_Hauraki_Gulf",NA,"M4",2.1,"3506_M4_2012_2.1",2012,2,16,-36.63025416,174.77224872,"Ecklonia radiata","Random",1,NA,NA,2,0.674934644218494
3363,"New_Zealand_Hauraki_Gulf",NA,"M4",2.1,"3507_M4_2012_2.1",2012,2,16,-36.63025416,174.77224872,"Ecklonia radiata","Random",1,NA,NA,2,0.691168276532647
3364,"New_Zealand_Hauraki_Gulf",NA,"M4",2.1,"3508_M4_2012_2.1",2012,2,16,-36.63025416,174.77224872,"Ecklonia radiata","Random",1,NA,NA,0,0
3365,"New_Zealand_Hauraki_Gulf",NA,"M4",2.1,"3509_M4_2012_2.1",2012,2,16,-36.63025416,174.77224872,"Ecklonia radiata","Random",1,NA,NA,3,1.30608261623345
6231,"New_Zealand_Hauraki_Gulf",NA,"S1",2.4,"1704_S1_2006_2.4",2006,2,27,-36.61792913,174.74627013,"Ecklonia radiata","Random",1,NA,NA,14,3.8525127222566
6232,"New_Zealand_Hauraki_Gulf",NA,"S1",2.4,"1705_S1_2006_2.4",2006,2,27,-36.61792913,174.74627013,"Ecklonia radiata","Random",1,NA,NA,15,5.06055742376427
6233,"New_Zealand_Hauraki_Gulf",NA,"S1",2.4,"1706_S1_2006_2.4",2006,2,27,-36.61792913,174.74627013,"Ecklonia radiata","Random",1,NA,NA,0,0
6234,"New_Zealand_Hauraki_Gulf",NA,"S1",2.4,"1707_S1_2006_2.4",2006,2,27,-36.61792913,174.74627013,"Ecklonia radiata","Random",1,NA,NA,1,0.481508527456153
6235,"New_Zealand_Hauraki_Gulf",NA,"S1",2.4,"1708_S1_2006_2.4",2006,2,27,-36.61792913,174.74627013,"Ecklonia radiata","Random",1,NA,NA,1,0.413526375012109
6266,"New_Zealand_Hauraki_Gulf",NA,"S1",2.4,"1956_S1_2007_2.4",2007,2,23,-36.61792913,174.74627013,"Ecklonia radiata","Random",1,NA,NA,9,2.20163512167
6267,"New_Zealand_Hauraki_Gulf",NA,"S1",2.4,"1957_S1_2007_2.4",2007,2,23,-36.61792913,174.74627013,"Ecklonia radiata","Random",1,NA,NA,13,8.56568972991813
6268,"New_Zealand_Hauraki_Gulf",NA,"S1",2.4,"1958_S1_2007_2.4",2007,2,23,-36.61792913,174.74627013,"Ecklonia radiata","Random",1,NA,NA,0,0
6269,"New_Zealand_Hauraki_Gulf",NA,"S1",2.4,"1959_S1_2007_2.4",2007,2,23,-36.61792913,174.74627013,"Ecklonia radiata","Random",1,NA,NA,0,0
6270,"New_Zealand_Hauraki_Gulf",NA,"S1",2.4,"1960_S1_2007_2.4",2007,2,23,-36.61792913,174.74627013,"Ecklonia radiata","Random",1,NA,NA,1,0.343065561321149
6301,"New_Zealand_Hauraki_Gulf",NA,"S1",2.4,"2208_S1_2008_2.4",2008,2,12,-36.61792913,174.74627013,"Ecklonia radiata","Random",1,NA,NA,9,5.86555169354927
6302,"New_Zealand_Hauraki_Gulf",NA,"S1",2.4,"2209_S1_2008_2.4",2008,2,12,-36.61792913,174.74627013,"Ecklonia radiata","Random",1,NA,NA,2,1.13652940683586
6303,"New_Zealand_Hauraki_Gulf",NA,"S1",2.4,"2210_S1_2008_2.4",2008,2,12,-36.61792913,174.74627013,"Ecklonia radiata","Random",1,NA,NA,1,0.65502087937971
6304,"New_Zealand_Hauraki_Gulf",NA,"S1",2.4,"2211_S1_2008_2.4",2008,2,12,-36.61792913,174.74627013,"Ecklonia radiata","Random",1,NA,NA,15,9.92585877496844
6305,"New_Zealand_Hauraki_Gulf",NA,"S1",2.4,"2212_S1_2008_2.4",2008,2,12,-36.61792913,174.74627013,"Ecklonia radiata","Random",1,NA,NA,8,4.94057231963544
6336,"New_Zealand_Hauraki_Gulf",NA,"S1",2.4,"2460_S1_2009_2.4",2009,2,26,-36.61792913,174.74627013,"Ecklonia radiata","Random",1,NA,NA,0,0
6337,"New_Zealand_Hauraki_Gulf",NA,"S1",2.4,"2461_S1_2009_2.4",2009,2,26,-36.61792913,174.74627013,"Ecklonia radiata","Random",1,NA,NA,2,1.20009686599055
6338,"New_Zealand_Hauraki_Gulf",NA,"S1",2.4,"2462_S1_2009_2.4",2009,2,26,-36.61792913,174.74627013,"Ecklonia radiata","Random",1,NA,NA,0,0
6339,"New_Zealand_Hauraki_Gulf",NA,"S1",2.4,"2463_S1_2009_2.4",2009,2,26,-36.61792913,174.74627013,"Ecklonia radiata","Random",1,NA,NA,2,0.481912875827156
6340,"New_Zealand_Hauraki_Gulf",NA,"S1",2.4,"2464_S1_2009_2.4",2009,2,26,-36.61792913,174.74627013,"Ecklonia radiata","Random",1,NA,NA,2,0.730025532033267
6371,"New_Zealand_Hauraki_Gulf",NA,"S1",2.4,"3176_S1_2010_2.4",2010,2,25,-36.61792913,174.74627013,"Ecklonia radiata","Random",1,NA,NA,5,2.68300373037125
6372,"New_Zealand_Hauraki_Gulf",NA,"S1",2.4,"3177_S1_2010_2.4",2010,2,25,-36.61792913,174.74627013,"Ecklonia radiata","Random",1,NA,NA,0,0
6373,"New_Zealand_Hauraki_Gulf",NA,"S1",2.4,"3178_S1_2010_2.4",2010,2,25,-36.61792913,174.74627013,"Ecklonia radiata","Random",1,NA,NA,5,4.01806190979826
6374,"New_Zealand_Hauraki_Gulf",NA,"S1",2.4,"3179_S1_2010_2.4",2010,2,25,-36.61792913,174.74627013,"Ecklonia radiata","Random",1,NA,NA,2,1.22256010803982
6375,"New_Zealand_Hauraki_Gulf",NA,"S1",2.4,"3180_S1_2010_2.4",2010,2,25,-36.61792913,174.74627013,"Ecklonia radiata","Random",1,NA,NA,10,7.4600353605748
6406,"New_Zealand_Hauraki_Gulf",NA,"S1",2.4,"3379_S1_2011_2.4",2011,2,10,-36.61792913,174.74627013,"Ecklonia radiata","Random",1,NA,NA,5,2.36062161006224
6407,"New_Zealand_Hauraki_Gulf",NA,"S1",2.4,"3380_S1_2011_2.4",2011,2,10,-36.61792913,174.74627013,"Ecklonia radiata","Random",1,NA,NA,6,3.24965527632682
6408,"New_Zealand_Hauraki_Gulf",NA,"S1",2.4,"3381_S1_2011_2.4",2011,2,10,-36.61792913,174.74627013,"Ecklonia radiata","Random",1,NA,NA,11,6.28855980682683
6409,"New_Zealand_Hauraki_Gulf",NA,"S1",2.4,"3383_S1_2011_2.4",2011,2,10,-36.61792913,174.74627013,"Ecklonia radiata","Random",1,NA,NA,2,1.31004175875942
6410,"New_Zealand_Hauraki_Gulf",NA,"S1",2.4,"3384_S1_2011_2.4",2011,2,10,-36.61792913,174.74627013,"Ecklonia radiata","Random",1,NA,NA,6,3.45022316313396
6441,"New_Zealand_Hauraki_Gulf",NA,"S2",2.5,"1963_S2_2007_2.5",2007,2,23,-36.618735,174.74968817,"Ecklonia radiata","Random",1,NA,NA,1,0.65502087937971
6442,"New_Zealand_Hauraki_Gulf",NA,"S2",2.5,"1964_S2_2007_2.5",2007,2,23,-36.618735,174.74968817,"Ecklonia radiata","Random",1,NA,NA,0,0
6443,"New_Zealand_Hauraki_Gulf",NA,"S2",2.5,"1965_S2_2007_2.5",2007,2,23,-36.618735,174.74968817,"Ecklonia radiata","Random",1,NA,NA,2,1.09015197322168
6444,"New_Zealand_Hauraki_Gulf",NA,"S2",2.5,"1966_S2_2007_2.5",2007,2,23,-36.618735,174.74968817,"Ecklonia radiata","Random",1,NA,NA,1,0.65502087937971
6445,"New_Zealand_Hauraki_Gulf",NA,"S2",2.5,"1967_S2_2007_2.5",2007,2,23,-36.618735,174.74968817,"Ecklonia radiata","Random",1,NA,NA,2,1.06854725439182
6476,"New_Zealand_Hauraki_Gulf",NA,"S2",2.5,"2215_S2_2008_2.5",2008,2,12,-36.618735,174.74968817,"Ecklonia radiata","Random",1,NA,NA,2,0.824574088777301
6477,"New_Zealand_Hauraki_Gulf",NA,"S2",2.5,"2216_S2_2008_2.5",2008,2,12,-36.618735,174.74968817,"Ecklonia radiata","Random",1,NA,NA,1,0.65502087937971
6478,"New_Zealand_Hauraki_Gulf",NA,"S2",2.5,"2217_S2_2008_2.5",2008,2,12,-36.618735,174.74968817,"Ecklonia radiata","Random",1,NA,NA,0,0
6479,"New_Zealand_Hauraki_Gulf",NA,"S2",2.5,"2218_S2_2008_2.5",2008,2,12,-36.618735,174.74968817,"Ecklonia radiata","Random",1,NA,NA,0,0
6480,"New_Zealand_Hauraki_Gulf",NA,"S2",2.5,"2219_S2_2008_2.5",2008,2,12,-36.618735,174.74968817,"Ecklonia radiata","Random",1,NA,NA,1,0.343065561321149
6511,"New_Zealand_Hauraki_Gulf",NA,"S2",2.5,"2467_S2_2009_2.5",2009,2,26,-36.618735,174.74968817,"Ecklonia radiata","Random",1,NA,NA,0,0
6512,"New_Zealand_Hauraki_Gulf",NA,"S2",2.5,"2468_S2_2009_2.5",2009,2,26,-36.618735,174.74968817,"Ecklonia radiata","Random",1,NA,NA,3,1.75122901856079
6513,"New_Zealand_Hauraki_Gulf",NA,"S2",2.5,"2469_S2_2009_2.5",2009,2,26,-36.618735,174.74968817,"Ecklonia radiata","Random",1,NA,NA,0,0
6514,"New_Zealand_Hauraki_Gulf",NA,"S2",2.5,"2470_S2_2009_2.5",2009,2,26,-36.618735,174.74968817,"Ecklonia radiata","Random",1,NA,NA,2,0.24180013940305
6515,"New_Zealand_Hauraki_Gulf",NA,"S2",2.5,"2471_S2_2009_2.5",2009,2,26,-36.618735,174.74968817,"Ecklonia radiata","Random",1,NA,NA,4,1.23161145762414
6546,"New_Zealand_Hauraki_Gulf",NA,"S2",2.5,"3183_S2_2010_2.5",2010,2,25,-36.618735,174.74968817,"Ecklonia radiata","Random",1,NA,NA,1,0.77594299454899
6547,"New_Zealand_Hauraki_Gulf",NA,"S2",2.5,"3186_S2_2010_2.5",2010,2,25,-36.618735,174.74968817,"Ecklonia radiata","Random",1,NA,NA,3,1.2865693501661
6548,"New_Zealand_Hauraki_Gulf",NA,"S2",2.5,"3187_S2_2010_2.5",2010,2,25,-36.618735,174.74968817,"Ecklonia radiata","Random",1,NA,NA,8,2.23314189438795
6549,"New_Zealand_Hauraki_Gulf",NA,"S2",2.5,"3188_S2_2010_2.5",2010,2,25,-36.618735,174.74968817,"Ecklonia radiata","Random",1,NA,NA,4,0.551029059822019
6550,"New_Zealand_Hauraki_Gulf",NA,"S2",2.5,"3189_S2_2010_2.5",2010,2,25,-36.618735,174.74968817,"Ecklonia radiata","Random",1,NA,NA,1,0.044259159600725
6581,"New_Zealand_Hauraki_Gulf",NA,"S2",2.5,"3372_S2_2011_2.5",2011,2,10,-36.618735,174.74968817,"Ecklonia radiata","Random",1,NA,NA,4,1.49525033004673
6582,"New_Zealand_Hauraki_Gulf",NA,"S2",2.5,"3373_S2_2011_2.5",2011,2,10,-36.618735,174.74968817,"Ecklonia radiata","Random",1,NA,NA,8,1.60572100293242
6583,"New_Zealand_Hauraki_Gulf",NA,"S2",2.5,"3374_S2_2011_2.5",2011,2,10,-36.618735,174.74968817,"Ecklonia radiata","Random",1,NA,NA,3,1.88571911333366
6584,"New_Zealand_Hauraki_Gulf",NA,"S2",2.5,"3376_S2_2011_2.5",2011,2,10,-36.618735,174.74968817,"Ecklonia radiata","Random",1,NA,NA,3,2.0048919237196
6585,"New_Zealand_Hauraki_Gulf",NA,"S2",2.5,"3377_S2_2011_2.5",2011,2,10,-36.618735,174.74968817,"Ecklonia radiata","Random",1,NA,NA,3,1.69728319757566
6616,"New_Zealand_Hauraki_Gulf",NA,"S3",2.5,"1970_S3_2007_2.5",2007,2,23,-36.60728601,174.76709406,"Ecklonia radiata","Random",1,NA,NA,6,4.29747579227255
6617,"New_Zealand_Hauraki_Gulf",NA,"S3",2.5,"1971_S3_2007_2.5",2007,2,23,-36.60728601,174.76709406,"Ecklonia radiata","Random",1,NA,NA,6,3.28644953339679
6618,"New_Zealand_Hauraki_Gulf",NA,"S3",2.5,"1972_S3_2007_2.5",2007,2,23,-36.60728601,174.76709406,"Ecklonia radiata","Random",1,NA,NA,8,6.64130587408232
6619,"New_Zealand_Hauraki_Gulf",NA,"S3",2.5,"1973_S3_2007_2.5",2007,2,23,-36.60728601,174.76709406,"Ecklonia radiata","Random",1,NA,NA,7,3.63010946820239
6620,"New_Zealand_Hauraki_Gulf",NA,"S3",2.5,"1974_S3_2007_2.5",2007,2,23,-36.60728601,174.76709406,"Ecklonia radiata","Random",1,NA,NA,19,12.1851575390996
6651,"New_Zealand_Hauraki_Gulf",NA,"S3",2.5,"2222_S3_2008_2.5",2008,2,12,-36.60728601,174.76709406,"Ecklonia radiata","Random",1,NA,NA,12,8.57974927405611
6652,"New_Zealand_Hauraki_Gulf",NA,"S3",2.5,"2223_S3_2008_2.5",2008,2,12,-36.60728601,174.76709406,"Ecklonia radiata","Random",1,NA,NA,9,6.82874448302261
6653,"New_Zealand_Hauraki_Gulf",NA,"S3",2.5,"2224_S3_2008_2.5",2008,2,12,-36.60728601,174.76709406,"Ecklonia radiata","Random",1,NA,NA,8,3.23893061937427
6654,"New_Zealand_Hauraki_Gulf",NA,"S3",2.5,"2225_S3_2008_2.5",2008,2,12,-36.60728601,174.76709406,"Ecklonia radiata","Random",1,NA,NA,2,1.70646112425831
6655,"New_Zealand_Hauraki_Gulf",NA,"S3",2.5,"2226_S3_2008_2.5",2008,2,12,-36.60728601,174.76709406,"Ecklonia radiata","Random",1,NA,NA,4,3.4179795721699
6686,"New_Zealand_Hauraki_Gulf",NA,"S3",2.5,"2474_S3_2009_2.5",2009,2,26,-36.60728601,174.76709406,"Ecklonia radiata","Random",1,NA,NA,31,14.5959988500647
6687,"New_Zealand_Hauraki_Gulf",NA,"S3",2.5,"2475_S3_2009_2.5",2009,2,26,-36.60728601,174.76709406,"Ecklonia radiata","Random",1,NA,NA,5,2.88440615043175
6688,"New_Zealand_Hauraki_Gulf",NA,"S3",2.5,"2476_S3_2009_2.5",2009,2,26,-36.60728601,174.76709406,"Ecklonia radiata","Random",1,NA,NA,11,3.75348201206795
6689,"New_Zealand_Hauraki_Gulf",NA,"S3",2.5,"2477_S3_2009_2.5",2009,2,26,-36.60728601,174.76709406,"Ecklonia radiata","Random",1,NA,NA,12,4.7767378524696
6690,"New_Zealand_Hauraki_Gulf",NA,"S3",2.5,"2478_S3_2009_2.5",2009,2,26,-36.60728601,174.76709406,"Ecklonia radiata","Random",1,NA,NA,17,8.83368138092586
6721,"New_Zealand_Hauraki_Gulf",NA,"S3",2.5,"3190_S3_2010_2.5",2010,2,25,-36.60728601,174.76709406,"Ecklonia radiata","Random",1,NA,NA,16,5.17489759081955
6722,"New_Zealand_Hauraki_Gulf",NA,"S3",2.5,"3193_S3_2010_2.5",2010,2,25,-36.60728601,174.76709406,"Ecklonia radiata","Random",1,NA,NA,13,8.21329766995232
6723,"New_Zealand_Hauraki_Gulf",NA,"S3",2.5,"3194_S3_2010_2.5",2010,2,25,-36.60728601,174.76709406,"Ecklonia radiata","Random",1,NA,NA,5,3.07801365509714
6724,"New_Zealand_Hauraki_Gulf",NA,"S3",2.5,"3195_S3_2010_2.5",2010,2,25,-36.60728601,174.76709406,"Ecklonia radiata","Random",1,NA,NA,4,2.64492696816715
6725,"New_Zealand_Hauraki_Gulf",NA,"S3",2.5,"3196_S3_2010_2.5",2010,2,25,-36.60728601,174.76709406,"Ecklonia radiata","Random",1,NA,NA,6,2.12638180043879
6756,"New_Zealand_Hauraki_Gulf",NA,"S3",2.5,"3365_S3_2011_2.5",2011,2,5,-36.60728601,174.76709406,"Ecklonia radiata","Random",1,NA,NA,6,3.30828281176986
6757,"New_Zealand_Hauraki_Gulf",NA,"S3",2.5,"3366_S3_2011_2.5",2011,2,5,-36.60728601,174.76709406,"Ecklonia radiata","Random",1,NA,NA,3,2.29351865788494
6758,"New_Zealand_Hauraki_Gulf",NA,"S3",2.5,"3367_S3_2011_2.5",2011,2,5,-36.60728601,174.76709406,"Ecklonia radiata","Random",1,NA,NA,9,3.41354914856155
6759,"New_Zealand_Hauraki_Gulf",NA,"S3",2.5,"3368_S3_2011_2.5",2011,2,5,-36.60728601,174.76709406,"Ecklonia radiata","Random",1,NA,NA,4,2.11557608836078
6760,"New_Zealand_Hauraki_Gulf",NA,"S3",2.5,"3369_S3_2011_2.5",2011,2,5,-36.60728601,174.76709406,"Ecklonia radiata","Random",1,NA,NA,9,3.77187948353918
6966,"New_Zealand_Hauraki_Gulf",NA,"S5",3.2,"1984_S5_2007_3.2",2007,2,23,-36.60283298,174.78116703,"Ecklonia radiata","Random",1,NA,NA,9,3.69084390908092
6967,"New_Zealand_Hauraki_Gulf",NA,"S5",3.2,"1985_S5_2007_3.2",2007,2,23,-36.60283298,174.78116703,"Ecklonia radiata","Random",1,NA,NA,10,5.62735598869007
6968,"New_Zealand_Hauraki_Gulf",NA,"S5",3.2,"1986_S5_2007_3.2",2007,2,23,-36.60283298,174.78116703,"Ecklonia radiata","Random",1,NA,NA,4,3.09212361464202
6969,"New_Zealand_Hauraki_Gulf",NA,"S5",3.2,"1987_S5_2007_3.2",2007,2,23,-36.60283298,174.78116703,"Ecklonia radiata","Random",1,NA,NA,18,9.45641521060377
6970,"New_Zealand_Hauraki_Gulf",NA,"S5",3.2,"1988_S5_2007_3.2",2007,2,23,-36.60283298,174.78116703,"Ecklonia radiata","Random",1,NA,NA,7,2.61011662553812
7001,"New_Zealand_Hauraki_Gulf",NA,"S5",3.2,"2236_S5_2008_3.2",2008,2,12,-36.60283298,174.78116703,"Ecklonia radiata","Random",1,NA,NA,9,5.22724204311616
7002,"New_Zealand_Hauraki_Gulf",NA,"S5",3.2,"2237_S5_2008_3.2",2008,2,12,-36.60283298,174.78116703,"Ecklonia radiata","Random",1,NA,NA,8,5.19699304836229
7003,"New_Zealand_Hauraki_Gulf",NA,"S5",3.2,"2238_S5_2008_3.2",2008,2,12,-36.60283298,174.78116703,"Ecklonia radiata","Random",1,NA,NA,10,5.71331715120297
7004,"New_Zealand_Hauraki_Gulf",NA,"S5",3.2,"2239_S5_2008_3.2",2008,2,12,-36.60283298,174.78116703,"Ecklonia radiata","Random",1,NA,NA,16,8.72209276917771
7005,"New_Zealand_Hauraki_Gulf",NA,"S5",3.2,"2240_S5_2008_3.2",2008,2,12,-36.60283298,174.78116703,"Ecklonia radiata","Random",1,NA,NA,11,5.92597063841975
7036,"New_Zealand_Hauraki_Gulf",NA,"S5",3.2,"2488_S5_2009_3.2",2009,2,26,-36.60283298,174.78116703,"Ecklonia radiata","Random",1,NA,NA,20,3.31585791526695
7037,"New_Zealand_Hauraki_Gulf",NA,"S5",3.2,"2489_S5_2009_3.2",2009,2,26,-36.60283298,174.78116703,"Ecklonia radiata","Random",1,NA,NA,23,3.28729810174279
7038,"New_Zealand_Hauraki_Gulf",NA,"S5",3.2,"2490_S5_2009_3.2",2009,2,26,-36.60283298,174.78116703,"Ecklonia radiata","Random",1,NA,NA,7,4.45356789340114
7039,"New_Zealand_Hauraki_Gulf",NA,"S5",3.2,"2491_S5_2009_3.2",2009,2,26,-36.60283298,174.78116703,"Ecklonia radiata","Random",1,NA,NA,15,11.2989896881491
7040,"New_Zealand_Hauraki_Gulf",NA,"S5",3.2,"2492_S5_2009_3.2",2009,2,26,-36.60283298,174.78116703,"Ecklonia radiata","Random",1,NA,NA,1,0.891046881190919
7071,"New_Zealand_Hauraki_Gulf",NA,"S5",3.2,"3204_S5_2010_3.2",2010,2,25,-36.60283298,174.78116703,"Ecklonia radiata","Random",1,NA,NA,5,2.47080366570177
7072,"New_Zealand_Hauraki_Gulf",NA,"S5",3.2,"3205_S5_2010_3.2",2010,2,25,-36.60283298,174.78116703,"Ecklonia radiata","Random",1,NA,NA,13,8.51874188636148
7073,"New_Zealand_Hauraki_Gulf",NA,"S5",3.2,"3206_S5_2010_3.2",2010,2,25,-36.60283298,174.78116703,"Ecklonia radiata","Random",1,NA,NA,14,6.14967362385747
7074,"New_Zealand_Hauraki_Gulf",NA,"S5",3.2,"3207_S5_2010_3.2",2010,2,25,-36.60283298,174.78116703,"Ecklonia radiata","Random",1,NA,NA,3,2.4382459121096
7075,"New_Zealand_Hauraki_Gulf",NA,"S5",3.2,"3208_S5_2010_3.2",2010,2,25,-36.60283298,174.78116703,"Ecklonia radiata","Random",1,NA,NA,22,13.3275820722658
7106,"New_Zealand_Hauraki_Gulf",NA,"S5",3.2,"3351_S5_2011_3.2",2011,2,10,-36.60283298,174.78116703,"Ecklonia radiata","Random",1,NA,NA,10,6.49392784557757
7107,"New_Zealand_Hauraki_Gulf",NA,"S5",3.2,"3352_S5_2011_3.2",2011,2,10,-36.60283298,174.78116703,"Ecklonia radiata","Random",1,NA,NA,6,4.10490214903404
7108,"New_Zealand_Hauraki_Gulf",NA,"S5",3.2,"3353_S5_2011_3.2",2011,2,10,-36.60283298,174.78116703,"Ecklonia radiata","Random",1,NA,NA,3,2.33105117544325
7109,"New_Zealand_Hauraki_Gulf",NA,"S5",3.2,"3355_S5_2011_3.2",2011,2,10,-36.60283298,174.78116703,"Ecklonia radiata","Random",1,NA,NA,0,0
7110,"New_Zealand_Hauraki_Gulf",NA,"S5",3.2,"3356_S5_2011_3.2",2011,2,10,-36.60283298,174.78116703,"Ecklonia radiata","Random",1,NA,NA,15,9.10979507557805
7841,"New_Zealand_Hauraki_Gulf",NA,"T3",2,"815_T3_2002_2",2002,4,5,-36.70666703,174.75299997,"Ecklonia radiata","Random",1,NA,NA,3,0.418922763790142
7842,"New_Zealand_Hauraki_Gulf",NA,"T3",2,"816_T3_2002_2",2002,4,5,-36.70666703,174.75299997,"Ecklonia radiata","Random",1,NA,NA,3,0.615896035189481
7843,"New_Zealand_Hauraki_Gulf",NA,"T3",2,"818_T3_2002_2",2002,4,5,-36.70666703,174.75299997,"Ecklonia radiata","Random",1,NA,NA,5,0.82426053467479
7844,"New_Zealand_Hauraki_Gulf",NA,"T3",2,"819_T3_2002_2",2002,4,5,-36.70666703,174.75299997,"Ecklonia radiata","Random",1,NA,NA,8,1.76661360752036
7845,"New_Zealand_Hauraki_Gulf",NA,"T3",2,"820_T3_2002_2",2002,4,5,-36.70666703,174.75299997,"Ecklonia radiata","Random",1,NA,NA,1,0.481508527456153
7876,"New_Zealand_Hauraki_Gulf",NA,"T3",2,"1025_T3_2003_2",2003,6,5,-36.70666703,174.75299997,"Ecklonia radiata","Random",1,NA,NA,4,0.015994436583816
7877,"New_Zealand_Hauraki_Gulf",NA,"T3",2,"1026_T3_2003_2",2003,6,5,-36.70666703,174.75299997,"Ecklonia radiata","Random",1,NA,NA,4,0.790930834392895
7878,"New_Zealand_Hauraki_Gulf",NA,"T3",2,"1027_T3_2003_2",2003,6,5,-36.70666703,174.75299997,"Ecklonia radiata","Random",1,NA,NA,7,1.97864685774174
7879,"New_Zealand_Hauraki_Gulf",NA,"T3",2,"1028_T3_2003_2",2003,6,5,-36.70666703,174.75299997,"Ecklonia radiata","Random",1,NA,NA,0,0
7880,"New_Zealand_Hauraki_Gulf",NA,"T3",2,"1029_T3_2003_2",2003,6,5,-36.70666703,174.75299997,"Ecklonia radiata","Random",1,NA,NA,4,1.30346969631433
7911,"New_Zealand_Hauraki_Gulf",NA,"T3",2,"1361_T3_2004_2",2004,3,16,-36.70666703,174.75299997,"Ecklonia radiata","Random",1,NA,NA,0,0
7912,"New_Zealand_Hauraki_Gulf",NA,"T3",2,"1362_T3_2004_2",2004,3,16,-36.70666703,174.75299997,"Ecklonia radiata","Random",1,NA,NA,0,0
7913,"New_Zealand_Hauraki_Gulf",NA,"T3",2,"1363_T3_2004_2",2004,3,16,-36.70666703,174.75299997,"Ecklonia radiata","Random",1,NA,NA,1,0.481508527456153
7914,"New_Zealand_Hauraki_Gulf",NA,"T3",2,"1364_T3_2004_2",2004,3,16,-36.70666703,174.75299997,"Ecklonia radiata","Random",1,NA,NA,1,0.545075986610838
7915,"New_Zealand_Hauraki_Gulf",NA,"T3",2,"1365_T3_2004_2",2004,3,16,-36.70666703,174.75299997,"Ecklonia radiata","Random",1,NA,NA,2,0.824574088777301
7946,"New_Zealand_Hauraki_Gulf",NA,"T3",2,"1571_T3_2005_2",2005,3,2,-36.70666703,174.75299997,"Ecklonia radiata","Random",1,NA,NA,5,2.74634785267427
7947,"New_Zealand_Hauraki_Gulf",NA,"T3",2,"1572_T3_2005_2",2005,3,2,-36.70666703,174.75299997,"Ecklonia radiata","Random",1,NA,NA,7,2.05285310022194
7948,"New_Zealand_Hauraki_Gulf",NA,"T3",2,"1573_T3_2005_2",2005,3,2,-36.70666703,174.75299997,"Ecklonia radiata","Random",1,NA,NA,24,0.015994436583816
7949,"New_Zealand_Hauraki_Gulf",NA,"T3",2,"1574_T3_2005_2",2005,3,2,-36.70666703,174.75299997,"Ecklonia radiata","Random",1,NA,NA,2,0.888141547931986
7950,"New_Zealand_Hauraki_Gulf",NA,"T3",2,"1575_T3_2005_2",2005,3,2,-36.70666703,174.75299997,"Ecklonia radiata","Random",1,NA,NA,5,3.20013736823348
7981,"New_Zealand_Hauraki_Gulf",NA,"T3",2,"1823_T3_2006_2",2006,2,28,-36.70666703,174.75299997,"Ecklonia radiata","Random",1,NA,NA,5,0.248437694446814
7982,"New_Zealand_Hauraki_Gulf",NA,"T3",2,"1824_T3_2006_2",2006,2,28,-36.70666703,174.75299997,"Ecklonia radiata","Random",1,NA,NA,1,0.09570784948124
7983,"New_Zealand_Hauraki_Gulf",NA,"T3",2,"1825_T3_2006_2",2006,2,28,-36.70666703,174.75299997,"Ecklonia radiata","Random",1,NA,NA,0,0
7984,"New_Zealand_Hauraki_Gulf",NA,"T3",2,"1826_T3_2006_2",2006,2,28,-36.70666703,174.75299997,"Ecklonia radiata","Random",1,NA,NA,1,0.545075986610838
7985,"New_Zealand_Hauraki_Gulf",NA,"T3",2,"1827_T3_2006_2",2006,2,28,-36.70666703,174.75299997,"Ecklonia radiata","Random",1,NA,NA,1,0.029117828160956
8016,"New_Zealand_Hauraki_Gulf",NA,"T3",2,"2075_T3_2007_2",2007,2,21,-36.70666703,174.75299997,"Ecklonia radiata","Random",1,NA,NA,2,0.292184579843618
8017,"New_Zealand_Hauraki_Gulf",NA,"T3",2,"2076_T3_2007_2",2007,2,21,-36.70666703,174.75299997,"Ecklonia radiata","Random",1,NA,NA,4,1.7525217268798
8018,"New_Zealand_Hauraki_Gulf",NA,"T3",2,"2077_T3_2007_2",2007,2,21,-36.70666703,174.75299997,"Ecklonia radiata","Random",1,NA,NA,0,0
8019,"New_Zealand_Hauraki_Gulf",NA,"T3",2,"2078_T3_2007_2",2007,2,21,-36.70666703,174.75299997,"Ecklonia radiata","Random",1,NA,NA,5,1.85115860284429
8020,"New_Zealand_Hauraki_Gulf",NA,"T3",2,"2079_T3_2007_2",2007,2,21,-36.70666703,174.75299997,"Ecklonia radiata","Random",1,NA,NA,4,1.3057226313231
8051,"New_Zealand_Hauraki_Gulf",NA,"T3",2,"2327_T3_2008_2",2008,2,11,-36.70666703,174.75299997,"Ecklonia radiata","Random",1,NA,NA,0,0
8052,"New_Zealand_Hauraki_Gulf",NA,"T3",2,"2328_T3_2008_2",2008,2,11,-36.70666703,174.75299997,"Ecklonia radiata","Random",1,NA,NA,3,1.56609357088728
8053,"New_Zealand_Hauraki_Gulf",NA,"T3",2,"2329_T3_2008_2",2008,2,11,-36.70666703,174.75299997,"Ecklonia radiata","Random",1,NA,NA,2,1.14815250258581
8054,"New_Zealand_Hauraki_Gulf",NA,"T3",2,"2330_T3_2008_2",2008,2,11,-36.70666703,174.75299997,"Ecklonia radiata","Random",1,NA,NA,1,0.481508527456153
8055,"New_Zealand_Hauraki_Gulf",NA,"T3",2,"2331_T3_2008_2",2008,2,11,-36.70666703,174.75299997,"Ecklonia radiata","Random",1,NA,NA,0,0
8086,"New_Zealand_Hauraki_Gulf",NA,"T3",2,"2579_T3_2009_2",2009,2,18,-36.70666703,174.75299997,"Ecklonia radiata","Random",1,NA,NA,0,0
8087,"New_Zealand_Hauraki_Gulf",NA,"T3",2,"2580_T3_2009_2",2009,2,18,-36.70666703,174.75299997,"Ecklonia radiata","Random",1,NA,NA,4,1.91173539248359
8088,"New_Zealand_Hauraki_Gulf",NA,"T3",2,"2581_T3_2009_2",2009,2,18,-36.70666703,174.75299997,"Ecklonia radiata","Random",1,NA,NA,0,0
8089,"New_Zealand_Hauraki_Gulf",NA,"T3",2,"2582_T3_2009_2",2009,2,18,-36.70666703,174.75299997,"Ecklonia radiata","Random",1,NA,NA,2,1.02658451406699
8090,"New_Zealand_Hauraki_Gulf",NA,"T3",2,"2583_T3_2009_2",2009,2,18,-36.70666703,174.75299997,"Ecklonia radiata","Random",1,NA,NA,2,0.012120067610711
8121,"New_Zealand_Hauraki_Gulf",NA,"T3",2,"3085_T3_2010_2",2010,2,10,-36.70666703,174.75299997,"Ecklonia radiata","Random",1,NA,NA,1,0.012120067610711
8122,"New_Zealand_Hauraki_Gulf",NA,"T3",2,"3086_T3_2010_2",2010,2,10,-36.70666703,174.75299997,"Ecklonia radiata","Random",1,NA,NA,1,0.413526375012109
8123,"New_Zealand_Hauraki_Gulf",NA,"T3",2,"3087_T3_2010_2",2010,2,10,-36.70666703,174.75299997,"Ecklonia radiata","Random",1,NA,NA,1,0.545075986610838
8124,"New_Zealand_Hauraki_Gulf",NA,"T3",2,"3088_T3_2010_2",2010,2,10,-36.70666703,174.75299997,"Ecklonia radiata","Random",1,NA,NA,13,0
8125,"New_Zealand_Hauraki_Gulf",NA,"T3",2,"3090_T3_2010_2",2010,2,10,-36.70666703,174.75299997,"Ecklonia radiata","Random",1,NA,NA,1,0.481508527456153
8156,"New_Zealand_Hauraki_Gulf",NA,"T3",2,"3260_T3_2011_2",2011,2,1,-36.70666703,174.75299997,"Ecklonia radiata","Random",1,NA,NA,1,0.272830473868332
8157,"New_Zealand_Hauraki_Gulf",NA,"T3",2,"3263_T3_2011_2",2011,2,1,-36.70666703,174.75299997,"Ecklonia radiata","Random",1,NA,NA,3,1.5431624273117
8158,"New_Zealand_Hauraki_Gulf",NA,"T3",2,"3264_T3_2011_2",2011,2,1,-36.70666703,174.75299997,"Ecklonia radiata","Random",1,NA,NA,6,2.73163482459956
8159,"New_Zealand_Hauraki_Gulf",NA,"T3",2,"3265_T3_2011_2",2011,2,1,-36.70666703,174.75299997,"Ecklonia radiata","Random",1,NA,NA,2,1.06854725439182
8160,"New_Zealand_Hauraki_Gulf",NA,"T3",2,"3266_T3_2011_2",2011,2,1,-36.70666703,174.75299997,"Ecklonia radiata","Random",1,NA,NA,2,1.11443407888442
8191,"New_Zealand_Hauraki_Gulf",NA,"T3",2,"3428_T3_2012_2",2012,2,16,-36.70666703,174.75299997,"Ecklonia radiata","Random",1,NA,NA,2,0.399491250431039
8192,"New_Zealand_Hauraki_Gulf",NA,"T3",2,"3429_T3_2012_2",2012,2,16,-36.70666703,174.75299997,"Ecklonia radiata","Random",1,NA,NA,0,0
8193,"New_Zealand_Hauraki_Gulf",NA,"T3",2,"3430_T3_2012_2",2012,2,16,-36.70666703,174.75299997,"Ecklonia radiata","Random",1,NA,NA,2,0.686131122642297
8194,"New_Zealand_Hauraki_Gulf",NA,"T3",2,"3431_T3_2012_2",2012,2,16,-36.70666703,174.75299997,"Ecklonia radiata","Random",1,NA,NA,3,1.09988322389255
8195,"New_Zealand_Hauraki_Gulf",NA,"T3",2,"3432_T3_2012_2",2012,2,16,-36.70666703,174.75299997,"Ecklonia radiata","Random",1,NA,NA,0,0
8436,"New_Zealand_Hauraki_Gulf",NA,"T5",2.3,"2341_T5_2008_2.3",2008,2,11,-36.71849775,174.75280636,"Ecklonia radiata","Random",1,NA,NA,0,0
8437,"New_Zealand_Hauraki_Gulf",NA,"T5",2.3,"2342_T5_2008_2.3",2008,2,11,-36.71849775,174.75280636,"Ecklonia radiata","Random",1,NA,NA,6,2.86109386553325
8438,"New_Zealand_Hauraki_Gulf",NA,"T5",2.3,"2343_T5_2008_2.3",2008,2,11,-36.71849775,174.75280636,"Ecklonia radiata","Random",1,NA,NA,3,0.963421403283309
8439,"New_Zealand_Hauraki_Gulf",NA,"T5",2.3,"2344_T5_2008_2.3",2008,2,11,-36.71849775,174.75280636,"Ecklonia radiata","Random",1,NA,NA,3,1.90706073582226
8440,"New_Zealand_Hauraki_Gulf",NA,"T5",2.3,"2345_T5_2008_2.3",2008,2,11,-36.71849775,174.75280636,"Ecklonia radiata","Random",1,NA,NA,5,3.36015388528649
8471,"New_Zealand_Hauraki_Gulf",NA,"T5",2.3,"2593_T5_2009_2.3",2009,2,18,-36.71849775,174.75280636,"Ecklonia radiata","Random",1,NA,NA,6,3.21576083463474
8472,"New_Zealand_Hauraki_Gulf",NA,"T5",2.3,"2594_T5_2009_2.3",2009,2,18,-36.71849775,174.75280636,"Ecklonia radiata","Random",1,NA,NA,1,0.481508527456153
8473,"New_Zealand_Hauraki_Gulf",NA,"T5",2.3,"2595_T5_2009_2.3",2009,2,18,-36.71849775,174.75280636,"Ecklonia radiata","Random",1,NA,NA,4,2.04318740505408
8474,"New_Zealand_Hauraki_Gulf",NA,"T5",2.3,"2596_T5_2009_2.3",2009,2,18,-36.71849775,174.75280636,"Ecklonia radiata","Random",1,NA,NA,0,2.23273754601694
8475,"New_Zealand_Hauraki_Gulf",NA,"T5",2.3,"2597_T5_2009_2.3",2009,2,18,-36.71849775,174.75280636,"Ecklonia radiata","Random",1,NA,NA,9,5.44210011397385
8506,"New_Zealand_Hauraki_Gulf",NA,"T5",2.3,"3071_T5_2010_2.3",2010,2,10,-36.71849775,174.75280636,"Ecklonia radiata","Random",1,NA,NA,1,0.481508527456153
8507,"New_Zealand_Hauraki_Gulf",NA,"T5",2.3,"3072_T5_2010_2.3",2010,2,10,-36.71849775,174.75280636,"Ecklonia radiata","Random",1,NA,NA,2,0.47014402212544
8508,"New_Zealand_Hauraki_Gulf",NA,"T5",2.3,"3073_T5_2010_2.3",2010,2,10,-36.71849775,174.75280636,"Ecklonia radiata","Random",1,NA,NA,5,2.88775842539665
8509,"New_Zealand_Hauraki_Gulf",NA,"T5",2.3,"3074_T5_2010_2.3",2010,2,10,-36.71849775,174.75280636,"Ecklonia radiata","Random",1,NA,NA,2,0.418922763790142
8510,"New_Zealand_Hauraki_Gulf",NA,"T5",2.3,"3076_T5_2010_2.3",2010,2,10,-36.71849775,174.75280636,"Ecklonia radiata","Random",1,NA,NA,2,0.824574088777301
8541,"New_Zealand_Hauraki_Gulf",NA,"T5",2.3,"3246_T5_2011_2.3",2011,2,1,-36.71849775,174.75280636,"Ecklonia radiata","Random",1,NA,NA,1,0.206065133668697
8542,"New_Zealand_Hauraki_Gulf",NA,"T5",2.3,"3249_T5_2011_2.3",2011,2,1,-36.71849775,174.75280636,"Ecklonia radiata","Random",1,NA,NA,1,0.70090770387231
8543,"New_Zealand_Hauraki_Gulf",NA,"T5",2.3,"3250_T5_2011_2.3",2011,2,1,-36.71849775,174.75280636,"Ecklonia radiata","Random",1,NA,NA,0,0
8544,"New_Zealand_Hauraki_Gulf",NA,"T5",2.3,"3251_T5_2011_2.3",2011,2,1,-36.71849775,174.75280636,"Ecklonia radiata","Random",1,NA,NA,1,0.481508527456153
8545,"New_Zealand_Hauraki_Gulf",NA,"T5",2.3,"3252_T5_2011_2.3",2011,2,1,-36.71849775,174.75280636,"Ecklonia radiata","Random",1,NA,NA,2,2.4062498979405
8576,"New_Zealand_Hauraki_Gulf",NA,"T5",2.3,"3442_T5_2012_2.3",2012,3,2,-36.71849775,174.75280636,"Ecklonia radiata","Random",1,NA,NA,1,0.427394759032544
8577,"New_Zealand_Hauraki_Gulf",NA,"T5",2.3,"3443_T5_2012_2.3",2012,3,2,-36.71849775,174.75280636,"Ecklonia radiata","Random",1,NA,NA,6,2.07144079037041
8578,"New_Zealand_Hauraki_Gulf",NA,"T5",2.3,"3444_T5_2012_2.3",2012,3,2,-36.71849775,174.75280636,"Ecklonia radiata","Random",1,NA,NA,1,0.272830473868332
8579,"New_Zealand_Hauraki_Gulf",NA,"T5",2.3,"3445_T5_2012_2.3",2012,3,2,-36.71849775,174.75280636,"Ecklonia radiata","Random",1,NA,NA,0,0
8580,"New_Zealand_Hauraki_Gulf",NA,"T5",2.3,"3446_T5_2012_2.3",2012,3,2,-36.71849775,174.75280636,"Ecklonia radiata","Random",1,NA,NA,6,2.45828982719828
8611,"New_Zealand_Hauraki_Gulf",NA,"W1",2.4,"1669_W1_2006_2.4",2006,2,27,-36.53475831,174.71700243,"Ecklonia radiata","Random",1,NA,NA,9,4.13196036670171
8612,"New_Zealand_Hauraki_Gulf",NA,"W1",2.4,"1670_W1_2006_2.4",2006,2,27,-36.53475831,174.71700243,"Ecklonia radiata","Random",1,NA,NA,7,3.03866092583581
8613,"New_Zealand_Hauraki_Gulf",NA,"W1",2.4,"1671_W1_2006_2.4",2006,2,27,-36.53475831,174.71700243,"Ecklonia radiata","Random",1,NA,NA,13,5.4793239900992
8614,"New_Zealand_Hauraki_Gulf",NA,"W1",2.4,"1672_W1_2006_2.4",2006,2,27,-36.53475831,174.71700243,"Ecklonia radiata","Random",1,NA,NA,19,8.93577739742152
8615,"New_Zealand_Hauraki_Gulf",NA,"W1",2.4,"1673_W1_2006_2.4",2006,2,27,-36.53475831,174.71700243,"Ecklonia radiata","Random",1,NA,NA,8,3.45013497074445
8646,"New_Zealand_Hauraki_Gulf",NA,"W1",2.4,"1921_W1_2007_2.4",2007,2,20,-36.53475831,174.71700243,"Ecklonia radiata","Random",1,NA,NA,6,2.61351042745519
8647,"New_Zealand_Hauraki_Gulf",NA,"W1",2.4,"1922_W1_2007_2.4",2007,2,20,-36.53475831,174.71700243,"Ecklonia radiata","Random",1,NA,NA,10,4.00714598549014
8648,"New_Zealand_Hauraki_Gulf",NA,"W1",2.4,"1923_W1_2007_2.4",2007,2,20,-36.53475831,174.71700243,"Ecklonia radiata","Random",1,NA,NA,17,8.46422970740907
8649,"New_Zealand_Hauraki_Gulf",NA,"W1",2.4,"1924_W1_2007_2.4",2007,2,20,-36.53475831,174.71700243,"Ecklonia radiata","Random",1,NA,NA,10,5.65324157373866
8650,"New_Zealand_Hauraki_Gulf",NA,"W1",2.4,"1925_W1_2007_2.4",2007,2,20,-36.53475831,174.71700243,"Ecklonia radiata","Random",1,NA,NA,0,0
8681,"New_Zealand_Hauraki_Gulf",NA,"W1",2.4,"2173_W1_2008_2.4",2008,2,12,-36.53475831,174.71700243,"Ecklonia radiata","Random",1,NA,NA,0,0
8682,"New_Zealand_Hauraki_Gulf",NA,"W1",2.4,"2174_W1_2008_2.4",2008,2,12,-36.53475831,174.71700243,"Ecklonia radiata","Random",1,NA,NA,8,3.65106794646739
8683,"New_Zealand_Hauraki_Gulf",NA,"W1",2.4,"2175_W1_2008_2.4",2008,2,12,-36.53475831,174.71700243,"Ecklonia radiata","Random",1,NA,NA,5,2.43880267968564
8684,"New_Zealand_Hauraki_Gulf",NA,"W1",2.4,"2176_W1_2008_2.4",2008,2,12,-36.53475831,174.71700243,"Ecklonia radiata","Random",1,NA,NA,10,5.26915774783981
8685,"New_Zealand_Hauraki_Gulf",NA,"W1",2.4,"2177_W1_2008_2.4",2008,2,12,-36.53475831,174.71700243,"Ecklonia radiata","Random",1,NA,NA,12,4.54805723242819
8716,"New_Zealand_Hauraki_Gulf",NA,"W1",2.4,"2425_W1_2009_2.4",2009,2,26,-36.53475831,174.71700243,"Ecklonia radiata","Random",1,NA,NA,5,2.81705543641753
8717,"New_Zealand_Hauraki_Gulf",NA,"W1",2.4,"2426_W1_2009_2.4",2009,2,26,-36.53475831,174.71700243,"Ecklonia radiata","Random",1,NA,NA,11,2.57106333214038
8718,"New_Zealand_Hauraki_Gulf",NA,"W1",2.4,"2427_W1_2009_2.4",2009,2,26,-36.53475831,174.71700243,"Ecklonia radiata","Random",1,NA,NA,12,7.03197388396388
8719,"New_Zealand_Hauraki_Gulf",NA,"W1",2.4,"2428_W1_2009_2.4",2009,2,26,-36.53475831,174.71700243,"Ecklonia radiata","Random",1,NA,NA,6,3.47765279779588
8720,"New_Zealand_Hauraki_Gulf",NA,"W1",2.4,"2429_W1_2009_2.4",2009,2,26,-36.53475831,174.71700243,"Ecklonia radiata","Random",1,NA,NA,5,2.63766293652526
8751,"New_Zealand_Hauraki_Gulf",NA,"W1",2.4,"3141_W1_2010_2.4",2010,2,12,-36.53475831,174.71700243,"Ecklonia radiata","Random",1,NA,NA,23,9.59033054940387
8752,"New_Zealand_Hauraki_Gulf",NA,"W1",2.4,"3142_W1_2010_2.4",2010,2,12,-36.53475831,174.71700243,"Ecklonia radiata","Random",1,NA,NA,7,2.64815371255574
8753,"New_Zealand_Hauraki_Gulf",NA,"W1",2.4,"3143_W1_2010_2.4",2010,2,12,-36.53475831,174.71700243,"Ecklonia radiata","Random",1,NA,NA,4,2.52654432788711
8754,"New_Zealand_Hauraki_Gulf",NA,"W1",2.4,"3145_W1_2010_2.4",2010,2,12,-36.53475831,174.71700243,"Ecklonia radiata","Random",1,NA,NA,14,5.37151297157577
8755,"New_Zealand_Hauraki_Gulf",NA,"W1",2.4,"3147_W1_2010_2.4",2010,2,12,-36.53475831,174.71700243,"Ecklonia radiata","Random",1,NA,NA,1,0.806147450335006
8786,"New_Zealand_Hauraki_Gulf",NA,"W1",2.4,"3414_W1_2011_2.4",2011,2,11,-36.53475831,174.71700243,"Ecklonia radiata","Random",1,NA,NA,7,1.93895637139596
8787,"New_Zealand_Hauraki_Gulf",NA,"W1",2.4,"3417_W1_2011_2.4",2011,2,11,-36.53475831,174.71700243,"Ecklonia radiata","Random",1,NA,NA,11,3.44204333387637
8788,"New_Zealand_Hauraki_Gulf",NA,"W1",2.4,"3418_W1_2011_2.4",2011,2,11,-36.53475831,174.71700243,"Ecklonia radiata","Random",1,NA,NA,1,0.77594299454899
8789,"New_Zealand_Hauraki_Gulf",NA,"W1",2.4,"3419_W1_2011_2.4",2011,2,11,-36.53475831,174.71700243,"Ecklonia radiata","Random",1,NA,NA,20,8.59180601930152
8790,"New_Zealand_Hauraki_Gulf",NA,"W1",2.4,"3420_W1_2011_2.4",2011,2,11,-36.53475831,174.71700243,"Ecklonia radiata","Random",1,NA,NA,11,4.65297859294233
8821,"New_Zealand_Hauraki_Gulf",NA,"W2",2.3,"1424_W2_2005_2.3",2005,4,20,-36.54349997,174.71833302,"Ecklonia radiata","Random",1,NA,NA,12,4.23228768639692
8822,"New_Zealand_Hauraki_Gulf",NA,"W2",2.3,"1425_W2_2005_2.3",2005,4,20,-36.54349997,174.71833302,"Ecklonia radiata","Random",1,NA,NA,7,2.04194481636385
8823,"New_Zealand_Hauraki_Gulf",NA,"W2",2.3,"1426_W2_2005_2.3",2005,4,20,-36.54349997,174.71833302,"Ecklonia radiata","Random",1,NA,NA,0,0
8824,"New_Zealand_Hauraki_Gulf",NA,"W2",2.3,"1427_W2_2005_2.3",2005,4,20,-36.54349997,174.71833302,"Ecklonia radiata","Random",1,NA,NA,0,0
8825,"New_Zealand_Hauraki_Gulf",NA,"W2",2.3,"1428_W2_2005_2.3",2005,4,20,-36.54349997,174.71833302,"Ecklonia radiata","Random",1,NA,NA,0,0
8856,"New_Zealand_Hauraki_Gulf",NA,"W2",2.3,"1676_W2_2006_2.3",2006,2,27,-36.54349997,174.71833302,"Ecklonia radiata","Random",1,NA,NA,3,1.60910457787492
8857,"New_Zealand_Hauraki_Gulf",NA,"W2",2.3,"1677_W2_2006_2.3",2006,2,27,-36.54349997,174.71833302,"Ecklonia radiata","Random",1,NA,NA,4,2.60941923067552
8858,"New_Zealand_Hauraki_Gulf",NA,"W2",2.3,"1678_W2_2006_2.3",2006,2,27,-36.54349997,174.71833302,"Ecklonia radiata","Random",1,NA,NA,0,0
8859,"New_Zealand_Hauraki_Gulf",NA,"W2",2.3,"1679_W2_2006_2.3",2006,2,27,-36.54349997,174.71833302,"Ecklonia radiata","Random",1,NA,NA,0,0
8860,"New_Zealand_Hauraki_Gulf",NA,"W2",2.3,"1680_W2_2006_2.3",2006,2,27,-36.54349997,174.71833302,"Ecklonia radiata","Random",1,NA,NA,2,0.003470020602102
8891,"New_Zealand_Hauraki_Gulf",NA,"W2",2.3,"1928_W2_2007_2.3",2007,2,20,-36.54349997,174.71833302,"Ecklonia radiata","Random",1,NA,NA,3,0.485382896429258
8892,"New_Zealand_Hauraki_Gulf",NA,"W2",2.3,"1929_W2_2007_2.3",2007,2,20,-36.54349997,174.71833302,"Ecklonia radiata","Random",1,NA,NA,3,1.63608648305193
8893,"New_Zealand_Hauraki_Gulf",NA,"W2",2.3,"1930_W2_2007_2.3",2007,2,20,-36.54349997,174.71833302,"Ecklonia radiata","Random",1,NA,NA,2,0.9220352844708
8894,"New_Zealand_Hauraki_Gulf",NA,"W2",2.3,"1931_W2_2007_2.3",2007,2,20,-36.54349997,174.71833302,"Ecklonia radiata","Random",1,NA,NA,3,0.003874368973106
8895,"New_Zealand_Hauraki_Gulf",NA,"W2",2.3,"1932_W2_2007_2.3",2007,2,20,-36.54349997,174.71833302,"Ecklonia radiata","Random",1,NA,NA,5,2.04318740505408
8926,"New_Zealand_Hauraki_Gulf",NA,"W2",2.3,"2180_W2_2008_2.3",2008,2,12,-36.54349997,174.71833302,"Ecklonia radiata","Random",1,NA,NA,4,2.43545306004425
8927,"New_Zealand_Hauraki_Gulf",NA,"W2",2.3,"2181_W2_2008_2.3",2008,2,12,-36.54349997,174.71833302,"Ecklonia radiata","Random",1,NA,NA,0,0
8928,"New_Zealand_Hauraki_Gulf",NA,"W2",2.3,"2182_W2_2008_2.3",2008,2,12,-36.54349997,174.71833302,"Ecklonia radiata","Random",1,NA,NA,0,0
8929,"New_Zealand_Hauraki_Gulf",NA,"W2",2.3,"2183_W2_2008_2.3",2008,2,12,-36.54349997,174.71833302,"Ecklonia radiata","Random",1,NA,NA,1,0.65502087937971
8930,"New_Zealand_Hauraki_Gulf",NA,"W2",2.3,"2184_W2_2008_2.3",2008,2,12,-36.54349997,174.71833302,"Ecklonia radiata","Random",1,NA,NA,5,3.34327707249701
8961,"New_Zealand_Hauraki_Gulf",NA,"W2",2.3,"2432_W2_2009_2.3",2009,2,26,-36.54349997,174.71833302,"Ecklonia radiata","Random",1,NA,NA,0,0
8962,"New_Zealand_Hauraki_Gulf",NA,"W2",2.3,"2433_W2_2009_2.3",2009,2,26,-36.54349997,174.71833302,"Ecklonia radiata","Random",1,NA,NA,6,4.11710902227517
8963,"New_Zealand_Hauraki_Gulf",NA,"W2",2.3,"2434_W2_2009_2.3",2009,2,26,-36.54349997,174.71833302,"Ecklonia radiata","Random",1,NA,NA,2,0.655425227750713
8964,"New_Zealand_Hauraki_Gulf",NA,"W2",2.3,"2435_W2_2009_2.3",2009,2,26,-36.54349997,174.71833302,"Ecklonia radiata","Random",1,NA,NA,2,0.998086440700859
8965,"New_Zealand_Hauraki_Gulf",NA,"W2",2.3,"2436_W2_2009_2.3",2009,2,26,-36.54349997,174.71833302,"Ecklonia radiata","Random",1,NA,NA,1,0.77594299454899
8996,"New_Zealand_Hauraki_Gulf",NA,"W2",2.3,"3148_W2_2010_2.3",2010,2,12,-36.54349997,174.71833302,"Ecklonia radiata","Random",1,NA,NA,2,0.47014402212544
8997,"New_Zealand_Hauraki_Gulf",NA,"W2",2.3,"3149_W2_2010_2.3",2010,2,12,-36.54349997,174.71833302,"Ecklonia radiata","Random",1,NA,NA,43,6.38581558775707
8998,"New_Zealand_Hauraki_Gulf",NA,"W2",2.3,"3150_W2_2010_2.3",2010,2,12,-36.54349997,174.71833302,"Ecklonia radiata","Random",1,NA,NA,2,0.301772983149938
8999,"New_Zealand_Hauraki_Gulf",NA,"W2",2.3,"3151_W2_2010_2.3",2010,2,12,-36.54349997,174.71833302,"Ecklonia radiata","Random",1,NA,NA,0,0
9000,"New_Zealand_Hauraki_Gulf",NA,"W2",2.3,"3153_W2_2010_2.3",2010,2,12,-36.54349997,174.71833302,"Ecklonia radiata","Random",1,NA,NA,0,0
9031,"New_Zealand_Hauraki_Gulf",NA,"W2",2.3,"3407_W2_2011_2.3",2011,2,11,-36.54349997,174.71833302,"Ecklonia radiata","Random",1,NA,NA,4,0.720695746940079
9032,"New_Zealand_Hauraki_Gulf",NA,"W2",2.3,"3410_W2_2011_2.3",2011,2,11,-36.54349997,174.71833302,"Ecklonia radiata","Random",1,NA,NA,7,1.50548012160402
9033,"New_Zealand_Hauraki_Gulf",NA,"W2",2.3,"3411_W2_2011_2.3",2011,2,11,-36.54349997,174.71833302,"Ecklonia radiata","Random",1,NA,NA,1,0.77594299454899
9034,"New_Zealand_Hauraki_Gulf",NA,"W2",2.3,"3412_W2_2011_2.3",2011,2,11,-36.54349997,174.71833302,"Ecklonia radiata","Random",1,NA,NA,0,0
9035,"New_Zealand_Hauraki_Gulf",NA,"W2",2.3,"3413_W2_2011_2.3",2011,2,11,-36.54349997,174.71833302,"Ecklonia radiata","Random",1,NA,NA,23,8.71946425922705
9066,"New_Zealand_Hauraki_Gulf",NA,"W3",2.1,"780_W3_2002_2.1",2002,4,3,-36.54842691,174.71090241,"Ecklonia radiata","Random",1,NA,NA,5,1.16786537633659
9067,"New_Zealand_Hauraki_Gulf",NA,"W3",2.1,"781_W3_2002_2.1",2002,4,3,-36.54842691,174.71090241,"Ecklonia radiata","Random",1,NA,NA,3,0.352157423590507
9068,"New_Zealand_Hauraki_Gulf",NA,"W3",2.1,"783_W3_2002_2.1",2002,4,3,-36.54842691,174.71090241,"Ecklonia radiata","Random",1,NA,NA,6,1.28967708894217
9069,"New_Zealand_Hauraki_Gulf",NA,"W3",2.1,"784_W3_2002_2.1",2002,4,3,-36.54842691,174.71090241,"Ecklonia radiata","Random",1,NA,NA,11,3.9878974983536
9070,"New_Zealand_Hauraki_Gulf",NA,"W3",2.1,"785_W3_2002_2.1",2002,4,3,-36.54842691,174.71090241,"Ecklonia radiata","Random",1,NA,NA,1,0.272830473868332
9101,"New_Zealand_Hauraki_Gulf",NA,"W3",2.1,"990_W3_2003_2.1",2003,5,27,-36.54842691,174.71090241,"Ecklonia radiata","Random",1,NA,NA,3,0.549130694989846
9102,"New_Zealand_Hauraki_Gulf",NA,"W3",2.1,"991_W3_2003_2.1",2003,5,27,-36.54842691,174.71090241,"Ecklonia radiata","Random",1,NA,NA,8,1.47698204823789
9103,"New_Zealand_Hauraki_Gulf",NA,"W3",2.1,"992_W3_2003_2.1",2003,5,27,-36.54842691,174.71090241,"Ecklonia radiata","Random",1,NA,NA,6,1.23810046378941
9104,"New_Zealand_Hauraki_Gulf",NA,"W3",2.1,"993_W3_2003_2.1",2003,5,27,-36.54842691,174.71090241,"Ecklonia radiata","Random",1,NA,NA,11,3.49055088355713
9105,"New_Zealand_Hauraki_Gulf",NA,"W3",2.1,"994_W3_2003_2.1",2003,5,27,-36.54842691,174.71090241,"Ecklonia radiata","Random",1,NA,NA,12,4.11090740396723
9136,"New_Zealand_Hauraki_Gulf",NA,"W3",2.1,"1326_W3_2004_2.1",2004,2,25,-36.54842691,174.71090241,"Ecklonia radiata","Random",1,NA,NA,11,3.25422458061829
9137,"New_Zealand_Hauraki_Gulf",NA,"W3",2.1,"1327_W3_2004_2.1",2004,2,25,-36.54842691,174.71090241,"Ecklonia radiata","Random",1,NA,NA,2,0.191415698962481
9138,"New_Zealand_Hauraki_Gulf",NA,"W3",2.1,"1328_W3_2004_2.1",2004,2,25,-36.54842691,174.71090241,"Ecklonia radiata","Random",1,NA,NA,20,11.1866366269321
9139,"New_Zealand_Hauraki_Gulf",NA,"W3",2.1,"1329_W3_2004_2.1",2004,2,25,-36.54842691,174.71090241,"Ecklonia radiata","Random",1,NA,NA,16,2.86533206341846
9140,"New_Zealand_Hauraki_Gulf",NA,"W3",2.1,"1330_W3_2004_2.1",2004,2,25,-36.54842691,174.71090241,"Ecklonia radiata","Random",1,NA,NA,5,0.438773410802389
9171,"New_Zealand_Hauraki_Gulf",NA,"W3",2.1,"1431_W3_2005_2.1",2005,4,20,-36.54842691,174.71090241,"Ecklonia radiata","Random",1,NA,NA,2,1.14815250258581
9172,"New_Zealand_Hauraki_Gulf",NA,"W3",2.1,"1432_W3_2005_2.1",2005,4,20,-36.54842691,174.71090241,"Ecklonia radiata","Random",1,NA,NA,3,0.888141547931986
9173,"New_Zealand_Hauraki_Gulf",NA,"W3",2.1,"1433_W3_2005_2.1",2005,4,20,-36.54842691,174.71090241,"Ecklonia radiata","Random",1,NA,NA,5,2.68300373037125
9174,"New_Zealand_Hauraki_Gulf",NA,"W3",2.1,"1434_W3_2005_2.1",2005,4,20,-36.54842691,174.71090241,"Ecklonia radiata","Random",1,NA,NA,1,0.343065561321149
9175,"New_Zealand_Hauraki_Gulf",NA,"W3",2.1,"1435_W3_2005_2.1",2005,4,20,-36.54842691,174.71090241,"Ecklonia radiata","Random",1,NA,NA,2,0.301948302029288
9206,"New_Zealand_Hauraki_Gulf",NA,"W3",2.1,"1683_W3_2006_2.1",2006,2,27,-36.54842691,174.71090241,"Ecklonia radiata","Random",1,NA,NA,4,0.805060822709947
9207,"New_Zealand_Hauraki_Gulf",NA,"W3",2.1,"1684_W3_2006_2.1",2006,2,27,-36.54842691,174.71090241,"Ecklonia radiata","Random",1,NA,NA,1,0.603076515974976
9208,"New_Zealand_Hauraki_Gulf",NA,"W3",2.1,"1685_W3_2006_2.1",2006,2,27,-36.54842691,174.71090241,"Ecklonia radiata","Random",1,NA,NA,9,6.80485852263784
9209,"New_Zealand_Hauraki_Gulf",NA,"W3",2.1,"1686_W3_2006_2.1",2006,2,27,-36.54842691,174.71090241,"Ecklonia radiata","Random",1,NA,NA,10,2.96811605759341
9210,"New_Zealand_Hauraki_Gulf",NA,"W3",2.1,"1687_W3_2006_2.1",2006,2,27,-36.54842691,174.71090241,"Ecklonia radiata","Random",1,NA,NA,2,0.946142077296124
9241,"New_Zealand_Hauraki_Gulf",NA,"W3",2.1,"1935_W3_2007_2.1",2007,2,20,-36.54842691,174.71090241,"Ecklonia radiata","Random",1,NA,NA,1,0.481508527456153
9242,"New_Zealand_Hauraki_Gulf",NA,"W3",2.1,"1936_W3_2007_2.1",2007,2,20,-36.54842691,174.71090241,"Ecklonia radiata","Random",1,NA,NA,15,3.66898292706499
9243,"New_Zealand_Hauraki_Gulf",NA,"W3",2.1,"1937_W3_2007_2.1",2007,2,20,-36.54842691,174.71090241,"Ecklonia radiata","Random",1,NA,NA,0,0
9244,"New_Zealand_Hauraki_Gulf",NA,"W3",2.1,"1938_W3_2007_2.1",2007,2,20,-36.54842691,174.71090241,"Ecklonia radiata","Random",1,NA,NA,7,1.34473845711765
9245,"New_Zealand_Hauraki_Gulf",NA,"W3",2.1,"1939_W3_2007_2.1",2007,2,20,-36.54842691,174.71090241,"Ecklonia radiata","Random",1,NA,NA,0,0
9276,"New_Zealand_Hauraki_Gulf",NA,"W3",2.1,"2187_W3_2008_2.1",2008,2,12,-36.54842691,174.71090241,"Ecklonia radiata","Random",1,NA,NA,0,0
9277,"New_Zealand_Hauraki_Gulf",NA,"W3",2.1,"2188_W3_2008_2.1",2008,2,12,-36.54842691,174.71090241,"Ecklonia radiata","Random",1,NA,NA,6,4.13205835521443
9278,"New_Zealand_Hauraki_Gulf",NA,"W3",2.1,"2189_W3_2008_2.1",2008,2,12,-36.54842691,174.71090241,"Ecklonia radiata","Random",1,NA,NA,6,2.74567638698518
9279,"New_Zealand_Hauraki_Gulf",NA,"W3",2.1,"2190_W3_2008_2.1",2008,2,12,-36.54842691,174.71090241,"Ecklonia radiata","Random",1,NA,NA,0,0
9280,"New_Zealand_Hauraki_Gulf",NA,"W3",2.1,"2191_W3_2008_2.1",2008,2,12,-36.54842691,174.71090241,"Ecklonia radiata","Random",1,NA,NA,11,3.45381496116418
9311,"New_Zealand_Hauraki_Gulf",NA,"W3",2.1,"2439_W3_2009_2.1",2009,2,26,-36.54842691,174.71090241,"Ecklonia radiata","Random",1,NA,NA,6,3.29010902965801
9312,"New_Zealand_Hauraki_Gulf",NA,"W3",2.1,"2440_W3_2009_2.1",2009,2,26,-36.54842691,174.71090241,"Ecklonia radiata","Random",1,NA,NA,4,1.37654342992442
9313,"New_Zealand_Hauraki_Gulf",NA,"W3",2.1,"2441_W3_2009_2.1",2009,2,26,-36.54842691,174.71090241,"Ecklonia radiata","Random",1,NA,NA,21,6.50520996137233
9314,"New_Zealand_Hauraki_Gulf",NA,"W3",2.1,"2442_W3_2009_2.1",2009,2,26,-36.54842691,174.71090241,"Ecklonia radiata","Random",1,NA,NA,4,1.77071616607343
9315,"New_Zealand_Hauraki_Gulf",NA,"W3",2.1,"2443_W3_2009_2.1",2009,2,26,-36.54842691,174.71090241,"Ecklonia radiata","Random",1,NA,NA,3,0.960404134993182
9346,"New_Zealand_Hauraki_Gulf",NA,"W3",2.1,"3155_W3_2010_2.1",2010,2,12,-36.54842691,174.71090241,"Ecklonia radiata","Random",1,NA,NA,5,0.599831851493497
9347,"New_Zealand_Hauraki_Gulf",NA,"W3",2.1,"3156_W3_2010_2.1",2010,2,12,-36.54842691,174.71090241,"Ecklonia radiata","Random",1,NA,NA,5,1.09879224939313
9348,"New_Zealand_Hauraki_Gulf",NA,"W3",2.1,"3157_W3_2010_2.1",2010,2,12,-36.54842691,174.71090241,"Ecklonia radiata","Random",1,NA,NA,3,2.17201545451237
9349,"New_Zealand_Hauraki_Gulf",NA,"W3",2.1,"3159_W3_2010_2.1",2010,2,12,-36.54842691,174.71090241,"Ecklonia radiata","Random",1,NA,NA,8,2.82949036748456
9350,"New_Zealand_Hauraki_Gulf",NA,"W3",2.1,"3161_W3_2010_2.1",2010,2,12,-36.54842691,174.71090241,"Ecklonia radiata","Random",1,NA,NA,10,6.18054071105183
9381,"New_Zealand_Hauraki_Gulf",NA,"W3",2.1,"3400_W3_2011_2.1",2011,2,11,-36.54842691,174.71090241,"Ecklonia radiata","Random",1,NA,NA,10,2.64776597952905
9382,"New_Zealand_Hauraki_Gulf",NA,"W3",2.1,"3405_W3_2011_2.1",2011,2,11,-36.54842691,174.71090241,"Ecklonia radiata","Random",1,NA,NA,4,0.960404134993182
9383,"New_Zealand_Hauraki_Gulf",NA,"W3",2.1,"3406_W3_2011_2.1",2011,2,11,-36.54842691,174.71090241,"Ecklonia radiata","Random",1,NA,NA,21,8.94297281069026
9402,"New_Zealand_Hauraki_Gulf",NA,"W4",2.5,"1000_W4_2003_2.5",2003,5,27,-36.55516705,174.71116697,"Ecklonia radiata","Random",1,NA,NA,16,5.82306425519989
9403,"New_Zealand_Hauraki_Gulf",NA,"W4",2.5,"1001_W4_2003_2.5",2003,5,27,-36.55516705,174.71116697,"Ecklonia radiata","Random",1,NA,NA,16,6.97405783317581
9404,"New_Zealand_Hauraki_Gulf",NA,"W4",2.5,"997_W4_2003_2.5",2003,5,27,-36.55516705,174.71116697,"Ecklonia radiata","Random",1,NA,NA,4,1.90706073582226
9405,"New_Zealand_Hauraki_Gulf",NA,"W4",2.5,"998_W4_2003_2.5",2003,5,27,-36.55516705,174.71116697,"Ecklonia radiata","Random",1,NA,NA,10,2.83581406199192
9406,"New_Zealand_Hauraki_Gulf",NA,"W4",2.5,"999_W4_2003_2.5",2003,5,27,-36.55516705,174.71116697,"Ecklonia radiata","Random",1,NA,NA,5,2.43880267968564
9437,"New_Zealand_Hauraki_Gulf",NA,"W4",2.5,"1333_W4_2004_2.5",2004,2,25,-36.55516705,174.71116697,"Ecklonia radiata","Random",1,NA,NA,6,3.70849265768927
9438,"New_Zealand_Hauraki_Gulf",NA,"W4",2.5,"1334_W4_2004_2.5",2004,2,25,-36.55516705,174.71116697,"Ecklonia radiata","Random",1,NA,NA,1,0.603076515974976
9439,"New_Zealand_Hauraki_Gulf",NA,"W4",2.5,"1335_W4_2004_2.5",2004,2,25,-36.55516705,174.71116697,"Ecklonia radiata","Random",1,NA,NA,2,1.59195458506323
9440,"New_Zealand_Hauraki_Gulf",NA,"W4",2.5,"1336_W4_2004_2.5",2004,2,25,-36.55516705,174.71116697,"Ecklonia radiata","Random",1,NA,NA,12,2.35107203405835
9441,"New_Zealand_Hauraki_Gulf",NA,"W4",2.5,"1337_W4_2004_2.5",2004,2,25,-36.55516705,174.71116697,"Ecklonia radiata","Random",1,NA,NA,14,2.02598139341115
9472,"New_Zealand_Hauraki_Gulf",NA,"W4",2.5,"1438_W4_2005_2.5",2005,4,20,-36.55516705,174.71116697,"Ecklonia radiata","Random",1,NA,NA,1,0.77594299454899
9473,"New_Zealand_Hauraki_Gulf",NA,"W4",2.5,"1439_W4_2005_2.5",2005,4,20,-36.55516705,174.71116697,"Ecklonia radiata","Random",1,NA,NA,8,3.87802221387432
9474,"New_Zealand_Hauraki_Gulf",NA,"W4",2.5,"1440_W4_2005_2.5",2005,4,20,-36.55516705,174.71116697,"Ecklonia radiata","Random",1,NA,NA,5,2.98720229369422
9475,"New_Zealand_Hauraki_Gulf",NA,"W4",2.5,"1441_W4_2005_2.5",2005,4,20,-36.55516705,174.71116697,"Ecklonia radiata","Random",1,NA,NA,6,2.34795748504075
9476,"New_Zealand_Hauraki_Gulf",NA,"W4",2.5,"1442_W4_2005_2.5",2005,4,20,-36.55516705,174.71116697,"Ecklonia radiata","Random",1,NA,NA,36,4.5980019312663
9507,"New_Zealand_Hauraki_Gulf",NA,"W4",2.5,"1690_W4_2006_2.5",2006,2,27,-36.55516705,174.71116697,"Ecklonia radiata","Random",1,NA,NA,4,2.27016622332705
9508,"New_Zealand_Hauraki_Gulf",NA,"W4",2.5,"1691_W4_2006_2.5",2006,2,27,-36.55516705,174.71116697,"Ecklonia radiata","Random",1,NA,NA,1,0.741051580583673
9509,"New_Zealand_Hauraki_Gulf",NA,"W4",2.5,"1692_W4_2006_2.5",2006,2,27,-36.55516705,174.71116697,"Ecklonia radiata","Random",1,NA,NA,12,5.27603473819696
9510,"New_Zealand_Hauraki_Gulf",NA,"W4",2.5,"1693_W4_2006_2.5",2006,2,27,-36.55516705,174.71116697,"Ecklonia radiata","Random",1,NA,NA,9,4.1768150977382
9511,"New_Zealand_Hauraki_Gulf",NA,"W4",2.5,"1694_W4_2006_2.5",2006,2,27,-36.55516705,174.71116697,"Ecklonia radiata","Random",1,NA,NA,8,3.23167761464152
9542,"New_Zealand_Hauraki_Gulf",NA,"W4",2.5,"1942_W4_2007_2.5",2007,2,20,-36.55516705,174.71116697,"Ecklonia radiata","Random",1,NA,NA,18,7.93716326095454
9543,"New_Zealand_Hauraki_Gulf",NA,"W4",2.5,"1943_W4_2007_2.5",2007,2,20,-36.55516705,174.71116697,"Ecklonia radiata","Random",1,NA,NA,7,3.58132650906657
9544,"New_Zealand_Hauraki_Gulf",NA,"W4",2.5,"1944_W4_2007_2.5",2007,2,20,-36.55516705,174.71116697,"Ecklonia radiata","Random",1,NA,NA,19,8.95957548667221
9545,"New_Zealand_Hauraki_Gulf",NA,"W4",2.5,"1945_W4_2007_2.5",2007,2,20,-36.55516705,174.71116697,"Ecklonia radiata","Random",1,NA,NA,6,2.94101322744469
9546,"New_Zealand_Hauraki_Gulf",NA,"W4",2.5,"1946_W4_2007_2.5",2007,2,20,-36.55516705,174.71116697,"Ecklonia radiata","Random",1,NA,NA,4,1.56004569738397
9577,"New_Zealand_Hauraki_Gulf",NA,"W4",2.5,"2194_W4_2008_2.5",2008,2,12,-36.55516705,174.71116697,"Ecklonia radiata","Random",1,NA,NA,4,1.52216942112669
9578,"New_Zealand_Hauraki_Gulf",NA,"W4",2.5,"2195_W4_2008_2.5",2008,2,12,-36.55516705,174.71116697,"Ecklonia radiata","Random",1,NA,NA,4,2.09204728200699
9579,"New_Zealand_Hauraki_Gulf",NA,"W4",2.5,"2196_W4_2008_2.5",2008,2,12,-36.55516705,174.71116697,"Ecklonia radiata","Random",1,NA,NA,11,8.25647164837584
9580,"New_Zealand_Hauraki_Gulf",NA,"W4",2.5,"2197_W4_2008_2.5",2008,2,12,-36.55516705,174.71116697,"Ecklonia radiata","Random",1,NA,NA,5,2.14653483582456
9581,"New_Zealand_Hauraki_Gulf",NA,"W4",2.5,"2198_W4_2008_2.5",2008,2,12,-36.55516705,174.71116697,"Ecklonia radiata","Random",1,NA,NA,7,3.64560184212538
9612,"New_Zealand_Hauraki_Gulf",NA,"W4",2.5,"2446_W4_2009_2.5",2009,2,26,-36.55516705,174.71116697,"Ecklonia radiata","Random",1,NA,NA,7,4.31394945072026
9613,"New_Zealand_Hauraki_Gulf",NA,"W4",2.5,"2447_W4_2009_2.5",2009,2,26,-36.55516705,174.71116697,"Ecklonia radiata","Random",1,NA,NA,11,6.23622691633671
9614,"New_Zealand_Hauraki_Gulf",NA,"W4",2.5,"2448_W4_2009_2.5",2009,2,26,-36.55516705,174.71116697,"Ecklonia radiata","Random",1,NA,NA,5,3.77551127950332
9615,"New_Zealand_Hauraki_Gulf",NA,"W4",2.5,"2449_W4_2009_2.5",2009,2,26,-36.55516705,174.71116697,"Ecklonia radiata","Random",1,NA,NA,1,0.70090770387231
9616,"New_Zealand_Hauraki_Gulf",NA,"W4",2.5,"2450_W4_2009_2.5",2009,2,26,-36.55516705,174.71116697,"Ecklonia radiata","Random",1,NA,NA,12,5.29700742271212
9647,"New_Zealand_Hauraki_Gulf",NA,"W4",2.5,"3162_W4_2010_2.5",2010,2,12,-36.55516705,174.71116697,"Ecklonia radiata","Random",1,NA,NA,11,6.43460771534097
9648,"New_Zealand_Hauraki_Gulf",NA,"W4",2.5,"3163_W4_2010_2.5",2010,2,12,-36.55516705,174.71116697,"Ecklonia radiata","Random",1,NA,NA,8,6.38731176298397
9649,"New_Zealand_Hauraki_Gulf",NA,"W4",2.5,"3164_W4_2010_2.5",2010,2,12,-36.55516705,174.71116697,"Ecklonia radiata","Random",1,NA,NA,6,2.4148988526409
9650,"New_Zealand_Hauraki_Gulf",NA,"W4",2.5,"3165_W4_2010_2.5",2010,2,12,-36.55516705,174.71116697,"Ecklonia radiata","Random",1,NA,NA,12,8.08335645000977
9651,"New_Zealand_Hauraki_Gulf",NA,"W4",2.5,"3167_W4_2010_2.5",2010,2,12,-36.55516705,174.71116697,"Ecklonia radiata","Random",1,NA,NA,4,2.16074830987153
9682,"New_Zealand_Hauraki_Gulf",NA,"W4",2.5,"3393_W4_2011_2.5",2011,2,11,-36.55516705,174.71116697,"Ecklonia radiata","Random",1,NA,NA,1,0.413526375012109
9683,"New_Zealand_Hauraki_Gulf",NA,"W4",2.5,"3396_W4_2011_2.5",2011,2,11,-36.55516705,174.71116697,"Ecklonia radiata","Random",1,NA,NA,11,4.56530655755811
9684,"New_Zealand_Hauraki_Gulf",NA,"W4",2.5,"3397_W4_2011_2.5",2011,2,11,-36.55516705,174.71116697,"Ecklonia radiata","Random",1,NA,NA,10,5.40154221849674
9685,"New_Zealand_Hauraki_Gulf",NA,"W4",2.5,"3398_W4_2011_2.5",2011,2,11,-36.55516705,174.71116697,"Ecklonia radiata","Random",1,NA,NA,5,2.31404772385893
9686,"New_Zealand_Hauraki_Gulf",NA,"W4",2.5,"3399_W4_2011_2.5",2011,2,11,-36.55516705,174.71116697,"Ecklonia radiata","Random",1,NA,NA,5,3.4803521050272
