"Entry","Study","Region","Site","Depth.m","Sample.ID","Sample.Year","Sample.Month","Sample.Day","Latitude","Longitude","Taxon","Fixed.or.Random","Sample.Unit.Size.sq.m","Percent.Cover","Stipe.Density.num.per.sq.m","Individual.Density.num.per.sq.m","Biomass.kg.wet.per.sq.m"
1,"SA_Gansbaai_kelp_data",NA,"Kruis",7,"10A",1992,11,NA,-34.624141,19.318095,"Ecklonia maxima","Random",1,NA,1,NA,NA
2,"SA_Gansbaai_kelp_data",NA,"Kruis",7.1,"10B",1992,11,NA,-34.624141,19.318095,"Ecklonia maxima","Random",1,NA,3,NA,NA
3,"SA_Gansbaai_kelp_data",NA,"Kruis",7.6,"10C",1992,11,NA,-34.624141,19.318095,"Ecklonia maxima","Random",1,NA,5,NA,NA
4,"SA_Gansbaai_kelp_data",NA,"Kruis",8,"11A",1992,11,NA,-34.624141,19.318095,"Ecklonia maxima","Random",1,NA,0,NA,NA
5,"SA_Gansbaai_kelp_data",NA,"Kruis",8,"11B",1992,11,NA,-34.624141,19.318095,"Ecklonia maxima","Random",1,NA,0,NA,NA
6,"SA_Gansbaai_kelp_data",NA,"Kruis",8.2,"11C",1992,11,NA,-34.624141,19.318095,"Ecklonia maxima","Random",1,NA,3,NA,NA
7,"SA_Gansbaai_kelp_data",NA,"Kruis",5.2,"1A",1992,11,NA,-34.624141,19.318095,"Ecklonia maxima","Random",1,NA,0,NA,NA
8,"SA_Gansbaai_kelp_data",NA,"Kruis",5.2,"1B",1992,11,NA,-34.624141,19.318095,"Ecklonia maxima","Random",1,NA,0,NA,NA
9,"SA_Gansbaai_kelp_data",NA,"Kruis",5.2,"1C",1992,11,NA,-34.624141,19.318095,"Ecklonia maxima","Random",1,NA,0,NA,NA
10,"SA_Gansbaai_kelp_data",NA,"Kruis",5.9,"2A",1992,11,NA,-34.624141,19.318095,"Ecklonia maxima","Random",1,NA,0,NA,NA
11,"SA_Gansbaai_kelp_data",NA,"Kruis",5.5,"2B",1992,11,NA,-34.624141,19.318095,"Ecklonia maxima","Random",1,NA,0,NA,NA
12,"SA_Gansbaai_kelp_data",NA,"Kruis",4.9,"2C",1992,11,NA,-34.624141,19.318095,"Ecklonia maxima","Random",1,NA,0,NA,NA
13,"SA_Gansbaai_kelp_data",NA,"Kruis",6.4,"3A",1992,11,NA,-34.624141,19.318095,"Ecklonia maxima","Random",1,NA,4,NA,NA
14,"SA_Gansbaai_kelp_data",NA,"Kruis",6.7,"3B",1992,11,NA,-34.624141,19.318095,"Ecklonia maxima","Random",1,NA,0,NA,NA
15,"SA_Gansbaai_kelp_data",NA,"Kruis",6.5,"3C",1992,11,NA,-34.624141,19.318095,"Ecklonia maxima","Random",1,NA,0,NA,NA
16,"SA_Gansbaai_kelp_data",NA,"Kruis",7.3,"4A",1992,11,NA,-34.624141,19.318095,"Ecklonia maxima","Random",1,NA,0,NA,NA
17,"SA_Gansbaai_kelp_data",NA,"Kruis",7.3,"4B",1992,11,NA,-34.624141,19.318095,"Ecklonia maxima","Random",1,NA,0,NA,NA
18,"SA_Gansbaai_kelp_data",NA,"Kruis",7.3,"4C",1992,11,NA,-34.624141,19.318095,"Ecklonia maxima","Random",1,NA,0,NA,NA
19,"SA_Gansbaai_kelp_data",NA,"Kruis",5.9,"5A",1992,11,NA,-34.624141,19.318095,"Ecklonia maxima","Random",1,NA,0,NA,NA
20,"SA_Gansbaai_kelp_data",NA,"Kruis",5.8,"5B",1992,11,NA,-34.624141,19.318095,"Ecklonia maxima","Random",1,NA,0,NA,NA
21,"SA_Gansbaai_kelp_data",NA,"Kruis",5.6,"5C",1992,11,NA,-34.624141,19.318095,"Ecklonia maxima","Random",1,NA,0,NA,NA
22,"SA_Gansbaai_kelp_data",NA,"Kruis",5.6,"6A",1992,11,NA,-34.624141,19.318095,"Ecklonia maxima","Random",1,NA,0,NA,NA
23,"SA_Gansbaai_kelp_data",NA,"Kruis",4.4,"6B",1992,11,NA,-34.624141,19.318095,"Ecklonia maxima","Random",1,NA,8,NA,NA
24,"SA_Gansbaai_kelp_data",NA,"Kruis",4.4,"6C",1992,11,NA,-34.624141,19.318095,"Ecklonia maxima","Random",1,NA,8,NA,NA
25,"SA_Gansbaai_kelp_data",NA,"Kruis",5.9,"7A",1992,11,NA,-34.624141,19.318095,"Ecklonia maxima","Random",1,NA,4,NA,NA
26,"SA_Gansbaai_kelp_data",NA,"Kruis",5.8,"7B",1992,11,NA,-34.624141,19.318095,"Ecklonia maxima","Random",1,NA,6,NA,NA
27,"SA_Gansbaai_kelp_data",NA,"Kruis",5.8,"7C",1992,11,NA,-34.624141,19.318095,"Ecklonia maxima","Random",1,NA,1,NA,NA
28,"SA_Gansbaai_kelp_data",NA,"Kruis",6.9,"8A",1992,11,NA,-34.624141,19.318095,"Ecklonia maxima","Random",1,NA,0,NA,NA
29,"SA_Gansbaai_kelp_data",NA,"Kruis",6.9,"8B",1992,11,NA,-34.624141,19.318095,"Ecklonia maxima","Random",1,NA,0,NA,NA
30,"SA_Gansbaai_kelp_data",NA,"Kruis",7,"8C",1992,11,NA,-34.624141,19.318095,"Ecklonia maxima","Random",1,NA,0,NA,NA
31,"SA_Gansbaai_kelp_data",NA,"Kruis",6,"9A",1992,11,NA,-34.624141,19.318095,"Ecklonia maxima","Random",1,NA,5,NA,NA
32,"SA_Gansbaai_kelp_data",NA,"Kruis",6.3,"9B",1992,11,NA,-34.624141,19.318095,"Ecklonia maxima","Random",1,NA,3,NA,NA
33,"SA_Gansbaai_kelp_data",NA,"Kruis",6.5,"9C",1992,11,NA,-34.624141,19.318095,"Ecklonia maxima","Random",1,NA,0,NA,NA
34,"SA_Gansbaai_kelp_data",NA,"Kruis",7,"10A",1993,5,NA,-34.624141,19.318095,"Ecklonia maxima","Random",1,NA,3,NA,NA
35,"SA_Gansbaai_kelp_data",NA,"Kruis",6.7,"10B",1993,5,NA,-34.624141,19.318095,"Ecklonia maxima","Random",1,NA,5,NA,NA
36,"SA_Gansbaai_kelp_data",NA,"Kruis",7.7,"10C",1993,5,NA,-34.624141,19.318095,"Ecklonia maxima","Random",1,NA,0,NA,NA
37,"SA_Gansbaai_kelp_data",NA,"Kruis",8.1,"11A",1993,5,NA,-34.624141,19.318095,"Ecklonia maxima","Random",1,NA,8,NA,NA
38,"SA_Gansbaai_kelp_data",NA,"Kruis",8.2,"11B",1993,5,NA,-34.624141,19.318095,"Ecklonia maxima","Random",1,NA,2,NA,NA
39,"SA_Gansbaai_kelp_data",NA,"Kruis",8,"11C",1993,5,NA,-34.624141,19.318095,"Ecklonia maxima","Random",1,NA,5,NA,NA
40,"SA_Gansbaai_kelp_data",NA,"Kruis",5.9,"1A",1993,5,NA,-34.624141,19.318095,"Ecklonia maxima","Random",1,NA,0,NA,NA
41,"SA_Gansbaai_kelp_data",NA,"Kruis",5.9,"1B",1993,5,NA,-34.624141,19.318095,"Ecklonia maxima","Random",1,NA,0,NA,NA
42,"SA_Gansbaai_kelp_data",NA,"Kruis",5.8,"1C",1993,5,NA,-34.624141,19.318095,"Ecklonia maxima","Random",1,NA,0,NA,NA
43,"SA_Gansbaai_kelp_data",NA,"Kruis",6.7,"2A",1993,5,NA,-34.624141,19.318095,"Ecklonia maxima","Random",1,NA,0,NA,NA
44,"SA_Gansbaai_kelp_data",NA,"Kruis",6.6,"2B",1993,5,NA,-34.624141,19.318095,"Ecklonia maxima","Random",1,NA,11,NA,NA
45,"SA_Gansbaai_kelp_data",NA,"Kruis",6.2,"2C",1993,5,NA,-34.624141,19.318095,"Ecklonia maxima","Random",1,NA,9,NA,NA
46,"SA_Gansbaai_kelp_data",NA,"Kruis",6.8,"3A",1993,5,NA,-34.624141,19.318095,"Ecklonia maxima","Random",1,NA,2,NA,NA
47,"SA_Gansbaai_kelp_data",NA,"Kruis",6.6,"3B",1993,5,NA,-34.624141,19.318095,"Ecklonia maxima","Random",1,NA,10,NA,NA
48,"SA_Gansbaai_kelp_data",NA,"Kruis",6.5,"3C",1993,5,NA,-34.624141,19.318095,"Ecklonia maxima","Random",1,NA,1,NA,NA
49,"SA_Gansbaai_kelp_data",NA,"Kruis",8.1,"4A",1993,5,NA,-34.624141,19.318095,"Ecklonia maxima","Random",1,NA,0,NA,NA
50,"SA_Gansbaai_kelp_data",NA,"Kruis",8.2,"4B",1993,5,NA,-34.624141,19.318095,"Ecklonia maxima","Random",1,NA,0,NA,NA
51,"SA_Gansbaai_kelp_data",NA,"Kruis",8.1,"4C",1993,5,NA,-34.624141,19.318095,"Ecklonia maxima","Random",1,NA,4,NA,NA
52,"SA_Gansbaai_kelp_data",NA,"Kruis",8.1,"5A",1993,5,NA,-34.624141,19.318095,"Ecklonia maxima","Random",1,NA,0,NA,NA
53,"SA_Gansbaai_kelp_data",NA,"Kruis",8.1,"5B",1993,5,NA,-34.624141,19.318095,"Ecklonia maxima","Random",1,NA,0,NA,NA
54,"SA_Gansbaai_kelp_data",NA,"Kruis",7.6,"5C",1993,5,NA,-34.624141,19.318095,"Ecklonia maxima","Random",1,NA,2,NA,NA
55,"SA_Gansbaai_kelp_data",NA,"Kruis",7.4,"6A",1993,5,NA,-34.624141,19.318095,"Ecklonia maxima","Random",1,NA,0,NA,NA
56,"SA_Gansbaai_kelp_data",NA,"Kruis",8.1,"6B",1993,5,NA,-34.624141,19.318095,"Ecklonia maxima","Random",1,NA,13,NA,NA
57,"SA_Gansbaai_kelp_data",NA,"Kruis",8.2,"6C",1993,5,NA,-34.624141,19.318095,"Ecklonia maxima","Random",1,NA,8,NA,NA
58,"SA_Gansbaai_kelp_data",NA,"Kruis",7.4,"7A",1993,5,NA,-34.624141,19.318095,"Ecklonia maxima","Random",1,NA,1,NA,NA
59,"SA_Gansbaai_kelp_data",NA,"Kruis",5.9,"7B",1993,5,NA,-34.624141,19.318095,"Ecklonia maxima","Random",1,NA,15,NA,NA
60,"SA_Gansbaai_kelp_data",NA,"Kruis",6.7,"7C",1993,5,NA,-34.624141,19.318095,"Ecklonia maxima","Random",1,NA,0,NA,NA
61,"SA_Gansbaai_kelp_data",NA,"Kruis",6.7,"8A",1993,5,NA,-34.624141,19.318095,"Ecklonia maxima","Random",1,NA,0,NA,NA
62,"SA_Gansbaai_kelp_data",NA,"Kruis",7,"8B",1993,5,NA,-34.624141,19.318095,"Ecklonia maxima","Random",1,NA,0,NA,NA
63,"SA_Gansbaai_kelp_data",NA,"Kruis",6.5,"8C",1993,5,NA,-34.624141,19.318095,"Ecklonia maxima","Random",1,NA,3,NA,NA
64,"SA_Gansbaai_kelp_data",NA,"Kruis",5.8,"9A",1993,5,NA,-34.624141,19.318095,"Ecklonia maxima","Random",1,NA,3,NA,NA
65,"SA_Gansbaai_kelp_data",NA,"Kruis",6.3,"9B",1993,5,NA,-34.624141,19.318095,"Ecklonia maxima","Random",1,NA,6,NA,NA
66,"SA_Gansbaai_kelp_data",NA,"Kruis",6.4,"9C",1993,5,NA,-34.624141,19.318095,"Ecklonia maxima","Random",1,NA,10,NA,NA
67,"SA_Gansbaai_kelp_data",NA,"Kruis",7.8,"10A",1993,11,NA,-34.624141,19.318095,"Ecklonia maxima","Random",1,NA,0,NA,NA
68,"SA_Gansbaai_kelp_data",NA,"Kruis",7.9,"10B",1993,11,NA,-34.624141,19.318095,"Ecklonia maxima","Random",1,NA,0,NA,NA
69,"SA_Gansbaai_kelp_data",NA,"Kruis",8,"10C",1993,11,NA,-34.624141,19.318095,"Ecklonia maxima","Random",1,NA,0,NA,NA
70,"SA_Gansbaai_kelp_data",NA,"Kruis",8.8,"11A",1993,11,NA,-34.624141,19.318095,"Ecklonia maxima","Random",1,NA,0,NA,NA
71,"SA_Gansbaai_kelp_data",NA,"Kruis",9.2,"11B",1993,11,NA,-34.624141,19.318095,"Ecklonia maxima","Random",1,NA,0,NA,NA
72,"SA_Gansbaai_kelp_data",NA,"Kruis",9,"11C",1993,11,NA,-34.624141,19.318095,"Ecklonia maxima","Random",1,NA,0,NA,NA
73,"SA_Gansbaai_kelp_data",NA,"Kruis",5.1,"1A",1993,11,NA,-34.624141,19.318095,"Ecklonia maxima","Random",1,NA,0,NA,NA
74,"SA_Gansbaai_kelp_data",NA,"Kruis",5.1,"1B",1993,11,NA,-34.624141,19.318095,"Ecklonia maxima","Random",1,NA,0,NA,NA
75,"SA_Gansbaai_kelp_data",NA,"Kruis",5,"1C",1993,11,NA,-34.624141,19.318095,"Ecklonia maxima","Random",1,NA,0,NA,NA
76,"SA_Gansbaai_kelp_data",NA,"Kruis",5.3,"2A",1993,11,NA,-34.624141,19.318095,"Ecklonia maxima","Random",1,NA,0,NA,NA
77,"SA_Gansbaai_kelp_data",NA,"Kruis",5.3,"2B",1993,11,NA,-34.624141,19.318095,"Ecklonia maxima","Random",1,NA,0,NA,NA
78,"SA_Gansbaai_kelp_data",NA,"Kruis",5.4,"2C",1993,11,NA,-34.624141,19.318095,"Ecklonia maxima","Random",1,NA,0,NA,NA
79,"SA_Gansbaai_kelp_data",NA,"Kruis",5.7,"3A",1993,11,NA,-34.624141,19.318095,"Ecklonia maxima","Random",1,NA,6,NA,NA
80,"SA_Gansbaai_kelp_data",NA,"Kruis",5.8,"3B",1993,11,NA,-34.624141,19.318095,"Ecklonia maxima","Random",1,NA,15,NA,NA
81,"SA_Gansbaai_kelp_data",NA,"Kruis",6,"3C",1993,11,NA,-34.624141,19.318095,"Ecklonia maxima","Random",1,NA,12,NA,NA
82,"SA_Gansbaai_kelp_data",NA,"Kruis",6.5,"4A",1993,11,NA,-34.624141,19.318095,"Ecklonia maxima","Random",1,NA,10,NA,NA
83,"SA_Gansbaai_kelp_data",NA,"Kruis",6.9,"4B",1993,11,NA,-34.624141,19.318095,"Ecklonia maxima","Random",1,NA,11,NA,NA
84,"SA_Gansbaai_kelp_data",NA,"Kruis",7,"4C",1993,11,NA,-34.624141,19.318095,"Ecklonia maxima","Random",1,NA,4,NA,NA
85,"SA_Gansbaai_kelp_data",NA,"Kruis",7.5,"5A",1993,11,NA,-34.624141,19.318095,"Ecklonia maxima","Random",1,NA,0,NA,NA
86,"SA_Gansbaai_kelp_data",NA,"Kruis",7.3,"5B",1993,11,NA,-34.624141,19.318095,"Ecklonia maxima","Random",1,NA,0,NA,NA
87,"SA_Gansbaai_kelp_data",NA,"Kruis",7.1,"5C",1993,11,NA,-34.624141,19.318095,"Ecklonia maxima","Random",1,NA,0,NA,NA
88,"SA_Gansbaai_kelp_data",NA,"Kruis",6.4,"6A",1993,11,NA,-34.624141,19.318095,"Ecklonia maxima","Random",1,NA,5,NA,NA
89,"SA_Gansbaai_kelp_data",NA,"Kruis",6.8,"6B",1993,11,NA,-34.624141,19.318095,"Ecklonia maxima","Random",1,NA,11,NA,NA
90,"SA_Gansbaai_kelp_data",NA,"Kruis",6.3,"6C",1993,11,NA,-34.624141,19.318095,"Ecklonia maxima","Random",1,NA,3,NA,NA
91,"SA_Gansbaai_kelp_data",NA,"Kruis",5.9,"7A",1993,11,NA,-34.624141,19.318095,"Ecklonia maxima","Random",1,NA,14,NA,NA
92,"SA_Gansbaai_kelp_data",NA,"Kruis",6.2,"7B",1993,11,NA,-34.624141,19.318095,"Ecklonia maxima","Random",1,NA,18,NA,NA
93,"SA_Gansbaai_kelp_data",NA,"Kruis",6.4,"7C",1993,11,NA,-34.624141,19.318095,"Ecklonia maxima","Random",1,NA,6,NA,NA
94,"SA_Gansbaai_kelp_data",NA,"Kruis",7.6,"8A",1993,11,NA,-34.624141,19.318095,"Ecklonia maxima","Random",1,NA,0,NA,NA
95,"SA_Gansbaai_kelp_data",NA,"Kruis",8.1,"8B",1993,11,NA,-34.624141,19.318095,"Ecklonia maxima","Random",1,NA,0,NA,NA
96,"SA_Gansbaai_kelp_data",NA,"Kruis",8.2,"8C",1993,11,NA,-34.624141,19.318095,"Ecklonia maxima","Random",1,NA,0,NA,NA
97,"SA_Gansbaai_kelp_data",NA,"Kruis",6.2,"9A",1993,11,NA,-34.624141,19.318095,"Ecklonia maxima","Random",1,NA,1,NA,NA
98,"SA_Gansbaai_kelp_data",NA,"Kruis",6.1,"9B",1993,11,NA,-34.624141,19.318095,"Ecklonia maxima","Random",1,NA,11,NA,NA
99,"SA_Gansbaai_kelp_data",NA,"Kruis",6.5,"9C",1993,11,NA,-34.624141,19.318095,"Ecklonia maxima","Random",1,NA,4,NA,NA
100,"SA_Gansbaai_kelp_data",NA,"Kruis",7.3,"10A",1994,5,NA,-34.624141,19.318095,"Ecklonia maxima","Random",1,NA,0,NA,NA
101,"SA_Gansbaai_kelp_data",NA,"Kruis",7.4,"10B",1994,5,NA,-34.624141,19.318095,"Ecklonia maxima","Random",1,NA,3,NA,NA
102,"SA_Gansbaai_kelp_data",NA,"Kruis",7.4,"10C",1994,5,NA,-34.624141,19.318095,"Ecklonia maxima","Random",1,NA,10,NA,NA
103,"SA_Gansbaai_kelp_data",NA,"Kruis",8.8,"11A",1994,5,NA,-34.624141,19.318095,"Ecklonia maxima","Random",1,NA,4,NA,NA
104,"SA_Gansbaai_kelp_data",NA,"Kruis",8.8,"11B",1994,5,NA,-34.624141,19.318095,"Ecklonia maxima","Random",1,NA,3,NA,NA
105,"SA_Gansbaai_kelp_data",NA,"Kruis",8.7,"11C",1994,5,NA,-34.624141,19.318095,"Ecklonia maxima","Random",1,NA,3,NA,NA
106,"SA_Gansbaai_kelp_data",NA,"Kruis",5.3,"1A",1994,5,NA,-34.624141,19.318095,"Ecklonia maxima","Random",1,NA,0,NA,NA
107,"SA_Gansbaai_kelp_data",NA,"Kruis",5.2,"1B",1994,5,NA,-34.624141,19.318095,"Ecklonia maxima","Random",1,NA,0,NA,NA
108,"SA_Gansbaai_kelp_data",NA,"Kruis",5.1,"1C",1994,5,NA,-34.624141,19.318095,"Ecklonia maxima","Random",1,NA,3,NA,NA
109,"SA_Gansbaai_kelp_data",NA,"Kruis",6.6,"2A",1994,5,NA,-34.624141,19.318095,"Ecklonia maxima","Random",1,NA,0,NA,NA
110,"SA_Gansbaai_kelp_data",NA,"Kruis",6.6,"2B",1994,5,NA,-34.624141,19.318095,"Ecklonia maxima","Random",1,NA,0,NA,NA
111,"SA_Gansbaai_kelp_data",NA,"Kruis",6.5,"2C",1994,5,NA,-34.624141,19.318095,"Ecklonia maxima","Random",1,NA,4,NA,NA
112,"SA_Gansbaai_kelp_data",NA,"Kruis",6.9,"3A",1994,5,NA,-34.624141,19.318095,"Ecklonia maxima","Random",1,NA,34,NA,NA
113,"SA_Gansbaai_kelp_data",NA,"Kruis",6.7,"3B",1994,5,NA,-34.624141,19.318095,"Ecklonia maxima","Random",1,NA,20,NA,NA
114,"SA_Gansbaai_kelp_data",NA,"Kruis",6.4,"3C",1994,5,NA,-34.624141,19.318095,"Ecklonia maxima","Random",1,NA,21,NA,NA
115,"SA_Gansbaai_kelp_data",NA,"Kruis",7.6,"4A",1994,5,NA,-34.624141,19.318095,"Ecklonia maxima","Random",1,NA,8,NA,NA
116,"SA_Gansbaai_kelp_data",NA,"Kruis",7.7,"4B",1994,5,NA,-34.624141,19.318095,"Ecklonia maxima","Random",1,NA,7,NA,NA
117,"SA_Gansbaai_kelp_data",NA,"Kruis",7.2,"4C",1994,5,NA,-34.624141,19.318095,"Ecklonia maxima","Random",1,NA,4,NA,NA
118,"SA_Gansbaai_kelp_data",NA,"Kruis",8.1,"5A",1994,5,NA,-34.624141,19.318095,"Ecklonia maxima","Random",1,NA,0,NA,NA
119,"SA_Gansbaai_kelp_data",NA,"Kruis",7.7,"5B",1994,5,NA,-34.624141,19.318095,"Ecklonia maxima","Random",1,NA,10,NA,NA
120,"SA_Gansbaai_kelp_data",NA,"Kruis",7.5,"5C",1994,5,NA,-34.624141,19.318095,"Ecklonia maxima","Random",1,NA,14,NA,NA
121,"SA_Gansbaai_kelp_data",NA,"Kruis",8,"6A",1994,5,NA,-34.624141,19.318095,"Ecklonia maxima","Random",1,NA,0,NA,NA
122,"SA_Gansbaai_kelp_data",NA,"Kruis",8.1,"6B",1994,5,NA,-34.624141,19.318095,"Ecklonia maxima","Random",1,NA,0,NA,NA
123,"SA_Gansbaai_kelp_data",NA,"Kruis",7.2,"6C",1994,5,NA,-34.624141,19.318095,"Ecklonia maxima","Random",1,NA,0,NA,NA
124,"SA_Gansbaai_kelp_data",NA,"Kruis",5.9,"7A",1994,5,NA,-34.624141,19.318095,"Ecklonia maxima","Random",1,NA,0,NA,NA
125,"SA_Gansbaai_kelp_data",NA,"Kruis",6.1,"7B",1994,5,NA,-34.624141,19.318095,"Ecklonia maxima","Random",1,NA,0,NA,NA
126,"SA_Gansbaai_kelp_data",NA,"Kruis",6.7,"7C",1994,5,NA,-34.624141,19.318095,"Ecklonia maxima","Random",1,NA,0,NA,NA
127,"SA_Gansbaai_kelp_data",NA,"Kruis",7.8,"8A",1994,5,NA,-34.624141,19.318095,"Ecklonia maxima","Random",1,NA,1,NA,NA
128,"SA_Gansbaai_kelp_data",NA,"Kruis",7.6,"8B",1994,5,NA,-34.624141,19.318095,"Ecklonia maxima","Random",1,NA,7,NA,NA
129,"SA_Gansbaai_kelp_data",NA,"Kruis",7.4,"8C",1994,5,NA,-34.624141,19.318095,"Ecklonia maxima","Random",1,NA,3,NA,NA
130,"SA_Gansbaai_kelp_data",NA,"Kruis",7,"9A",1994,5,NA,-34.624141,19.318095,"Ecklonia maxima","Random",1,NA,3,NA,NA
131,"SA_Gansbaai_kelp_data",NA,"Kruis",7.1,"9B",1994,5,NA,-34.624141,19.318095,"Ecklonia maxima","Random",1,NA,11,NA,NA
132,"SA_Gansbaai_kelp_data",NA,"Kruis",6.9,"9C",1994,5,NA,-34.624141,19.318095,"Ecklonia maxima","Random",1,NA,12,NA,NA
133,"SA_Gansbaai_kelp_data",NA,"Kruis",7.5,"10A",1994,11,NA,-34.624141,19.318095,"Ecklonia maxima","Random",1,NA,7,NA,NA
134,"SA_Gansbaai_kelp_data",NA,"Kruis",7.7,"10B",1994,11,NA,-34.624141,19.318095,"Ecklonia maxima","Random",1,NA,3,NA,NA
135,"SA_Gansbaai_kelp_data",NA,"Kruis",7.7,"10C",1994,11,NA,-34.624141,19.318095,"Ecklonia maxima","Random",1,NA,0,NA,NA
136,"SA_Gansbaai_kelp_data",NA,"Kruis",8,"11A",1994,11,NA,-34.624141,19.318095,"Ecklonia maxima","Random",1,NA,4,NA,NA
137,"SA_Gansbaai_kelp_data",NA,"Kruis",7.7,"11B",1994,11,NA,-34.624141,19.318095,"Ecklonia maxima","Random",1,NA,0,NA,NA
138,"SA_Gansbaai_kelp_data",NA,"Kruis",8,"11C",1994,11,NA,-34.624141,19.318095,"Ecklonia maxima","Random",1,NA,1,NA,NA
139,"SA_Gansbaai_kelp_data",NA,"Kruis",5.2,"1A",1994,11,NA,-34.624141,19.318095,"Ecklonia maxima","Random",1,NA,28,NA,NA
140,"SA_Gansbaai_kelp_data",NA,"Kruis",6.5,"1B",1994,11,NA,-34.624141,19.318095,"Ecklonia maxima","Random",1,NA,8,NA,NA
141,"SA_Gansbaai_kelp_data",NA,"Kruis",5.8,"1C",1994,11,NA,-34.624141,19.318095,"Ecklonia maxima","Random",1,NA,5,NA,NA
142,"SA_Gansbaai_kelp_data",NA,"Kruis",6.3,"2A",1994,11,NA,-34.624141,19.318095,"Ecklonia maxima","Random",1,NA,14,NA,NA
143,"SA_Gansbaai_kelp_data",NA,"Kruis",6.5,"2B",1994,11,NA,-34.624141,19.318095,"Ecklonia maxima","Random",1,NA,13,NA,NA
144,"SA_Gansbaai_kelp_data",NA,"Kruis",6.7,"2C",1994,11,NA,-34.624141,19.318095,"Ecklonia maxima","Random",1,NA,15,NA,NA
145,"SA_Gansbaai_kelp_data",NA,"Kruis",6.4,"3A",1994,11,NA,-34.624141,19.318095,"Ecklonia maxima","Random",1,NA,15,NA,NA
146,"SA_Gansbaai_kelp_data",NA,"Kruis",6.5,"3B",1994,11,NA,-34.624141,19.318095,"Ecklonia maxima","Random",1,NA,18,NA,NA
147,"SA_Gansbaai_kelp_data",NA,"Kruis",6.3,"3C",1994,11,NA,-34.624141,19.318095,"Ecklonia maxima","Random",1,NA,16,NA,NA
148,"SA_Gansbaai_kelp_data",NA,"Kruis",7.3,"4A",1994,11,NA,-34.624141,19.318095,"Ecklonia maxima","Random",1,NA,12,NA,NA
149,"SA_Gansbaai_kelp_data",NA,"Kruis",7.5,"4B",1994,11,NA,-34.624141,19.318095,"Ecklonia maxima","Random",1,NA,12,NA,NA
150,"SA_Gansbaai_kelp_data",NA,"Kruis",7.3,"4C",1994,11,NA,-34.624141,19.318095,"Ecklonia maxima","Random",1,NA,8,NA,NA
151,"SA_Gansbaai_kelp_data",NA,"Kruis",7.9,"5A",1994,11,NA,-34.624141,19.318095,"Ecklonia maxima","Random",1,NA,2,NA,NA
152,"SA_Gansbaai_kelp_data",NA,"Kruis",8,"5B",1994,11,NA,-34.624141,19.318095,"Ecklonia maxima","Random",1,NA,4,NA,NA
153,"SA_Gansbaai_kelp_data",NA,"Kruis",7.6,"5C",1994,11,NA,-34.624141,19.318095,"Ecklonia maxima","Random",1,NA,3,NA,NA
154,"SA_Gansbaai_kelp_data",NA,"Kruis",7.5,"6A",1994,11,NA,-34.624141,19.318095,"Ecklonia maxima","Random",1,NA,9,NA,NA
155,"SA_Gansbaai_kelp_data",NA,"Kruis",7.2,"6B",1994,11,NA,-34.624141,19.318095,"Ecklonia maxima","Random",1,NA,3,NA,NA
156,"SA_Gansbaai_kelp_data",NA,"Kruis",6.9,"6C",1994,11,NA,-34.624141,19.318095,"Ecklonia maxima","Random",1,NA,16,NA,NA
157,"SA_Gansbaai_kelp_data",NA,"Kruis",5.5,"7A",1994,11,NA,-34.624141,19.318095,"Ecklonia maxima","Random",1,NA,2,NA,NA
158,"SA_Gansbaai_kelp_data",NA,"Kruis",5.4,"7B",1994,11,NA,-34.624141,19.318095,"Ecklonia maxima","Random",1,NA,7,NA,NA
159,"SA_Gansbaai_kelp_data",NA,"Kruis",6.2,"7C",1994,11,NA,-34.624141,19.318095,"Ecklonia maxima","Random",1,NA,4,NA,NA
160,"SA_Gansbaai_kelp_data",NA,"Kruis",7.4,"8A",1994,11,NA,-34.624141,19.318095,"Ecklonia maxima","Random",1,NA,10,NA,NA
161,"SA_Gansbaai_kelp_data",NA,"Kruis",7.7,"8B",1994,11,NA,-34.624141,19.318095,"Ecklonia maxima","Random",1,NA,11,NA,NA
162,"SA_Gansbaai_kelp_data",NA,"Kruis",7.6,"8C",1994,11,NA,-34.624141,19.318095,"Ecklonia maxima","Random",1,NA,11,NA,NA
163,"SA_Gansbaai_kelp_data",NA,"Kruis",7.2,"9A",1994,11,NA,-34.624141,19.318095,"Ecklonia maxima","Random",1,NA,2,NA,NA
164,"SA_Gansbaai_kelp_data",NA,"Kruis",7.5,"9B",1994,11,NA,-34.624141,19.318095,"Ecklonia maxima","Random",1,NA,2,NA,NA
165,"SA_Gansbaai_kelp_data",NA,"Kruis",7.3,"9C",1994,11,NA,-34.624141,19.318095,"Ecklonia maxima","Random",1,NA,3,NA,NA
1,"SA_Gansbaai_kelp_data",NA,"Romans Bay",5.3,"10A",1992,5,NA,-34.60877,19.32826,"Ecklonia maxima","Random",1,NA,18,NA,NA
2,"SA_Gansbaai_kelp_data",NA,"Romans Bay",5.3,"10B",1992,5,NA,-34.60877,19.32826,"Ecklonia maxima","Random",1,NA,8,NA,NA
3,"SA_Gansbaai_kelp_data",NA,"Romans Bay",5.5,"10C",1992,5,NA,-34.60877,19.32826,"Ecklonia maxima","Random",1,NA,8,NA,NA
4,"SA_Gansbaai_kelp_data",NA,"Romans Bay",7.1,"11A",1992,5,NA,-34.60877,19.32826,"Ecklonia maxima","Random",1,NA,7,NA,NA
5,"SA_Gansbaai_kelp_data",NA,"Romans Bay",7.1,"11B",1992,5,NA,-34.60877,19.32826,"Ecklonia maxima","Random",1,NA,11,NA,NA
6,"SA_Gansbaai_kelp_data",NA,"Romans Bay",7.1,"11C",1992,5,NA,-34.60877,19.32826,"Ecklonia maxima","Random",1,NA,0,NA,NA
7,"SA_Gansbaai_kelp_data",NA,"Romans Bay",2.2,"1A",1992,5,NA,-34.60877,19.32826,"Ecklonia maxima","Random",1,NA,4,NA,NA
8,"SA_Gansbaai_kelp_data",NA,"Romans Bay",2.1,"1B",1992,5,NA,-34.60877,19.32826,"Ecklonia maxima","Random",1,NA,12,NA,NA
9,"SA_Gansbaai_kelp_data",NA,"Romans Bay",2.4,"1C",1992,5,NA,-34.60877,19.32826,"Ecklonia maxima","Random",1,NA,14,NA,NA
10,"SA_Gansbaai_kelp_data",NA,"Romans Bay",2.3,"2A",1992,5,NA,-34.60877,19.32826,"Ecklonia maxima","Random",1,NA,15,NA,NA
11,"SA_Gansbaai_kelp_data",NA,"Romans Bay",2.5,"2B",1992,5,NA,-34.60877,19.32826,"Ecklonia maxima","Random",1,NA,9,NA,NA
12,"SA_Gansbaai_kelp_data",NA,"Romans Bay",7.8,"2C",1992,5,NA,-34.60877,19.32826,"Ecklonia maxima","Random",1,NA,0,NA,NA
13,"SA_Gansbaai_kelp_data",NA,"Romans Bay",3.9,"3A",1992,5,NA,-34.60877,19.32826,"Ecklonia maxima","Random",1,NA,0,NA,NA
14,"SA_Gansbaai_kelp_data",NA,"Romans Bay",3.8,"3B",1992,5,NA,-34.60877,19.32826,"Ecklonia maxima","Random",1,NA,0,NA,NA
15,"SA_Gansbaai_kelp_data",NA,"Romans Bay",3.8,"3C",1992,5,NA,-34.60877,19.32826,"Ecklonia maxima","Random",1,NA,0,NA,NA
16,"SA_Gansbaai_kelp_data",NA,"Romans Bay",2.7,"4A",1992,5,NA,-34.60877,19.32826,"Ecklonia maxima","Random",1,NA,50,NA,NA
17,"SA_Gansbaai_kelp_data",NA,"Romans Bay",2.9,"4B",1992,5,NA,-34.60877,19.32826,"Ecklonia maxima","Random",1,NA,7,NA,NA
18,"SA_Gansbaai_kelp_data",NA,"Romans Bay",2.7,"4C",1992,5,NA,-34.60877,19.32826,"Ecklonia maxima","Random",1,NA,9,NA,NA
19,"SA_Gansbaai_kelp_data",NA,"Romans Bay",4,"5A",1992,5,NA,-34.60877,19.32826,"Ecklonia maxima","Random",1,NA,4,NA,NA
20,"SA_Gansbaai_kelp_data",NA,"Romans Bay",3.9,"5B",1992,5,NA,-34.60877,19.32826,"Ecklonia maxima","Random",1,NA,0,NA,NA
21,"SA_Gansbaai_kelp_data",NA,"Romans Bay",3.6,"5C",1992,5,NA,-34.60877,19.32826,"Ecklonia maxima","Random",1,NA,74,NA,NA
22,"SA_Gansbaai_kelp_data",NA,"Romans Bay",3.5,"6A",1992,5,NA,-34.60877,19.32826,"Ecklonia maxima","Random",1,NA,49,NA,NA
23,"SA_Gansbaai_kelp_data",NA,"Romans Bay",3.6,"6B",1992,5,NA,-34.60877,19.32826,"Ecklonia maxima","Random",1,NA,35,NA,NA
24,"SA_Gansbaai_kelp_data",NA,"Romans Bay",4.2,"6C",1992,5,NA,-34.60877,19.32826,"Ecklonia maxima","Random",1,NA,31,NA,NA
25,"SA_Gansbaai_kelp_data",NA,"Romans Bay",3.1,"7A",1992,5,NA,-34.60877,19.32826,"Ecklonia maxima","Random",1,NA,1,NA,NA
26,"SA_Gansbaai_kelp_data",NA,"Romans Bay",3.5,"7B",1992,5,NA,-34.60877,19.32826,"Ecklonia maxima","Random",1,NA,7,NA,NA
27,"SA_Gansbaai_kelp_data",NA,"Romans Bay",2.8,"7C",1992,5,NA,-34.60877,19.32826,"Ecklonia maxima","Random",1,NA,15,NA,NA
28,"SA_Gansbaai_kelp_data",NA,"Romans Bay",2.8,"8A",1992,5,NA,-34.60877,19.32826,"Ecklonia maxima","Random",1,NA,32,NA,NA
29,"SA_Gansbaai_kelp_data",NA,"Romans Bay",3.5,"8B",1992,5,NA,-34.60877,19.32826,"Ecklonia maxima","Random",1,NA,4,NA,NA
30,"SA_Gansbaai_kelp_data",NA,"Romans Bay",3.2,"8C",1992,5,NA,-34.60877,19.32826,"Ecklonia maxima","Random",1,NA,12,NA,NA
31,"SA_Gansbaai_kelp_data",NA,"Romans Bay",4.3,"9A",1992,5,NA,-34.60877,19.32826,"Ecklonia maxima","Random",1,NA,9,NA,NA
32,"SA_Gansbaai_kelp_data",NA,"Romans Bay",4.2,"9B",1992,5,NA,-34.60877,19.32826,"Ecklonia maxima","Random",1,NA,14,NA,NA
33,"SA_Gansbaai_kelp_data",NA,"Romans Bay",4,"9C",1992,5,NA,-34.60877,19.32826,"Ecklonia maxima","Random",1,NA,9,NA,NA
34,"SA_Gansbaai_kelp_data",NA,"Romans Bay",5.6,"10A",1992,11,NA,-34.60877,19.32826,"Ecklonia maxima","Random",1,NA,0,NA,NA
35,"SA_Gansbaai_kelp_data",NA,"Romans Bay",5.2,"10B",1992,11,NA,-34.60877,19.32826,"Ecklonia maxima","Random",1,NA,0,NA,NA
36,"SA_Gansbaai_kelp_data",NA,"Romans Bay",5.7,"10C",1992,11,NA,-34.60877,19.32826,"Ecklonia maxima","Random",1,NA,2,NA,NA
37,"SA_Gansbaai_kelp_data",NA,"Romans Bay",6.2,"11A",1992,11,NA,-34.60877,19.32826,"Ecklonia maxima","Random",1,NA,1,NA,NA
38,"SA_Gansbaai_kelp_data",NA,"Romans Bay",5.9,"11B",1992,11,NA,-34.60877,19.32826,"Ecklonia maxima","Random",1,NA,4,NA,NA
39,"SA_Gansbaai_kelp_data",NA,"Romans Bay",6.1,"11C",1992,11,NA,-34.60877,19.32826,"Ecklonia maxima","Random",1,NA,6,NA,NA
40,"SA_Gansbaai_kelp_data",NA,"Romans Bay",3.3,"1A",1992,11,NA,-34.60877,19.32826,"Ecklonia maxima","Random",1,NA,2,NA,NA
41,"SA_Gansbaai_kelp_data",NA,"Romans Bay",3.4,"1B",1992,11,NA,-34.60877,19.32826,"Ecklonia maxima","Random",1,NA,1,NA,NA
42,"SA_Gansbaai_kelp_data",NA,"Romans Bay",3.5,"1C",1992,11,NA,-34.60877,19.32826,"Ecklonia maxima","Random",1,NA,2,NA,NA
43,"SA_Gansbaai_kelp_data",NA,"Romans Bay",3.4,"2A",1992,11,NA,-34.60877,19.32826,"Ecklonia maxima","Random",1,NA,4,NA,NA
44,"SA_Gansbaai_kelp_data",NA,"Romans Bay",3.6,"2B",1992,11,NA,-34.60877,19.32826,"Ecklonia maxima","Random",1,NA,8,NA,NA
45,"SA_Gansbaai_kelp_data",NA,"Romans Bay",3.8,"2C",1992,11,NA,-34.60877,19.32826,"Ecklonia maxima","Random",1,NA,0,NA,NA
46,"SA_Gansbaai_kelp_data",NA,"Romans Bay",4.5,"3A",1992,11,NA,-34.60877,19.32826,"Ecklonia maxima","Random",1,NA,0,NA,NA
47,"SA_Gansbaai_kelp_data",NA,"Romans Bay",4,"3B",1992,11,NA,-34.60877,19.32826,"Ecklonia maxima","Random",1,NA,0,NA,NA
48,"SA_Gansbaai_kelp_data",NA,"Romans Bay",4.1,"3C",1992,11,NA,-34.60877,19.32826,"Ecklonia maxima","Random",1,NA,0,NA,NA
49,"SA_Gansbaai_kelp_data",NA,"Romans Bay",3.9,"4A",1992,11,NA,-34.60877,19.32826,"Ecklonia maxima","Random",1,NA,0,NA,NA
50,"SA_Gansbaai_kelp_data",NA,"Romans Bay",3.5,"4B",1992,11,NA,-34.60877,19.32826,"Ecklonia maxima","Random",1,NA,1,NA,NA
51,"SA_Gansbaai_kelp_data",NA,"Romans Bay",2.8,"4C",1992,11,NA,-34.60877,19.32826,"Ecklonia maxima","Random",1,NA,6,NA,NA
52,"SA_Gansbaai_kelp_data",NA,"Romans Bay",3.6,"5A",1992,11,NA,-34.60877,19.32826,"Ecklonia maxima","Random",1,NA,0,NA,NA
53,"SA_Gansbaai_kelp_data",NA,"Romans Bay",3.8,"5B",1992,11,NA,-34.60877,19.32826,"Ecklonia maxima","Random",1,NA,0,NA,NA
54,"SA_Gansbaai_kelp_data",NA,"Romans Bay",4,"5C",1992,11,NA,-34.60877,19.32826,"Ecklonia maxima","Random",1,NA,0,NA,NA
55,"SA_Gansbaai_kelp_data",NA,"Romans Bay",3.4,"6A",1992,11,NA,-34.60877,19.32826,"Ecklonia maxima","Random",1,NA,4,NA,NA
56,"SA_Gansbaai_kelp_data",NA,"Romans Bay",3.4,"6B",1992,11,NA,-34.60877,19.32826,"Ecklonia maxima","Random",1,NA,6,NA,NA
57,"SA_Gansbaai_kelp_data",NA,"Romans Bay",3.1,"6C",1992,11,NA,-34.60877,19.32826,"Ecklonia maxima","Random",1,NA,5,NA,NA
58,"SA_Gansbaai_kelp_data",NA,"Romans Bay",3.8,"7A",1992,11,NA,-34.60877,19.32826,"Ecklonia maxima","Random",1,NA,7,NA,NA
59,"SA_Gansbaai_kelp_data",NA,"Romans Bay",3.8,"7B",1992,11,NA,-34.60877,19.32826,"Ecklonia maxima","Random",1,NA,0,NA,NA
60,"SA_Gansbaai_kelp_data",NA,"Romans Bay",4,"7C",1992,11,NA,-34.60877,19.32826,"Ecklonia maxima","Random",1,NA,9,NA,NA
61,"SA_Gansbaai_kelp_data",NA,"Romans Bay",3,"8A",1992,11,NA,-34.60877,19.32826,"Ecklonia maxima","Random",1,NA,18,NA,NA
62,"SA_Gansbaai_kelp_data",NA,"Romans Bay",2.9,"8B",1992,11,NA,-34.60877,19.32826,"Ecklonia maxima","Random",1,NA,8,NA,NA
63,"SA_Gansbaai_kelp_data",NA,"Romans Bay",3.4,"8C",1992,11,NA,-34.60877,19.32826,"Ecklonia maxima","Random",1,NA,10,NA,NA
64,"SA_Gansbaai_kelp_data",NA,"Romans Bay",4.2,"9A",1992,11,NA,-34.60877,19.32826,"Ecklonia maxima","Random",1,NA,0,NA,NA
65,"SA_Gansbaai_kelp_data",NA,"Romans Bay",4.1,"9B",1992,11,NA,-34.60877,19.32826,"Ecklonia maxima","Random",1,NA,7,NA,NA
66,"SA_Gansbaai_kelp_data",NA,"Romans Bay",3.6,"9C",1992,11,NA,-34.60877,19.32826,"Ecklonia maxima","Random",1,NA,11,NA,NA
67,"SA_Gansbaai_kelp_data",NA,"Romans Bay",5.3,"10A",1993,5,NA,-34.60877,19.32826,"Ecklonia maxima","Random",1,NA,9,NA,NA
68,"SA_Gansbaai_kelp_data",NA,"Romans Bay",5,"10B",1993,5,NA,-34.60877,19.32826,"Ecklonia maxima","Random",1,NA,21,NA,NA
69,"SA_Gansbaai_kelp_data",NA,"Romans Bay",5.2,"10C",1993,5,NA,-34.60877,19.32826,"Ecklonia maxima","Random",1,NA,33,NA,NA
70,"SA_Gansbaai_kelp_data",NA,"Romans Bay",6.5,"11A",1993,5,NA,-34.60877,19.32826,"Ecklonia maxima","Random",1,NA,0,NA,NA
71,"SA_Gansbaai_kelp_data",NA,"Romans Bay",6.1,"11B",1993,5,NA,-34.60877,19.32826,"Ecklonia maxima","Random",1,NA,10,NA,NA
72,"SA_Gansbaai_kelp_data",NA,"Romans Bay",5.9,"11C",1993,5,NA,-34.60877,19.32826,"Ecklonia maxima","Random",1,NA,10,NA,NA
73,"SA_Gansbaai_kelp_data",NA,"Romans Bay",2,"1A",1993,5,NA,-34.60877,19.32826,"Ecklonia maxima","Random",1,NA,8,NA,NA
74,"SA_Gansbaai_kelp_data",NA,"Romans Bay",3.3,"1B",1993,5,NA,-34.60877,19.32826,"Ecklonia maxima","Random",1,NA,2,NA,NA
75,"SA_Gansbaai_kelp_data",NA,"Romans Bay",2.9,"1C",1993,5,NA,-34.60877,19.32826,"Ecklonia maxima","Random",1,NA,5,NA,NA
76,"SA_Gansbaai_kelp_data",NA,"Romans Bay",2.9,"2A",1993,5,NA,-34.60877,19.32826,"Ecklonia maxima","Random",1,NA,2,NA,NA
77,"SA_Gansbaai_kelp_data",NA,"Romans Bay",3.5,"2B",1993,5,NA,-34.60877,19.32826,"Ecklonia maxima","Random",1,NA,0,NA,NA
78,"SA_Gansbaai_kelp_data",NA,"Romans Bay",3.5,"2C",1993,5,NA,-34.60877,19.32826,"Ecklonia maxima","Random",1,NA,4,NA,NA
79,"SA_Gansbaai_kelp_data",NA,"Romans Bay",4.9,"3A",1993,5,NA,-34.60877,19.32826,"Ecklonia maxima","Random",1,NA,0,NA,NA
80,"SA_Gansbaai_kelp_data",NA,"Romans Bay",3.8,"3B",1993,5,NA,-34.60877,19.32826,"Ecklonia maxima","Random",1,NA,0,NA,NA
81,"SA_Gansbaai_kelp_data",NA,"Romans Bay",1.8,"3C",1993,5,NA,-34.60877,19.32826,"Ecklonia maxima","Random",1,NA,12,NA,NA
82,"SA_Gansbaai_kelp_data",NA,"Romans Bay",1.1,"4A",1993,5,NA,-34.60877,19.32826,"Ecklonia maxima","Random",1,NA,3,NA,NA
83,"SA_Gansbaai_kelp_data",NA,"Romans Bay",2.2,"4B",1993,5,NA,-34.60877,19.32826,"Ecklonia maxima","Random",1,NA,0,NA,NA
84,"SA_Gansbaai_kelp_data",NA,"Romans Bay",2,"4C",1993,5,NA,-34.60877,19.32826,"Ecklonia maxima","Random",1,NA,5,NA,NA
85,"SA_Gansbaai_kelp_data",NA,"Romans Bay",2.3,"5A",1993,5,NA,-34.60877,19.32826,"Ecklonia maxima","Random",1,NA,0,NA,NA
86,"SA_Gansbaai_kelp_data",NA,"Romans Bay",2.2,"5B",1993,5,NA,-34.60877,19.32826,"Ecklonia maxima","Random",1,NA,38,NA,NA
87,"SA_Gansbaai_kelp_data",NA,"Romans Bay",1.9,"5C",1993,5,NA,-34.60877,19.32826,"Ecklonia maxima","Random",1,NA,1,NA,NA
88,"SA_Gansbaai_kelp_data",NA,"Romans Bay",3.2,"6A",1993,5,NA,-34.60877,19.32826,"Ecklonia maxima","Random",1,NA,14,NA,NA
89,"SA_Gansbaai_kelp_data",NA,"Romans Bay",3.2,"6B",1993,5,NA,-34.60877,19.32826,"Ecklonia maxima","Random",1,NA,3,NA,NA
90,"SA_Gansbaai_kelp_data",NA,"Romans Bay",3.3,"6C",1993,5,NA,-34.60877,19.32826,"Ecklonia maxima","Random",1,NA,10,NA,NA
91,"SA_Gansbaai_kelp_data",NA,"Romans Bay",3.6,"7A",1993,5,NA,-34.60877,19.32826,"Ecklonia maxima","Random",1,NA,12,NA,NA
92,"SA_Gansbaai_kelp_data",NA,"Romans Bay",3.5,"7B",1993,5,NA,-34.60877,19.32826,"Ecklonia maxima","Random",1,NA,11,NA,NA
93,"SA_Gansbaai_kelp_data",NA,"Romans Bay",3.6,"7C",1993,5,NA,-34.60877,19.32826,"Ecklonia maxima","Random",1,NA,0,NA,NA
94,"SA_Gansbaai_kelp_data",NA,"Romans Bay",4,"8A",1993,5,NA,-34.60877,19.32826,"Ecklonia maxima","Random",1,NA,12,NA,NA
95,"SA_Gansbaai_kelp_data",NA,"Romans Bay",4.3,"8B",1993,5,NA,-34.60877,19.32826,"Ecklonia maxima","Random",1,NA,22,NA,NA
96,"SA_Gansbaai_kelp_data",NA,"Romans Bay",6.6,"8C",1993,5,NA,-34.60877,19.32826,"Ecklonia maxima","Random",1,NA,1,NA,NA
97,"SA_Gansbaai_kelp_data",NA,"Romans Bay",5,"9A",1993,5,NA,-34.60877,19.32826,"Ecklonia maxima","Random",1,NA,3,NA,NA
98,"SA_Gansbaai_kelp_data",NA,"Romans Bay",6,"9B",1993,5,NA,-34.60877,19.32826,"Ecklonia maxima","Random",1,NA,1,NA,NA
99,"SA_Gansbaai_kelp_data",NA,"Romans Bay",5.9,"9C",1993,5,NA,-34.60877,19.32826,"Ecklonia maxima","Random",1,NA,7,NA,NA
100,"SA_Gansbaai_kelp_data",NA,"Romans Bay",4.5,"10A",1993,11,NA,-34.60877,19.32826,"Ecklonia maxima","Random",1,NA,5,NA,NA
101,"SA_Gansbaai_kelp_data",NA,"Romans Bay",4.6,"10B",1993,11,NA,-34.60877,19.32826,"Ecklonia maxima","Random",1,NA,0,NA,NA
102,"SA_Gansbaai_kelp_data",NA,"Romans Bay",4.3,"10C",1993,11,NA,-34.60877,19.32826,"Ecklonia maxima","Random",1,NA,4,NA,NA
103,"SA_Gansbaai_kelp_data",NA,"Romans Bay",6.2,"11A",1993,11,NA,-34.60877,19.32826,"Ecklonia maxima","Random",1,NA,2,NA,NA
104,"SA_Gansbaai_kelp_data",NA,"Romans Bay",5.9,"11B",1993,11,NA,-34.60877,19.32826,"Ecklonia maxima","Random",1,NA,0,NA,NA
105,"SA_Gansbaai_kelp_data",NA,"Romans Bay",5.5,"11C",1993,11,NA,-34.60877,19.32826,"Ecklonia maxima","Random",1,NA,0,NA,NA
106,"SA_Gansbaai_kelp_data",NA,"Romans Bay",2.7,"1A",1993,11,NA,-34.60877,19.32826,"Ecklonia maxima","Random",1,NA,2,NA,NA
107,"SA_Gansbaai_kelp_data",NA,"Romans Bay",2.2,"1B",1993,11,NA,-34.60877,19.32826,"Ecklonia maxima","Random",1,NA,4,NA,NA
108,"SA_Gansbaai_kelp_data",NA,"Romans Bay",2.1,"1C",1993,11,NA,-34.60877,19.32826,"Ecklonia maxima","Random",1,NA,3,NA,NA
109,"SA_Gansbaai_kelp_data",NA,"Romans Bay",3.2,"2A",1993,11,NA,-34.60877,19.32826,"Ecklonia maxima","Random",1,NA,2,NA,NA
110,"SA_Gansbaai_kelp_data",NA,"Romans Bay",3.4,"2B",1993,11,NA,-34.60877,19.32826,"Ecklonia maxima","Random",1,NA,0,NA,NA
111,"SA_Gansbaai_kelp_data",NA,"Romans Bay",4,"2C",1993,11,NA,-34.60877,19.32826,"Ecklonia maxima","Random",1,NA,0,NA,NA
112,"SA_Gansbaai_kelp_data",NA,"Romans Bay",3.5,"3A",1993,11,NA,-34.60877,19.32826,"Ecklonia maxima","Random",1,NA,0,NA,NA
113,"SA_Gansbaai_kelp_data",NA,"Romans Bay",3.7,"3B",1993,11,NA,-34.60877,19.32826,"Ecklonia maxima","Random",1,NA,0,NA,NA
114,"SA_Gansbaai_kelp_data",NA,"Romans Bay",4.3,"3C",1993,11,NA,-34.60877,19.32826,"Ecklonia maxima","Random",1,NA,0,NA,NA
115,"SA_Gansbaai_kelp_data",NA,"Romans Bay",3.8,"4A",1993,11,NA,-34.60877,19.32826,"Ecklonia maxima","Random",1,NA,0,NA,NA
116,"SA_Gansbaai_kelp_data",NA,"Romans Bay",3.3,"4B",1993,11,NA,-34.60877,19.32826,"Ecklonia maxima","Random",1,NA,0,NA,NA
117,"SA_Gansbaai_kelp_data",NA,"Romans Bay",3.1,"4C",1993,11,NA,-34.60877,19.32826,"Ecklonia maxima","Random",1,NA,0,NA,NA
118,"SA_Gansbaai_kelp_data",NA,"Romans Bay",2.9,"5A",1993,11,NA,-34.60877,19.32826,"Ecklonia maxima","Random",1,NA,0,NA,NA
119,"SA_Gansbaai_kelp_data",NA,"Romans Bay",2.7,"5B",1993,11,NA,-34.60877,19.32826,"Ecklonia maxima","Random",1,NA,0,NA,NA
120,"SA_Gansbaai_kelp_data",NA,"Romans Bay",2.7,"5C",1993,11,NA,-34.60877,19.32826,"Ecklonia maxima","Random",1,NA,0,NA,NA
121,"SA_Gansbaai_kelp_data",NA,"Romans Bay",2.5,"6A",1993,11,NA,-34.60877,19.32826,"Ecklonia maxima","Random",1,NA,10,NA,NA
122,"SA_Gansbaai_kelp_data",NA,"Romans Bay",2.5,"6B",1993,11,NA,-34.60877,19.32826,"Ecklonia maxima","Random",1,NA,17,NA,NA
123,"SA_Gansbaai_kelp_data",NA,"Romans Bay",2.5,"6C",1993,11,NA,-34.60877,19.32826,"Ecklonia maxima","Random",1,NA,12,NA,NA
124,"SA_Gansbaai_kelp_data",NA,"Romans Bay",3,"7A",1993,11,NA,-34.60877,19.32826,"Ecklonia maxima","Random",1,NA,16,NA,NA
125,"SA_Gansbaai_kelp_data",NA,"Romans Bay",2.9,"7B",1993,11,NA,-34.60877,19.32826,"Ecklonia maxima","Random",1,NA,9,NA,NA
126,"SA_Gansbaai_kelp_data",NA,"Romans Bay",3.3,"7C",1993,11,NA,-34.60877,19.32826,"Ecklonia maxima","Random",1,NA,8,NA,NA
127,"SA_Gansbaai_kelp_data",NA,"Romans Bay",2.6,"8A",1993,11,NA,-34.60877,19.32826,"Ecklonia maxima","Random",1,NA,13,NA,NA
128,"SA_Gansbaai_kelp_data",NA,"Romans Bay",2.6,"8B",1993,11,NA,-34.60877,19.32826,"Ecklonia maxima","Random",1,NA,13,NA,NA
129,"SA_Gansbaai_kelp_data",NA,"Romans Bay",2.6,"8C",1993,11,NA,-34.60877,19.32826,"Ecklonia maxima","Random",1,NA,9,NA,NA
130,"SA_Gansbaai_kelp_data",NA,"Romans Bay",3.9,"9A",1993,11,NA,-34.60877,19.32826,"Ecklonia maxima","Random",1,NA,7,NA,NA
131,"SA_Gansbaai_kelp_data",NA,"Romans Bay",3.6,"9B",1993,11,NA,-34.60877,19.32826,"Ecklonia maxima","Random",1,NA,11,NA,NA
132,"SA_Gansbaai_kelp_data",NA,"Romans Bay",3.3,"9C",1993,11,NA,-34.60877,19.32826,"Ecklonia maxima","Random",1,NA,4,NA,NA
133,"SA_Gansbaai_kelp_data",NA,"Romans Bay",5.4,"10A",1994,5,NA,-34.60877,19.32826,"Ecklonia maxima","Random",1,NA,4,NA,NA
134,"SA_Gansbaai_kelp_data",NA,"Romans Bay",5,"10B",1994,5,NA,-34.60877,19.32826,"Ecklonia maxima","Random",1,NA,1,NA,NA
135,"SA_Gansbaai_kelp_data",NA,"Romans Bay",4.7,"10C",1994,5,NA,-34.60877,19.32826,"Ecklonia maxima","Random",1,NA,7,NA,NA
136,"SA_Gansbaai_kelp_data",NA,"Romans Bay",6.5,"11A",1994,5,NA,-34.60877,19.32826,"Ecklonia maxima","Random",1,NA,4,NA,NA
137,"SA_Gansbaai_kelp_data",NA,"Romans Bay",6.9,"11B",1994,5,NA,-34.60877,19.32826,"Ecklonia maxima","Random",1,NA,5,NA,NA
138,"SA_Gansbaai_kelp_data",NA,"Romans Bay",6.6,"11C",1994,5,NA,-34.60877,19.32826,"Ecklonia maxima","Random",1,NA,4,NA,NA
139,"SA_Gansbaai_kelp_data",NA,"Romans Bay",3.3,"1A",1994,5,NA,-34.60877,19.32826,"Ecklonia maxima","Random",1,NA,36,NA,NA
140,"SA_Gansbaai_kelp_data",NA,"Romans Bay",3.1,"1B",1994,5,NA,-34.60877,19.32826,"Ecklonia maxima","Random",1,NA,6,NA,NA
141,"SA_Gansbaai_kelp_data",NA,"Romans Bay",2.9,"1C",1994,5,NA,-34.60877,19.32826,"Ecklonia maxima","Random",1,NA,14,NA,NA
142,"SA_Gansbaai_kelp_data",NA,"Romans Bay",3.1,"2A",1994,5,NA,-34.60877,19.32826,"Ecklonia maxima","Random",1,NA,18,NA,NA
143,"SA_Gansbaai_kelp_data",NA,"Romans Bay",3.2,"2B",1994,5,NA,-34.60877,19.32826,"Ecklonia maxima","Random",1,NA,10,NA,NA
144,"SA_Gansbaai_kelp_data",NA,"Romans Bay",3.2,"2C",1994,5,NA,-34.60877,19.32826,"Ecklonia maxima","Random",1,NA,27,NA,NA
145,"SA_Gansbaai_kelp_data",NA,"Romans Bay",4.3,"3A",1994,5,NA,-34.60877,19.32826,"Ecklonia maxima","Random",1,NA,0,NA,NA
146,"SA_Gansbaai_kelp_data",NA,"Romans Bay",4.3,"3B",1994,5,NA,-34.60877,19.32826,"Ecklonia maxima","Random",1,NA,1,NA,NA
147,"SA_Gansbaai_kelp_data",NA,"Romans Bay",3.7,"3C",1994,5,NA,-34.60877,19.32826,"Ecklonia maxima","Random",1,NA,0,NA,NA
148,"SA_Gansbaai_kelp_data",NA,"Romans Bay",3.6,"4A",1994,5,NA,-34.60877,19.32826,"Ecklonia maxima","Random",1,NA,3,NA,NA
149,"SA_Gansbaai_kelp_data",NA,"Romans Bay",3.1,"4B",1994,5,NA,-34.60877,19.32826,"Ecklonia maxima","Random",1,NA,15,NA,NA
150,"SA_Gansbaai_kelp_data",NA,"Romans Bay",2.7,"4C",1994,5,NA,-34.60877,19.32826,"Ecklonia maxima","Random",1,NA,25,NA,NA
151,"SA_Gansbaai_kelp_data",NA,"Romans Bay",3.3,"5A",1994,5,NA,-34.60877,19.32826,"Ecklonia maxima","Random",1,NA,5,NA,NA
152,"SA_Gansbaai_kelp_data",NA,"Romans Bay",3.1,"5B",1994,5,NA,-34.60877,19.32826,"Ecklonia maxima","Random",1,NA,21,NA,NA
153,"SA_Gansbaai_kelp_data",NA,"Romans Bay",2.4,"5C",1994,5,NA,-34.60877,19.32826,"Ecklonia maxima","Random",1,NA,14,NA,NA
154,"SA_Gansbaai_kelp_data",NA,"Romans Bay",4,"6A",1994,5,NA,-34.60877,19.32826,"Ecklonia maxima","Random",1,NA,24,NA,NA
155,"SA_Gansbaai_kelp_data",NA,"Romans Bay",4.2,"6B",1994,5,NA,-34.60877,19.32826,"Ecklonia maxima","Random",1,NA,1,NA,NA
156,"SA_Gansbaai_kelp_data",NA,"Romans Bay",4.1,"6C",1994,5,NA,-34.60877,19.32826,"Ecklonia maxima","Random",1,NA,1,NA,NA
157,"SA_Gansbaai_kelp_data",NA,"Romans Bay",2.8,"7A",1994,5,NA,-34.60877,19.32826,"Ecklonia maxima","Random",1,NA,5,NA,NA
158,"SA_Gansbaai_kelp_data",NA,"Romans Bay",2.8,"7B",1994,5,NA,-34.60877,19.32826,"Ecklonia maxima","Random",1,NA,16,NA,NA
159,"SA_Gansbaai_kelp_data",NA,"Romans Bay",3,"7C",1994,5,NA,-34.60877,19.32826,"Ecklonia maxima","Random",1,NA,0,NA,NA
160,"SA_Gansbaai_kelp_data",NA,"Romans Bay",2.8,"8A",1994,5,NA,-34.60877,19.32826,"Ecklonia maxima","Random",1,NA,14,NA,NA
161,"SA_Gansbaai_kelp_data",NA,"Romans Bay",3,"8B",1994,5,NA,-34.60877,19.32826,"Ecklonia maxima","Random",1,NA,6,NA,NA
162,"SA_Gansbaai_kelp_data",NA,"Romans Bay",3.2,"8C",1994,5,NA,-34.60877,19.32826,"Ecklonia maxima","Random",1,NA,1,NA,NA
163,"SA_Gansbaai_kelp_data",NA,"Romans Bay",4.2,"9A",1994,5,NA,-34.60877,19.32826,"Ecklonia maxima","Random",1,NA,0,NA,NA
164,"SA_Gansbaai_kelp_data",NA,"Romans Bay",4,"9B",1994,5,NA,-34.60877,19.32826,"Ecklonia maxima","Random",1,NA,5,NA,NA
165,"SA_Gansbaai_kelp_data",NA,"Romans Bay",4.9,"9C",1994,5,NA,-34.60877,19.32826,"Ecklonia maxima","Random",1,NA,0,NA,NA
