"Entry","Study","Region","Site","Depth.m","Sample.ID","Sample.Year","Sample.Month","Sample.Day","Latitude","Longitude","Taxon","Fixed.or.Random","Sample.Unit.Size.sq.m","Percent.Cover","Stipe.Density.num.per.sq.m","Individual.Density.num.per.sq.m","Biomass.kg.wet.per.sq.m"
1,"Nova_Scotia","Nova.Scotia","Whitehead Island",6,1,1952,7,NA,43.639791,-65.932218,-1,"Random",1,NA,NA,NA,19.4
2,"Nova_Scotia","Nova.Scotia","Whitehead Island",6,2,1979,6,NA,43.639791,-65.932218,-1,"Random",1,NA,NA,NA,4.8
3,"Nova_Scotia","Nova.Scotia","Whitehead Island",3.5,3,1982,6,NA,43.639791,-65.932218,-1,"Random",1,NA,NA,NA,3.2
4,"Nova_Scotia","Nova.Scotia","Whitehead Island",5,4,2014,11,NA,43.639791,-65.932218,-1,"Random",1,NA,NA,NA,3.051
5,"Nova_Scotia","Nova.Scotia","Whitehead Island",9,5,1984,8,NA,43.639791,-65.932218,-1,"Random",1,NA,NA,10.9,3.75
6,"Nova_Scotia","Nova.Scotia","Lobster Bay",3.5,6,1982,6,NA,43.67833333,-65.88,-1,"Random",1,NA,NA,NA,3.2
7,"Nova_Scotia","Nova.Scotia","Mouton Head",9,7,1984,7,NA,43.87,-64.78166667,509,"Random",1,NA,NA,0.3,0
8,"Nova_Scotia","Nova.Scotia","Mouton Head",9,8,1984,7,NA,43.87,-64.78166667,42,"Random",1,NA,NA,0.1,0
9,"Nova_Scotia","Nova.Scotia","Mouton Head",9,9,1984,7,NA,43.87,-64.78166667,193,"Random",1,NA,NA,0.8,0.01
10,"Nova_Scotia","Nova.Scotia","Western Head",9,10,1984,8,NA,43.987,-64.677,509,"Random",1,NA,NA,1.1,0.08
11,"Nova_Scotia","Nova.Scotia","Western Head",9,11,1984,8,NA,43.987,-64.677,42,"Random",1,NA,NA,3.2,0.15
12,"Nova_Scotia","Nova.Scotia","Western Head",9,12,1984,8,NA,43.987,-64.677,193,"Random",1,NA,NA,3.6,0.07
13,"Nova_Scotia","Nova.Scotia","Eagle Head",9,13,1984,7,NA,44.06,-64.605,509,"Random",1,NA,NA,2.4,0
14,"Nova_Scotia","Nova.Scotia","Eagle Head",9,14,1984,7,NA,44.06,-64.605,42,"Random",1,NA,NA,0,0.06
15,"Nova_Scotia","Nova.Scotia","Eagle Head",9,15,1984,7,NA,44.06,-64.605,193,"Random",1,NA,NA,1.4,0.03
16,"Nova_Scotia","Nova.Scotia","Pollock Point",9,16,1984,7,NA,44.14,-64.48333333,509,"Random",1,NA,NA,33.4,7.51
17,"Nova_Scotia","Nova.Scotia","Pollock Point",9,17,1984,7,NA,44.14,-64.48333333,42,"Random",1,NA,NA,2.4,0.8
18,"Nova_Scotia","Nova.Scotia","Pollock Point",9,18,1984,7,NA,44.14,-64.48333333,193,"Random",1,NA,NA,0.1,0
19,"Nova_Scotia","Nova.Scotia","Feltzen South",6.5,19,2008,8,NA,44.33166667,-64.28166667,509,"Random",1,NA,NA,6,NA
20,"Nova_Scotia","Nova.Scotia","Feltzen South",6.5,20,2008,10,NA,44.33166667,-64.28166667,509,"Random",1,NA,NA,8,NA
21,"Nova_Scotia","Nova.Scotia","Feltzen South",6.5,21,2008,11,NA,44.33166667,-64.28166667,509,"Random",1,NA,NA,5,NA
22,"Nova_Scotia","Nova.Scotia","Feltzen South",6.5,22,2008,8,NA,44.33166667,-64.28166667,42,"Random",1,NA,NA,7,NA
23,"Nova_Scotia","Nova.Scotia","Feltzen South",6.5,23,2008,10,NA,44.33166667,-64.28166667,42,"Random",1,NA,NA,11,NA
24,"Nova_Scotia","Nova.Scotia","Feltzen South",6.5,24,2008,11,NA,44.33166667,-64.28166667,42,"Random",1,NA,NA,5,NA
25,"Nova_Scotia","Nova.Scotia","East Point",9,25,1984,7,NA,44.34166667,-64.205,509,"Random",1,NA,NA,13,3.14
26,"Nova_Scotia","Nova.Scotia","East Point",9,26,1984,7,NA,44.34166667,-64.205,42,"Random",1,NA,NA,9.6,5.08
27,"Nova_Scotia","Nova.Scotia","East Point",9,27,1984,7,NA,44.34166667,-64.205,193,"Random",1,NA,NA,0,0
28,"Nova_Scotia","Nova.Scotia","Little Duck Island",6,28,1992,8,NA,44.36666667,-64.18333333,509,"Random",1,NA,NA,38,0.5
29,"Nova_Scotia","Nova.Scotia","Little Duck Island",6,29,1993,8,NA,44.36666667,-64.18333333,509,"Random",1,NA,NA,21,3.2
30,"Nova_Scotia","Nova.Scotia","Little Duck Island",6,30,1994,8,NA,44.36666667,-64.18333333,509,"Random",1,NA,NA,40,0.9
31,"Nova_Scotia","Nova.Scotia","Little Duck Island",6,31,1995,8,NA,44.36666667,-64.18333333,509,"Random",1,NA,NA,45,5.8
32,"Nova_Scotia","Nova.Scotia","Little Duck Island",6,32,1997,8,NA,44.36666667,-64.18333333,509,"Random",1,NA,NA,26,2.8
33,"Nova_Scotia","Nova.Scotia","Little Duck Island",6,33,1998,8,NA,44.36666667,-64.18333333,509,"Random",1,NA,NA,60,2.2
34,"Nova_Scotia","Nova.Scotia","Little Duck Island",6,34,1999,8,NA,44.36666667,-64.18333333,509,"Random",1,NA,NA,NA,0.4
35,"Nova_Scotia","Nova.Scotia","Little Duck Island",6,35,2000,8,NA,44.36666667,-64.18333333,509,"Random",1,NA,NA,8,0.3
36,"Nova_Scotia","Nova.Scotia","Little Duck Island",6,36,2002,8,NA,44.36666667,-64.18333333,509,"Random",1,NA,NA,8,0.1
37,"Nova_Scotia","Nova.Scotia","Little Duck Island",6,37,2008,8,NA,44.36666667,-64.18333333,509,"Random",1,NA,NA,NA,0.6
38,"Nova_Scotia","Nova.Scotia","Little Duck Island",6,38,2014,8,NA,44.36666667,-64.18333333,509,"Random",1,NA,NA,NA,0.2
39,"Nova_Scotia","Nova.Scotia","Birchy Head",4.5,39,2008,8,NA,44.575,-64.04166667,509,"Random",1,NA,NA,3,NA
40,"Nova_Scotia","Nova.Scotia","Birchy Head",4.5,40,2008,10,NA,44.575,-64.04166667,509,"Random",1,NA,NA,8,NA
41,"Nova_Scotia","Nova.Scotia","Birchy Head",4.5,41,2008,11,NA,44.575,-64.04166667,509,"Random",1,NA,NA,6,NA
42,"Nova_Scotia","Nova.Scotia","Birchy Head",4.5,42,2008,8,NA,44.575,-64.04166667,42,"Random",1,NA,NA,2,NA
43,"Nova_Scotia","Nova.Scotia","Birchy Head",4.5,43,2008,10,NA,44.575,-64.04166667,42,"Random",1,NA,NA,8,NA
44,"Nova_Scotia","Nova.Scotia","Birchy Head",4.5,44,2008,11,NA,44.575,-64.04166667,42,"Random",1,NA,NA,7,NA
45,"Nova_Scotia","Nova.Scotia","Lodge",4,45,2005,6,NA,44.555,-64.02833333,509,"Random",1,NA,NA,7.25,NA
46,"Nova_Scotia","Nova.Scotia","Lodge",4,46,2005,6,NA,44.555,-64.02833333,42,"Random",1,NA,NA,0.05,NA
47,"Nova_Scotia","Nova.Scotia","Lodge",4,47,2005,6,NA,44.555,-64.02833333,102,"Random",1,NA,NA,0,NA
48,"Nova_Scotia","Nova.Scotia","Lodge",8,48,2005,6,NA,44.555,-64.02833333,509,"Random",1,NA,NA,5.55,NA
49,"Nova_Scotia","Nova.Scotia","Lodge",8,49,2005,6,NA,44.555,-64.02833333,42,"Random",1,NA,NA,0,NA
50,"Nova_Scotia","Nova.Scotia","Lodge",8,50,2005,6,NA,44.555,-64.02833333,102,"Random",1,NA,NA,0.7,NA
51,"Nova_Scotia","Nova.Scotia","Lodge",12,51,2005,6,NA,44.555,-64.02833333,509,"Random",1,NA,NA,2.67,NA
52,"Nova_Scotia","Nova.Scotia","Lodge",12,52,2005,6,NA,44.555,-64.02833333,42,"Random",1,NA,NA,0,NA
53,"Nova_Scotia","Nova.Scotia","Lodge",12,53,2005,6,NA,44.555,-64.02833333,102,"Random",1,NA,NA,2.56,NA
54,"Nova_Scotia","Nova.Scotia","Lodge",4,54,2007,6,NA,44.555,-64.02833333,509,"Random",1,NA,NA,2.06,NA
55,"Nova_Scotia","Nova.Scotia","Lodge",4,55,2007,6,NA,44.555,-64.02833333,42,"Random",1,NA,NA,0.83,NA
56,"Nova_Scotia","Nova.Scotia","Lodge",4,56,2007,6,NA,44.555,-64.02833333,102,"Random",1,NA,NA,0,NA
57,"Nova_Scotia","Nova.Scotia","Lodge",8,57,2007,6,NA,44.555,-64.02833333,509,"Random",1,NA,NA,1.95,NA
58,"Nova_Scotia","Nova.Scotia","Lodge",8,58,2007,6,NA,44.555,-64.02833333,42,"Random",1,NA,NA,0,NA
59,"Nova_Scotia","Nova.Scotia","Lodge",8,59,2007,6,NA,44.555,-64.02833333,102,"Random",1,NA,NA,0.81,NA
60,"Nova_Scotia","Nova.Scotia","Lodge",12,60,2007,6,NA,44.555,-64.02833333,509,"Random",1,NA,NA,0.15,NA
61,"Nova_Scotia","Nova.Scotia","Lodge",12,61,2007,6,NA,44.555,-64.02833333,42,"Random",1,NA,NA,0,NA
62,"Nova_Scotia","Nova.Scotia","Lodge",12,62,2007,6,NA,44.555,-64.02833333,102,"Random",1,NA,NA,0.8,NA
63,"Nova_Scotia","Nova.Scotia","Lodge",6,63,2008,7,NA,44.555,-64.02833333,509,"Random",1,NA,NA,7.37,0.48
64,"Nova_Scotia","Nova.Scotia","Lodge",6,64,2008,9,NA,44.555,-64.02833333,509,"Random",1,NA,NA,6.5,0.46
65,"Nova_Scotia","Nova.Scotia","Lodge",6,65,2008,11,NA,44.555,-64.02833333,509,"Random",1,NA,NA,12.4,0.33
66,"Nova_Scotia","Nova.Scotia","Lodge",6,66,2008,7,NA,44.555,-64.02833333,42,"Random",1,NA,NA,4.32,0.49
67,"Nova_Scotia","Nova.Scotia","Lodge",6,67,2008,9,NA,44.555,-64.02833333,42,"Random",1,NA,NA,1,0.14
68,"Nova_Scotia","Nova.Scotia","Lodge",6,68,2008,11,NA,44.555,-64.02833333,42,"Random",1,NA,NA,2.4,0.16
69,"Nova_Scotia","Nova.Scotia","Lodge",6,69,2009,5,NA,44.555,-64.02833333,509,"Random",1,NA,NA,16,2.28
70,"Nova_Scotia","Nova.Scotia","Lodge",6,70,2009,9,NA,44.555,-64.02833333,509,"Random",1,NA,NA,15.11,1.83
71,"Nova_Scotia","Nova.Scotia","Lodge",6,71,2009,5,NA,44.555,-64.02833333,42,"Random",1,NA,NA,1.56,0.05
72,"Nova_Scotia","Nova.Scotia","Lodge",6,72,2009,9,NA,44.555,-64.02833333,42,"Random",1,NA,NA,2.22,0.36
73,"Nova_Scotia","Nova.Scotia","Lodge",9,73,2009,8,NA,44.555,-64.02833333,-1,"Random",1,NA,NA,NA,3.4
74,"Nova_Scotia","Nova.Scotia","Lodge",6,74,2012,6,NA,44.555,-64.02833333,509,"Random",1,NA,NA,2.1,0.08
75,"Nova_Scotia","Nova.Scotia","Lodge",6,75,2012,11,NA,44.555,-64.02833333,509,"Random",1,NA,NA,4.1,0.06
76,"Nova_Scotia","Nova.Scotia","Lodge",6,76,2014,6,NA,44.555,-64.02833333,-1,"Random",1,NA,NA,NA,0.003
77,"Nova_Scotia","Nova.Scotia","Lodge",6,77,1968,7,NA,44.555,-64.02833333,-1,"Random",1,NA,NA,NA,10.8
78,"Nova_Scotia","Nova.Scotia","1",5,78,2000,11,NA,44.54865,-64.015166,-1,"Random",1,30,NA,NA,NA
79,"Nova_Scotia","Nova.Scotia","1",5,79,2007,11,NA,44.54865,-64.015166,-1,"Random",1,27,NA,NA,NA
80,"Nova_Scotia","Nova.Scotia","1",5,80,2014,11,NA,44.54865,-64.015166,-1,"Random",1,65,NA,NA,NA
81,"Nova_Scotia","Nova.Scotia","2",5,81,2000,11,NA,44.54865,-64.015166,-1,"Random",1,25,NA,NA,NA
82,"Nova_Scotia","Nova.Scotia","2",5,82,2007,11,NA,44.54865,-64.015166,-1,"Random",1,53,NA,NA,NA
83,"Nova_Scotia","Nova.Scotia","2",5,83,2014,11,NA,44.54865,-64.015166,-1,"Random",1,32,NA,NA,NA
84,"Nova_Scotia","Nova.Scotia","3",5,84,2000,11,NA,44.54865,-64.015166,-1,"Random",1,10,NA,NA,NA
85,"Nova_Scotia","Nova.Scotia","3",5,85,2007,11,NA,44.54865,-64.015166,-1,"Random",1,43,NA,NA,NA
86,"Nova_Scotia","Nova.Scotia","3",5,86,2014,11,NA,44.54865,-64.015166,-1,"Random",1,12,NA,NA,NA
87,"Nova_Scotia","Nova.Scotia","4",5,87,2000,11,NA,44.54865,-64.015166,-1,"Random",1,10,NA,NA,NA
88,"Nova_Scotia","Nova.Scotia","4",5,88,2007,11,NA,44.54865,-64.015166,-1,"Random",1,40,NA,NA,NA
89,"Nova_Scotia","Nova.Scotia","4",5,89,2014,11,NA,44.54865,-64.015166,-1,"Random",1,5,NA,NA,NA
90,"Nova_Scotia","Nova.Scotia","5",5,90,2000,11,NA,44.54865,-64.015166,-1,"Random",1,0,NA,NA,NA
91,"Nova_Scotia","Nova.Scotia","5",5,91,2007,11,NA,44.54865,-64.015166,-1,"Random",1,5,NA,NA,NA
92,"Nova_Scotia","Nova.Scotia","5",5,92,2014,11,NA,44.54865,-64.015166,-1,"Random",1,0,NA,NA,NA
93,"Nova_Scotia","Nova.Scotia","6",5,93,2000,11,NA,44.54865,-64.015166,-1,"Random",1,0,NA,NA,NA
94,"Nova_Scotia","Nova.Scotia","6",5,94,2007,11,NA,44.54865,-64.015166,-1,"Random",1,5,NA,NA,NA
95,"Nova_Scotia","Nova.Scotia","6",5,95,2014,11,NA,44.54865,-64.015166,-1,"Random",1,0,NA,NA,NA
96,"Nova_Scotia","Nova.Scotia","7",5,96,2000,11,NA,44.54865,-64.015166,-1,"Random",1,18,NA,NA,NA
97,"Nova_Scotia","Nova.Scotia","7",5,97,2007,11,NA,44.54865,-64.015166,-1,"Random",1,35,NA,NA,NA
98,"Nova_Scotia","Nova.Scotia","7",5,98,2014,11,NA,44.54865,-64.015166,-1,"Random",1,0,NA,NA,NA
99,"Nova_Scotia","Nova.Scotia","8",5,99,2000,11,NA,44.54865,-64.015166,-1,"Random",1,0,NA,NA,NA
100,"Nova_Scotia","Nova.Scotia","8",5,100,2007,11,NA,44.54865,-64.015166,-1,"Random",1,15,NA,NA,NA
101,"Nova_Scotia","Nova.Scotia","8",5,101,2014,11,NA,44.54865,-64.015166,-1,"Random",1,10,NA,NA,NA
102,"Nova_Scotia","Nova.Scotia","9",5,102,2000,11,NA,44.54865,-64.015166,-1,"Random",1,0,NA,NA,NA
103,"Nova_Scotia","Nova.Scotia","9",5,103,2007,11,NA,44.54865,-64.015166,-1,"Random",1,30,NA,NA,NA
104,"Nova_Scotia","Nova.Scotia","9",5,104,2014,11,NA,44.54865,-64.015166,-1,"Random",1,0,NA,NA,NA
105,"Nova_Scotia","Nova.Scotia","10",5,105,2000,11,NA,44.54865,-64.015166,-1,"Random",1,18,NA,NA,NA
106,"Nova_Scotia","Nova.Scotia","10",5,106,2007,11,NA,44.54865,-64.015166,-1,"Random",1,15,NA,NA,NA
107,"Nova_Scotia","Nova.Scotia","10",5,107,2014,11,NA,44.54865,-64.015166,-1,"Random",1,0,NA,NA,NA
108,"Nova_Scotia","Nova.Scotia","11",5,108,2000,11,NA,44.54865,-64.015166,-1,"Random",1,0,NA,NA,NA
109,"Nova_Scotia","Nova.Scotia","11",5,109,2007,11,NA,44.54865,-64.015166,-1,"Random",1,10,NA,NA,NA
110,"Nova_Scotia","Nova.Scotia","11",5,110,2014,11,NA,44.54865,-64.015166,-1,"Random",1,0,NA,NA,NA
111,"Nova_Scotia","Nova.Scotia","12",5,111,2000,11,NA,44.54865,-64.015166,-1,"Random",1,0,NA,NA,NA
112,"Nova_Scotia","Nova.Scotia","12",5,112,2007,11,NA,44.54865,-64.015166,-1,"Random",1,10,NA,NA,NA
113,"Nova_Scotia","Nova.Scotia","12",5,113,2014,11,NA,44.54865,-64.015166,-1,"Random",1,5,NA,NA,NA
114,"Nova_Scotia","Nova.Scotia","13",5,114,2000,11,NA,44.54865,-64.015166,-1,"Random",1,0,NA,NA,NA
115,"Nova_Scotia","Nova.Scotia","13",5,115,2007,11,NA,44.54865,-64.015166,-1,"Random",1,10,NA,NA,NA
116,"Nova_Scotia","Nova.Scotia","13",5,116,2014,11,NA,44.54865,-64.015166,-1,"Random",1,5,NA,NA,NA
117,"Nova_Scotia","Nova.Scotia","14",5,117,2000,11,NA,44.54865,-64.015166,-1,"Random",1,5,NA,NA,NA
118,"Nova_Scotia","Nova.Scotia","14",5,118,2007,11,NA,44.54865,-64.015166,-1,"Random",1,10,NA,NA,NA
119,"Nova_Scotia","Nova.Scotia","14",5,119,2014,11,NA,44.54865,-64.015166,-1,"Random",1,3,NA,NA,NA
120,"Nova_Scotia","Nova.Scotia","15",5,120,2000,11,NA,44.54865,-64.015166,-1,"Random",1,7,NA,NA,NA
121,"Nova_Scotia","Nova.Scotia","15",5,121,2007,11,NA,44.54865,-64.015166,-1,"Random",1,2,NA,NA,NA
122,"Nova_Scotia","Nova.Scotia","15",5,122,2014,11,NA,44.54865,-64.015166,-1,"Random",1,8,NA,NA,NA
123,"Nova_Scotia","Nova.Scotia","16",5,123,2000,11,NA,44.54865,-64.015166,-1,"Random",1,0,NA,NA,NA
124,"Nova_Scotia","Nova.Scotia","16",5,124,2007,11,NA,44.54865,-64.015166,-1,"Random",1,25,NA,NA,NA
125,"Nova_Scotia","Nova.Scotia","16",5,125,2014,11,NA,44.54865,-64.015166,-1,"Random",1,20,NA,NA,NA
126,"Nova_Scotia","Nova.Scotia","17",5,126,2000,11,NA,44.54865,-64.015166,-1,"Random",1,0,NA,NA,NA
127,"Nova_Scotia","Nova.Scotia","17",5,127,2007,11,NA,44.54865,-64.015166,-1,"Random",1,3,NA,NA,NA
128,"Nova_Scotia","Nova.Scotia","17",5,128,2014,11,NA,44.54865,-64.015166,-1,"Random",1,0,NA,NA,NA
129,"Nova_Scotia","Nova.Scotia","18",5,129,2000,11,NA,44.54865,-64.015166,-1,"Random",1,23,NA,NA,NA
130,"Nova_Scotia","Nova.Scotia","18",5,130,2007,11,NA,44.54865,-64.015166,-1,"Random",1,1,NA,NA,NA
131,"Nova_Scotia","Nova.Scotia","18",5,131,2014,11,NA,44.54865,-64.015166,-1,"Random",1,5,NA,NA,NA
132,"Nova_Scotia","Nova.Scotia","19",5,132,2000,11,NA,44.54865,-64.015166,-1,"Random",1,10,NA,NA,NA
133,"Nova_Scotia","Nova.Scotia","19",5,133,2007,11,NA,44.54865,-64.015166,-1,"Random",1,45,NA,NA,NA
134,"Nova_Scotia","Nova.Scotia","19",5,134,2014,11,NA,44.54865,-64.015166,-1,"Random",1,1,NA,NA,NA
135,"Nova_Scotia","Nova.Scotia","20",5,135,2000,11,NA,44.54865,-64.015166,-1,"Random",1,2,NA,NA,NA
136,"Nova_Scotia","Nova.Scotia","20",5,136,2007,11,NA,44.54865,-64.015166,-1,"Random",1,20,NA,NA,NA
137,"Nova_Scotia","Nova.Scotia","20",5,137,2014,11,NA,44.54865,-64.015166,-1,"Random",1,17,NA,NA,NA
138,"Nova_Scotia","Nova.Scotia","21",5,138,2000,11,NA,44.54865,-64.015166,-1,"Random",1,10,NA,NA,NA
139,"Nova_Scotia","Nova.Scotia","21",5,139,2007,11,NA,44.54865,-64.015166,-1,"Random",1,45,NA,NA,NA
140,"Nova_Scotia","Nova.Scotia","21",5,140,2014,11,NA,44.54865,-64.015166,-1,"Random",1,25,NA,NA,NA
141,"Nova_Scotia","Nova.Scotia","White Point",9,141,1984,7,NA,44.50666667,-64.00333333,509,"Random",1,NA,NA,5,1.63
142,"Nova_Scotia","Nova.Scotia","White Point",9,142,1984,7,NA,44.50666667,-64.00333333,42,"Random",1,NA,NA,9.7,2.9
143,"Nova_Scotia","Nova.Scotia","White Point",9,143,1984,7,NA,44.50666667,-64.00333333,193,"Random",1,NA,NA,0,0
144,"Nova_Scotia","Nova.Scotia","Paddy's Head",4,144,2005,6,NA,44.51833333,-63.95,509,"Random",1,NA,NA,2.95,NA
145,"Nova_Scotia","Nova.Scotia","Paddy's Head",4,145,2005,6,NA,44.51833333,-63.95,42,"Random",1,NA,NA,1.4,NA
146,"Nova_Scotia","Nova.Scotia","Paddy's Head",4,146,2005,6,NA,44.51833333,-63.95,102,"Random",1,NA,NA,0,NA
147,"Nova_Scotia","Nova.Scotia","Paddy's Head",8,147,2005,6,NA,44.51833333,-63.95,509,"Random",1,NA,NA,3.1,NA
148,"Nova_Scotia","Nova.Scotia","Paddy's Head",8,148,2005,6,NA,44.51833333,-63.95,42,"Random",1,NA,NA,1.1,NA
149,"Nova_Scotia","Nova.Scotia","Paddy's Head",8,149,2005,6,NA,44.51833333,-63.95,102,"Random",1,NA,NA,0.85,NA
150,"Nova_Scotia","Nova.Scotia","Paddy's Head",12,150,2005,6,NA,44.51833333,-63.95,509,"Random",1,NA,NA,1.73,NA
151,"Nova_Scotia","Nova.Scotia","Paddy's Head",12,151,2005,6,NA,44.51833333,-63.95,42,"Random",1,NA,NA,0.45,NA
152,"Nova_Scotia","Nova.Scotia","Paddy's Head",12,152,2005,6,NA,44.51833333,-63.95,102,"Random",1,NA,NA,6.73,NA
153,"Nova_Scotia","Nova.Scotia","Paddy's Head",4,153,2007,6,NA,44.51833333,-63.95,509,"Random",1,NA,NA,0.63,NA
154,"Nova_Scotia","Nova.Scotia","Paddy's Head",4,154,2007,6,NA,44.51833333,-63.95,42,"Random",1,NA,NA,1.31,NA
155,"Nova_Scotia","Nova.Scotia","Paddy's Head",4,155,2007,6,NA,44.51833333,-63.95,102,"Random",1,NA,NA,0,NA
156,"Nova_Scotia","Nova.Scotia","Paddy's Head",8,156,2007,6,NA,44.51833333,-63.95,509,"Random",1,NA,NA,1.6,NA
157,"Nova_Scotia","Nova.Scotia","Paddy's Head",8,157,2007,6,NA,44.51833333,-63.95,42,"Random",1,NA,NA,0.9,NA
158,"Nova_Scotia","Nova.Scotia","Paddy's Head",8,158,2007,6,NA,44.51833333,-63.95,102,"Random",1,NA,NA,0.85,NA
159,"Nova_Scotia","Nova.Scotia","Paddy's Head",12,159,2007,6,NA,44.51833333,-63.95,509,"Random",1,NA,NA,0.5,NA
160,"Nova_Scotia","Nova.Scotia","Paddy's Head",12,160,2007,6,NA,44.51833333,-63.95,42,"Random",1,NA,NA,0.05,NA
161,"Nova_Scotia","Nova.Scotia","Paddy's Head",12,161,2007,6,NA,44.51833333,-63.95,102,"Random",1,NA,NA,2.85,NA
162,"Nova_Scotia","Nova.Scotia","Paddy's Head",8.25,162,2008,8,NA,44.51833333,-63.95,509,"Random",1,NA,NA,10,NA
163,"Nova_Scotia","Nova.Scotia","Paddy's Head",8.25,163,2008,10,NA,44.51833333,-63.95,509,"Random",1,NA,NA,10,NA
164,"Nova_Scotia","Nova.Scotia","Paddy's Head",8.25,164,2008,11,NA,44.51833333,-63.95,509,"Random",1,NA,NA,10,NA
165,"Nova_Scotia","Nova.Scotia","Paddy's Head",8.25,165,2008,8,NA,44.51833333,-63.95,42,"Random",1,NA,NA,10,NA
166,"Nova_Scotia","Nova.Scotia","Paddy's Head",8.25,166,2008,10,NA,44.51833333,-63.95,42,"Random",1,NA,NA,8,NA
167,"Nova_Scotia","Nova.Scotia","Paddy's Head",8.25,167,2008,11,NA,44.51833333,-63.95,42,"Random",1,NA,NA,7,NA
168,"Nova_Scotia","Nova.Scotia","Paddy's Head",6,168,2012,7,NA,44.51833333,-63.95,509,"Random",1,NA,NA,6.13,0.31
169,"Nova_Scotia","Nova.Scotia","Paddy's Head",6,169,2012,7,NA,44.51833333,-63.95,42,"Random",1,NA,NA,0.02,0.63
170,"Nova_Scotia","Nova.Scotia","Paddy's Head",6,170,2012,9,NA,44.51833333,-63.95,509,"Random",1,NA,NA,4.06,0.18
171,"Nova_Scotia","Nova.Scotia","Paddy's Head",6,171,2012,9,NA,44.51833333,-63.95,42,"Random",1,NA,NA,0,0
172,"Nova_Scotia","Nova.Scotia","Cranberry Cove",6,172,2008,7,NA,44.5,-63.92166667,509,"Random",1,NA,NA,42.89,2.18
173,"Nova_Scotia","Nova.Scotia","Cranberry Cove",6,173,2008,9,NA,44.5,-63.92166667,509,"Random",1,NA,NA,37.11,1.66
174,"Nova_Scotia","Nova.Scotia","Cranberry Cove",6,174,2008,7,NA,44.5,-63.92166667,42,"Random",1,NA,NA,1.56,0.64
175,"Nova_Scotia","Nova.Scotia","Cranberry Cove",6,175,2008,9,NA,44.5,-63.92166667,42,"Random",1,NA,NA,0.11,0.1
176,"Nova_Scotia","Nova.Scotia","Cranberry Cove",6,176,2009,2,NA,44.5,-63.92166667,509,"Random",1,NA,NA,51.56,1.32
177,"Nova_Scotia","Nova.Scotia","Cranberry Cove",6,177,2009,5,NA,44.5,-63.92166667,509,"Random",1,NA,NA,55.56,2.17
178,"Nova_Scotia","Nova.Scotia","Cranberry Cove",6,178,2009,9,NA,44.5,-63.92166667,509,"Random",1,NA,NA,37.78,1.52
179,"Nova_Scotia","Nova.Scotia","Cranberry Cove",6,179,2009,2,NA,44.5,-63.92166667,42,"Random",1,NA,NA,8.78,0.25
180,"Nova_Scotia","Nova.Scotia","Cranberry Cove",6,180,2009,5,NA,44.5,-63.92166667,42,"Random",1,NA,NA,1.33,0.02
181,"Nova_Scotia","Nova.Scotia","Cranberry Cove",6,181,2009,9,NA,44.5,-63.92166667,42,"Random",1,NA,NA,1.56,0.04
182,"Nova_Scotia","Nova.Scotia","Callahan Island",8,182,1977,7,NA,44.49166667,-63.86333333,509,"Random",1,NA,NA,8,4.4
183,"Nova_Scotia","Nova.Scotia","Black Rock",8,183,1977,7,NA,44.47666667,-63.84833333,509,"Random",1,NA,NA,24,5.5
184,"Nova_Scotia","Nova.Scotia","Coyle Cove",8.5,184,1981,7,NA,44.51,-63.8,-1,"Random",1,NA,NA,NA,1.7
185,"Nova_Scotia","Nova.Scotia","Coyle Cove",8.5,185,1981,8,NA,44.51,-63.8,-1,"Random",1,NA,NA,NA,1.5
186,"Nova_Scotia","Nova.Scotia","Coyle Cove",8.5,186,1981,12,NA,44.51,-63.8,-1,"Random",1,NA,NA,NA,1.3
187,"Nova_Scotia","Nova.Scotia","Coyle Cove",8.5,187,1982,4,NA,44.51,-63.8,-1,"Random",1,NA,NA,NA,2.2
188,"Nova_Scotia","Nova.Scotia","Coyle Cove",8.5,188,1982,8,NA,44.51,-63.8,-1,"Random",1,NA,NA,NA,2.2
189,"Nova_Scotia","Nova.Scotia","Coyle Cove",8.5,189,1983,6,NA,44.51,-63.8,-1,"Random",1,NA,NA,NA,2.1
190,"Nova_Scotia","Nova.Scotia","Shipley Head",9,190,1984,7,NA,44.455,-63.70666667,509,"Random",1,NA,NA,9.2,3.1
191,"Nova_Scotia","Nova.Scotia","Shipley Head",9,191,1984,7,NA,44.455,-63.70666667,42,"Random",1,NA,NA,12.2,3.48
192,"Nova_Scotia","Nova.Scotia","Shipley Head",9,192,1984,7,NA,44.455,-63.70666667,193,"Random",1,NA,NA,0,0
193,"Nova_Scotia","Nova.Scotia","Sandy Cove",4,193,2005,6,NA,44.45166667,-63.70166667,509,"Random",1,NA,NA,2.8,NA
194,"Nova_Scotia","Nova.Scotia","Sandy Cove",4,194,2005,6,NA,44.45166667,-63.70166667,42,"Random",1,NA,NA,2,NA
195,"Nova_Scotia","Nova.Scotia","Sandy Cove",4,195,2005,6,NA,44.45166667,-63.70166667,102,"Random",1,NA,NA,0,NA
196,"Nova_Scotia","Nova.Scotia","Sandy Cove",8,196,2005,6,NA,44.45166667,-63.70166667,509,"Random",1,NA,NA,4.25,NA
197,"Nova_Scotia","Nova.Scotia","Sandy Cove",8,197,2005,6,NA,44.45166667,-63.70166667,42,"Random",1,NA,NA,0.85,NA
198,"Nova_Scotia","Nova.Scotia","Sandy Cove",8,198,2005,6,NA,44.45166667,-63.70166667,102,"Random",1,NA,NA,0.75,NA
199,"Nova_Scotia","Nova.Scotia","Sandy Cove",12,199,2005,6,NA,44.45166667,-63.70166667,509,"Random",1,NA,NA,2,NA
200,"Nova_Scotia","Nova.Scotia","Sandy Cove",12,200,2005,6,NA,44.45166667,-63.70166667,42,"Random",1,NA,NA,0.7,NA
201,"Nova_Scotia","Nova.Scotia","Sandy Cove",12,201,2005,6,NA,44.45166667,-63.70166667,102,"Random",1,NA,NA,3.15,NA
202,"Nova_Scotia","Nova.Scotia","Sandy Cove",4,202,2007,6,NA,44.45166667,-63.70166667,509,"Random",1,NA,NA,0,NA
203,"Nova_Scotia","Nova.Scotia","Sandy Cove",4,203,2007,6,NA,44.45166667,-63.70166667,42,"Random",1,NA,NA,0,NA
204,"Nova_Scotia","Nova.Scotia","Sandy Cove",4,204,2007,6,NA,44.45166667,-63.70166667,102,"Random",1,NA,NA,0,NA
205,"Nova_Scotia","Nova.Scotia","Sandy Cove",8,205,2007,6,NA,44.45166667,-63.70166667,509,"Random",1,NA,NA,0,NA
206,"Nova_Scotia","Nova.Scotia","Sandy Cove",8,206,2007,6,NA,44.45166667,-63.70166667,42,"Random",1,NA,NA,0,NA
207,"Nova_Scotia","Nova.Scotia","Sandy Cove",8,207,2007,6,NA,44.45166667,-63.70166667,102,"Random",1,NA,NA,0,NA
208,"Nova_Scotia","Nova.Scotia","Sandy Cove",12,208,2007,6,NA,44.45166667,-63.70166667,509,"Random",1,NA,NA,0,NA
209,"Nova_Scotia","Nova.Scotia","Sandy Cove",12,209,2007,6,NA,44.45166667,-63.70166667,42,"Random",1,NA,NA,0,NA
210,"Nova_Scotia","Nova.Scotia","Sandy Cove",12,210,2007,6,NA,44.45166667,-63.70166667,102,"Random",1,NA,NA,0,NA
211,"Nova_Scotia","Nova.Scotia","Sandy Cove",4,211,2008,8,NA,44.45166667,-63.70166667,509,"Random",1,NA,NA,10,NA
212,"Nova_Scotia","Nova.Scotia","Sandy Cove",4,212,2008,10,NA,44.45166667,-63.70166667,509,"Random",1,NA,NA,23,NA
213,"Nova_Scotia","Nova.Scotia","Sandy Cove",4,213,2008,11,NA,44.45166667,-63.70166667,509,"Random",1,NA,NA,30,NA
214,"Nova_Scotia","Nova.Scotia","Sandy Cove",4,214,2008,8,NA,44.45166667,-63.70166667,42,"Random",1,NA,NA,4,NA
215,"Nova_Scotia","Nova.Scotia","Sandy Cove",4,215,2008,10,NA,44.45166667,-63.70166667,42,"Random",1,NA,NA,9,NA
216,"Nova_Scotia","Nova.Scotia","Sandy Cove",4,216,2008,11,NA,44.45166667,-63.70166667,42,"Random",1,NA,NA,6,NA
217,"Nova_Scotia","Nova.Scotia","Halibut Bay",9,217,1984,7,NA,44.55,-63.555,509,"Random",1,NA,NA,24.2,5.77
218,"Nova_Scotia","Nova.Scotia","Halibut Bay",9,218,1984,7,NA,44.55,-63.555,42,"Random",1,NA,NA,2.9,1.11
219,"Nova_Scotia","Nova.Scotia","Halibut Bay",9,219,1984,7,NA,44.55,-63.555,193,"Random",1,NA,NA,0.1,0
220,"Nova_Scotia","Nova.Scotia","Splitnose Point",10,220,2005,7,NA,44.47666667,-63.54666667,509,"Random",1,NA,NA,9.9,3.5
221,"Nova_Scotia","Nova.Scotia","Splitnose Point",10,221,2005,7,NA,44.47666667,-63.54666667,42,"Random",1,NA,NA,8.1,3.1
222,"Nova_Scotia","Nova.Scotia","Splitnose Point",6,222,2008,7,NA,44.47666667,-63.54666667,509,"Random",1,NA,NA,20.5,4.13
223,"Nova_Scotia","Nova.Scotia","Splitnose Point",6,223,2008,9,NA,44.47666667,-63.54666667,509,"Random",1,NA,NA,7.11,1.68
224,"Nova_Scotia","Nova.Scotia","Splitnose Point",6,224,2008,11,NA,44.47666667,-63.54666667,509,"Random",1,NA,NA,6.75,0.66
225,"Nova_Scotia","Nova.Scotia","Splitnose Point",6,225,2008,7,NA,44.47666667,-63.54666667,42,"Random",1,NA,NA,17.25,6.38
226,"Nova_Scotia","Nova.Scotia","Splitnose Point",6,226,2008,9,NA,44.47666667,-63.54666667,42,"Random",1,NA,NA,11.67,6.7
227,"Nova_Scotia","Nova.Scotia","Splitnose Point",6,227,2008,11,NA,44.47666667,-63.54666667,42,"Random",1,NA,NA,18.75,3.39
228,"Nova_Scotia","Nova.Scotia","Splitnose Point",6,228,2009,2,NA,44.47666667,-63.54666667,509,"Random",1,NA,NA,7.33,0.89
229,"Nova_Scotia","Nova.Scotia","Splitnose Point",6,229,2009,5,NA,44.47666667,-63.54666667,509,"Random",1,NA,NA,21.25,6.38
230,"Nova_Scotia","Nova.Scotia","Splitnose Point",6,230,2009,9,NA,44.47666667,-63.54666667,509,"Random",1,NA,NA,8.5,1.31
231,"Nova_Scotia","Nova.Scotia","Splitnose Point",6,231,2009,2,NA,44.47666667,-63.54666667,42,"Random",1,NA,NA,20.89,6.91
232,"Nova_Scotia","Nova.Scotia","Splitnose Point",6,232,2009,5,NA,44.47666667,-63.54666667,42,"Random",1,NA,NA,24.75,7.56
233,"Nova_Scotia","Nova.Scotia","Splitnose Point",6,233,2009,9,NA,44.47666667,-63.54666667,42,"Random",1,NA,NA,19.75,8.75
234,"Nova_Scotia","Nova.Scotia","Duncan's Cove Protected",6,234,2008,7,NA,44.49833333,-63.525,509,"Random",1,NA,NA,55,4.65
235,"Nova_Scotia","Nova.Scotia","Duncan's Cove Protected",6,235,2008,9,NA,44.49833333,-63.525,509,"Random",1,NA,NA,24.7,3.62
236,"Nova_Scotia","Nova.Scotia","Duncan's Cove Protected",6,236,2008,7,NA,44.49833333,-63.525,42,"Random",1,NA,NA,21,0.95
237,"Nova_Scotia","Nova.Scotia","Duncan's Cove Protected",6,237,2008,9,NA,44.49833333,-63.525,42,"Random",1,NA,NA,49.4,1.59
238,"Nova_Scotia","Nova.Scotia","Duncan's Cove Protected",6,238,2009,2,NA,44.49833333,-63.525,509,"Random",1,NA,NA,24.6,1.99
239,"Nova_Scotia","Nova.Scotia","Duncan's Cove Protected",6,239,2009,5,NA,44.49833333,-63.525,509,"Random",1,NA,NA,32.89,2.34
240,"Nova_Scotia","Nova.Scotia","Duncan's Cove Protected",6,240,2009,9,NA,44.49833333,-63.525,509,"Random",1,NA,NA,17.75,1.88
241,"Nova_Scotia","Nova.Scotia","Duncan's Cove Protected",6,241,2009,2,NA,44.49833333,-63.525,42,"Random",1,NA,NA,35.8,2.29
242,"Nova_Scotia","Nova.Scotia","Duncan's Cove Protected",6,242,2009,5,NA,44.49833333,-63.525,42,"Random",1,NA,NA,29.78,1.38
243,"Nova_Scotia","Nova.Scotia","Duncan's Cove Protected",6,243,2009,9,NA,44.49833333,-63.525,42,"Random",1,NA,NA,28.75,2.26
244,"Nova_Scotia","Nova.Scotia","Duncan's Cove Exposed",6,244,2008,7,NA,44.49666667,-63.52333333,509,"Random",1,NA,NA,27,3.68
245,"Nova_Scotia","Nova.Scotia","Duncan's Cove Exposed",6,245,2008,9,NA,44.49666667,-63.52333333,509,"Random",1,NA,NA,15.67,3.32
246,"Nova_Scotia","Nova.Scotia","Duncan's Cove Exposed",6,246,2008,7,NA,44.49666667,-63.52333333,42,"Random",1,NA,NA,7.8,0.53
247,"Nova_Scotia","Nova.Scotia","Duncan's Cove Exposed",6,247,2008,9,NA,44.49666667,-63.52333333,42,"Random",1,NA,NA,9.11,1.65
248,"Nova_Scotia","Nova.Scotia","Duncan's Cove Exposed",6,248,2009,5,NA,44.49666667,-63.52333333,509,"Random",1,NA,NA,24.44,6.66
249,"Nova_Scotia","Nova.Scotia","Duncan's Cove Exposed",6,249,2009,9,NA,44.49666667,-63.52333333,509,"Random",1,NA,NA,26.67,6.43
250,"Nova_Scotia","Nova.Scotia","Duncan's Cove Exposed",6,250,2009,5,NA,44.49666667,-63.52333333,42,"Random",1,NA,NA,12.44,1.34
251,"Nova_Scotia","Nova.Scotia","Duncan's Cove Exposed",6,251,2009,9,NA,44.49666667,-63.52333333,42,"Random",1,NA,NA,5.56,3.36
