"Entry","Study","Region","Site","Depth.m","Sample.ID","Sample.Year","Sample.Month","Sample.Day","Latitude","Longitude","Taxon","Fixed.or.Random","Sample.Unit.Size.sq.m","Percent.Cover","Stipe.Density.num.per.sq.m","Individual.Density.num.per.sq.m","Biomass.kg.wet.per.sq.m"
1,"Australia_WA_Wernberg",NA,"SH3",11,"SH3.11",2006,11,1,-34.13873,115.00818,"Ecklonia radiata","Fixed",0.25,88.75,NA,NA,NA
2,"Australia_WA_Wernberg",NA,"SH3",11,"SH3.11",2007,11,1,-34.13873,115.00818,"Ecklonia radiata","Fixed",0.25,71.6666666666667,NA,NA,NA
3,"Australia_WA_Wernberg",NA,"SH3",11,"SH3.11",2009,11,1,-34.13873,115.00818,"Ecklonia radiata","Fixed",0.25,76.6666666666667,NA,NA,NA
4,"Australia_WA_Wernberg",NA,"SH3",11,"SH3.11",2010,11,1,-34.13873,115.00818,"Ecklonia radiata","Fixed",0.25,83.3333333333333,NA,NA,NA
5,"Australia_WA_Wernberg",NA,"SH3",11,"SH3.11",2011,11,1,-34.13873,115.00818,"Ecklonia radiata","Fixed",0.25,78.3333333333333,NA,NA,NA
6,"Australia_WA_Wernberg",NA,"SH4",10,"SH4.10",2006,11,1,-34.16158,115.01118,"Ecklonia radiata","Fixed",0.25,68.75,NA,NA,NA
7,"Australia_WA_Wernberg",NA,"SH4",10,"SH4.10",2007,11,1,-34.16158,115.01118,"Ecklonia radiata","Fixed",0.25,72.5,NA,NA,NA
8,"Australia_WA_Wernberg",NA,"SH4",10,"SH4.10",2009,11,1,-34.16158,115.01118,"Ecklonia radiata","Fixed",0.25,80.8333333333333,NA,NA,NA
9,"Australia_WA_Wernberg",NA,"SH4",10,"SH4.10",2010,11,1,-34.16158,115.01118,"Ecklonia radiata","Fixed",0.25,83.3333333333333,NA,NA,NA
10,"Australia_WA_Wernberg",NA,"SH4",10,"SH4.10",2011,11,1,-34.16158,115.01118,"Ecklonia radiata","Fixed",0.25,75,NA,NA,NA
11,"Australia_WA_Wernberg",NA,"SH5",12,"SH5.12",2006,11,1,-34.15268,115.00458,"Ecklonia radiata","Fixed",0.25,82.5,NA,NA,NA
12,"Australia_WA_Wernberg",NA,"SH5",12,"SH5.12",2007,11,1,-34.15268,115.00458,"Ecklonia radiata","Fixed",0.25,77.5,NA,NA,NA
13,"Australia_WA_Wernberg",NA,"SH5",12,"SH5.12",2009,11,1,-34.15268,115.00458,"Ecklonia radiata","Fixed",0.25,79.1666666666667,NA,NA,NA
14,"Australia_WA_Wernberg",NA,"SH5",12,"SH5.12",2010,11,1,-34.15268,115.00458,"Ecklonia radiata","Fixed",0.25,84.1666666666667,NA,NA,NA
15,"Australia_WA_Wernberg",NA,"SH5",12,"SH5.12",2011,11,1,-34.15268,115.00458,"Ecklonia radiata","Fixed",0.25,81.6666666666667,NA,NA,NA
16,"Australia_WA_Wernberg",NA,"SJ1",9,"SJ1.9",2006,11,1,-30.15855,114.58619,"Ecklonia radiata","Fixed",0.25,92,NA,NA,NA
17,"Australia_WA_Wernberg",NA,"SJ1",9,"SJ1.9",2007,11,1,-30.15855,114.58619,"Ecklonia radiata","Fixed",0.25,81.6666666666667,NA,NA,NA
18,"Australia_WA_Wernberg",NA,"SJ1",9,"SJ1.9",2009,11,1,-30.15855,114.58619,"Ecklonia radiata","Fixed",0.25,89.1666666666667,NA,NA,NA
19,"Australia_WA_Wernberg",NA,"SJ1",9,"SJ1.9",2010,11,1,-30.15855,114.58619,"Ecklonia radiata","Fixed",0.25,90,NA,NA,NA
20,"Australia_WA_Wernberg",NA,"SJ1",9,"SJ1.9",2011,11,1,-30.15855,114.58619,"Ecklonia radiata","Fixed",0.25,59.1666666666667,NA,NA,NA
21,"Australia_WA_Wernberg",NA,"SJ4",12,"SJ4.12",2006,11,1,-30.18504,114.58303,"Ecklonia radiata","Fixed",0.25,68.75,NA,NA,NA
22,"Australia_WA_Wernberg",NA,"SJ4",12,"SJ4.12",2007,11,1,-30.18504,114.58303,"Ecklonia radiata","Fixed",0.25,55,NA,NA,NA
23,"Australia_WA_Wernberg",NA,"SJ4",12,"SJ4.12",2009,11,1,-30.18504,114.58303,"Ecklonia radiata","Fixed",0.25,81.6666666666667,NA,NA,NA
24,"Australia_WA_Wernberg",NA,"SJ4",12,"SJ4.12",2010,11,1,-30.18504,114.58303,"Ecklonia radiata","Fixed",0.25,78.3333333333333,NA,NA,NA
25,"Australia_WA_Wernberg",NA,"SJ4",12,"SJ4.12",2011,11,1,-30.18504,114.58303,"Ecklonia radiata","Fixed",0.25,50.8333333333333,NA,NA,NA
26,"Australia_WA_Wernberg",NA,"SJ5",10,"SJ5.10",2006,11,1,-30.183,114.59269,"Ecklonia radiata","Fixed",0.25,77.5,NA,NA,NA
27,"Australia_WA_Wernberg",NA,"SJ5",10,"SJ5.10",2007,11,1,-30.183,114.59269,"Ecklonia radiata","Fixed",0.25,65,NA,NA,NA
28,"Australia_WA_Wernberg",NA,"SJ5",10,"SJ5.10",2009,11,1,-30.183,114.59269,"Ecklonia radiata","Fixed",0.25,84.1666666666667,NA,NA,NA
29,"Australia_WA_Wernberg",NA,"SJ5",10,"SJ5.10",2010,11,1,-30.183,114.59269,"Ecklonia radiata","Fixed",0.25,82.5,NA,NA,NA
30,"Australia_WA_Wernberg",NA,"SJ5",10,"SJ5.10",2011,11,1,-30.183,114.59269,"Ecklonia radiata","Fixed",0.25,45,NA,NA,NA
