"Entry","Study","Region","Site","Depth.m","Sample.ID","Sample.Year","Sample.Month","Sample.Day","Latitude","Longitude","Taxon","Fixed.or.Random","Sample.Unit.Size.sq.m","Percent.Cover","Stipe.Density.num.per.sq.m","Individual.Density.num.per.sq.m","Biomass.kg.wet.per.sq.m"
1,"autralia_connell_canopyLoss",NA,"Noarlunga",7.5,"Noarlunga",1968,1,1,-35.149593,138.464168,"Ecklonia radiata","Random",400,95,NA,NA,NA
2,"autralia_connell_canopyLoss",NA,"Noarlunga",7.5,"Noarlunga",1990,1,1,-35.149593,138.464168,"Ecklonia radiata","Random",400,60,NA,NA,NA
3,"autralia_connell_canopyLoss",NA,"Noarlunga",7.5,"Noarlunga",1996,1,1,-35.149593,138.464168,"Ecklonia radiata","Random",400,25,NA,NA,NA
4,"autralia_connell_canopyLoss",NA,"Noarlunga",7.5,"Noarlunga",1998,1,1,-35.149593,138.464168,"Ecklonia radiata","Random",400,24,NA,NA,NA
5,"autralia_connell_canopyLoss",NA,"Noarlunga",7.5,"Noarlunga",2005,1,1,-35.149593,138.464168,"Ecklonia radiata","Random",400,20,NA,NA,NA
6,"autralia_connell_canopyLoss",NA,"Noarlunga",7.5,"Noarlunga",2008,1,1,-35.149593,138.464168,"Ecklonia radiata","Random",400,21,NA,NA,NA
7,"autralia_connell_canopyLoss",NA,"Horeshoe",7.5,"Horeshoe",1969,1,1,-35.133315,138.466345,"Ecklonia radiata","Random",400,80,NA,NA,NA
8,"autralia_connell_canopyLoss",NA,"Horeshoe",7.5,"Horeshoe",1995,1,1,-35.133315,138.466345,"Ecklonia radiata","Random",400,50,NA,NA,NA
9,"autralia_connell_canopyLoss",NA,"Horeshoe",7.5,"Horeshoe",1997,1,1,-35.133315,138.466345,"Ecklonia radiata","Random",400,50,NA,NA,NA
10,"autralia_connell_canopyLoss",NA,"Horeshoe",7.5,"Horeshoe",1998,1,1,-35.133315,138.466345,"Ecklonia radiata","Random",400,22,NA,NA,NA
11,"autralia_connell_canopyLoss",NA,"Horeshoe",7.5,"Horeshoe",2005,1,1,-35.133315,138.466345,"Ecklonia radiata","Random",400,4,NA,NA,NA
12,"autralia_connell_canopyLoss",NA,"Horeshoe",7.5,"Horeshoe",2008,1,1,-35.133315,138.466345,"Ecklonia radiata","Random",400,18,NA,NA,NA
