"Entry","Study","Region","Site","Depth.m","Sample.ID","Sample.Year","Sample.Month","Sample.Day","Latitude","Longitude","Taxon","Fixed.or.Random","Sample.Unit.Size.sq.m","Percent.Cover","Stipe.Density.num.per.sq.m","Individual.Density.num.per.sq.m","Biomass.kg.wet.per.sq.m"
1,"norway_moy_christie_with_Åsen_2006",NA,"1.2 Flekkefjord: Husøya; (semi-eksponert)",15,"1.2 Flekkefjord: Husøya; (semi-eksponert).1976.6.NA.15",1976,6,NA,58.2063888888889,6.57222222222222,"Laminaria digitata","Random",18,0,NA,NA,NA
2,"norway_moy_christie_with_Åsen_2006",NA,"1.2 Flekkefjord: Husøya; (semi-eksponert)",15,"1.2 Flekkefjord: Husøya; (semi-eksponert).1976.6.NA.15",1976,6,NA,58.2063888888889,6.57222222222222,"Laminaria hyperborea","Random",18,90,NA,NA,NA
3,"norway_moy_christie_with_Åsen_2006",NA,"1.2 Flekkefjord: Husøya; (semi-eksponert)",15,"1.2 Flekkefjord: Husøya; (semi-eksponert).1976.6.NA.15",1976,6,NA,58.2063888888889,6.57222222222222,"Laminaria saccharina","Random",18,90,NA,NA,NA
4,"norway_moy_christie_with_Åsen_2006",NA,"1.2 Flekkefjord: Husøya; (semi-eksponert)",15,"1.2 Flekkefjord: Husøya; (semi-eksponert).1988.6.NA.15",1988,6,NA,58.2063888888889,6.57222222222222,"Laminaria digitata","Random",18,90,NA,NA,NA
5,"norway_moy_christie_with_Åsen_2006",NA,"1.2 Flekkefjord: Husøya; (semi-eksponert)",15,"1.2 Flekkefjord: Husøya; (semi-eksponert).1988.6.NA.15",1988,6,NA,58.2063888888889,6.57222222222222,"Laminaria hyperborea","Random",18,90,NA,NA,NA
6,"norway_moy_christie_with_Åsen_2006",NA,"1.2 Flekkefjord: Husøya; (semi-eksponert)",15,"1.2 Flekkefjord: Husøya; (semi-eksponert).1988.6.NA.15",1988,6,NA,58.2063888888889,6.57222222222222,"Laminaria saccharina","Random",18,90,NA,NA,NA
7,"norway_moy_christie_with_Åsen_2006",NA,"1.2 Flekkefjord: Husøya; (semi-eksponert)",15,"1.2 Flekkefjord: Husøya; (semi-eksponert).2005.6.NA.15",2005,6,NA,58.2063888888889,6.57222222222222,"Laminaria digitata","Random",18,69,NA,NA,NA
8,"norway_moy_christie_with_Åsen_2006",NA,"1.2 Flekkefjord: Husøya; (semi-eksponert)",15,"1.2 Flekkefjord: Husøya; (semi-eksponert).2005.6.NA.15",2005,6,NA,58.2063888888889,6.57222222222222,"Laminaria hyperborea","Random",18,69,NA,NA,NA
9,"norway_moy_christie_with_Åsen_2006",NA,"1.2 Flekkefjord: Husøya; (semi-eksponert)",15,"1.2 Flekkefjord: Husøya; (semi-eksponert).2005.6.NA.15",2005,6,NA,58.2063888888889,6.57222222222222,"Laminaria saccharina","Random",18,69,NA,NA,NA
10,"norway_moy_christie_with_Åsen_2006",NA,"1.2 Flekkefjord: Husøya; (semi-eksponert)",15,"1.2 Flekkefjord: Husøya; (semi-eksponert).2006.6.NA.15",2006,6,NA,58.2063888888889,6.57222222222222,"Laminaria digitata","Random",18,0,NA,NA,NA
11,"norway_moy_christie_with_Åsen_2006",NA,"1.2 Flekkefjord: Husøya; (semi-eksponert)",15,"1.2 Flekkefjord: Husøya; (semi-eksponert).2006.6.NA.15",2006,6,NA,58.2063888888889,6.57222222222222,"Laminaria hyperborea","Random",18,69,NA,NA,NA
12,"norway_moy_christie_with_Åsen_2006",NA,"1.2 Flekkefjord: Husøya; (semi-eksponert)",15,"1.2 Flekkefjord: Husøya; (semi-eksponert).2006.6.NA.15",2006,6,NA,58.2063888888889,6.57222222222222,"Laminaria saccharina","Random",18,69,NA,NA,NA
13,"norway_moy_christie_with_Åsen_2006",NA,"3.5 Lyngdal: Grønsfjorden (semi-eksponert)",15,"3.5 Lyngdal: Grønsfjorden (semi-eksponert).1976.6.NA.15",1976,6,NA,57.9925,7.01388888888889,"Laminaria hyperborea","Random",18,90,NA,NA,NA
14,"norway_moy_christie_with_Åsen_2006",NA,"3.5 Lyngdal: Grønsfjorden (semi-eksponert)",15,"3.5 Lyngdal: Grønsfjorden (semi-eksponert).1976.6.NA.15",1976,6,NA,57.9925,7.01388888888889,"Laminaria saccharina","Random",18,90,NA,NA,NA
15,"norway_moy_christie_with_Åsen_2006",NA,"3.5 Lyngdal: Grønsfjorden (semi-eksponert)",15,"3.5 Lyngdal: Grønsfjorden (semi-eksponert).1976.6.NA.15",1976,6,NA,57.9925,7.01388888888889,"Laminaria digitata","Random",18,0,NA,NA,NA
16,"norway_moy_christie_with_Åsen_2006",NA,"3.5 Lyngdal: Grønsfjorden (semi-eksponert)",15,"3.5 Lyngdal: Grønsfjorden (semi-eksponert).2005.6.NA.15",2005,6,NA,57.9925,7.01388888888889,"Laminaria hyperborea","Random",18,90,NA,NA,NA
17,"norway_moy_christie_with_Åsen_2006",NA,"3.5 Lyngdal: Grønsfjorden (semi-eksponert)",15,"3.5 Lyngdal: Grønsfjorden (semi-eksponert).2005.6.NA.15",2005,6,NA,57.9925,7.01388888888889,"Laminaria saccharina","Random",18,69,NA,NA,NA
18,"norway_moy_christie_with_Åsen_2006",NA,"3.5 Lyngdal: Grønsfjorden (semi-eksponert)",15,"3.5 Lyngdal: Grønsfjorden (semi-eksponert).2005.6.NA.15",2005,6,NA,57.9925,7.01388888888889,"Laminaria digitata","Random",18,0,NA,NA,NA
19,"norway_moy_christie_with_Åsen_2006",NA,"3.5 Lyngdal: Grønsfjorden (semi-eksponert)",15,"3.5 Lyngdal: Grønsfjorden (semi-eksponert).2006.6.NA.15",2006,6,NA,57.9925,7.01388888888889,"Laminaria hyperborea","Random",18,90,NA,NA,NA
20,"norway_moy_christie_with_Åsen_2006",NA,"3.5 Lyngdal: Grønsfjorden (semi-eksponert)",15,"3.5 Lyngdal: Grønsfjorden (semi-eksponert).2006.6.NA.15",2006,6,NA,57.9925,7.01388888888889,"Laminaria saccharina","Random",18,90,NA,NA,NA
21,"norway_moy_christie_with_Åsen_2006",NA,"3.5 Lyngdal: Grønsfjorden (semi-eksponert)",15,"3.5 Lyngdal: Grønsfjorden (semi-eksponert).2006.6.NA.15",2006,6,NA,57.9925,7.01388888888889,"Laminaria digitata","Random",18,0,NA,NA,NA
22,"norway_moy_christie_with_Åsen_2006",NA,"3.8-9 Lindesnes: Båly; (semi-eksponert)",15,"3.8-9 Lindesnes: Båly; (semi-eksponert).1975.6.NA.15",1975,6,NA,58.0391666666667,7.15361111111111,"Laminaria digitata","Random",18,90,NA,NA,NA
23,"norway_moy_christie_with_Åsen_2006",NA,"3.8-9 Lindesnes: Båly; (semi-eksponert)",15,"3.8-9 Lindesnes: Båly; (semi-eksponert).1975.6.NA.15",1975,6,NA,58.0391666666667,7.15361111111111,"Laminaria hyperborea","Random",18,90,NA,NA,NA
24,"norway_moy_christie_with_Åsen_2006",NA,"3.8-9 Lindesnes: Båly; (semi-eksponert)",15,"3.8-9 Lindesnes: Båly; (semi-eksponert).1975.6.NA.15",1975,6,NA,58.0391666666667,7.15361111111111,"Laminaria saccharina","Random",18,90,NA,NA,NA
25,"norway_moy_christie_with_Åsen_2006",NA,"3.8-9 Lindesnes: Båly; (semi-eksponert)",15,"3.8-9 Lindesnes: Båly; (semi-eksponert).1988.6.NA.15",1988,6,NA,58.0391666666667,7.15361111111111,"Laminaria digitata","Random",18,90,NA,NA,NA
26,"norway_moy_christie_with_Åsen_2006",NA,"3.8-9 Lindesnes: Båly; (semi-eksponert)",15,"3.8-9 Lindesnes: Båly; (semi-eksponert).1988.6.NA.15",1988,6,NA,58.0391666666667,7.15361111111111,"Laminaria hyperborea","Random",18,90,NA,NA,NA
27,"norway_moy_christie_with_Åsen_2006",NA,"3.8-9 Lindesnes: Båly; (semi-eksponert)",15,"3.8-9 Lindesnes: Båly; (semi-eksponert).1988.6.NA.15",1988,6,NA,58.0391666666667,7.15361111111111,"Laminaria saccharina","Random",18,90,NA,NA,NA
28,"norway_moy_christie_with_Åsen_2006",NA,"3.8-9 Lindesnes: Båly; (semi-eksponert)",15,"3.8-9 Lindesnes: Båly; (semi-eksponert).2005.6.NA.15",2005,6,NA,58.0391666666667,7.15361111111111,"Laminaria digitata","Random",18,90,NA,NA,NA
29,"norway_moy_christie_with_Åsen_2006",NA,"3.8-9 Lindesnes: Båly; (semi-eksponert)",15,"3.8-9 Lindesnes: Båly; (semi-eksponert).2005.6.NA.15",2005,6,NA,58.0391666666667,7.15361111111111,"Laminaria hyperborea","Random",18,90,NA,NA,NA
30,"norway_moy_christie_with_Åsen_2006",NA,"3.8-9 Lindesnes: Båly; (semi-eksponert)",15,"3.8-9 Lindesnes: Båly; (semi-eksponert).2005.6.NA.15",2005,6,NA,58.0391666666667,7.15361111111111,"Laminaria saccharina","Random",18,2.5,NA,NA,NA
31,"norway_moy_christie_with_Åsen_2006",NA,"3.8-9 Lindesnes: Båly; (semi-eksponert)",15,"3.8-9 Lindesnes: Båly; (semi-eksponert).2006.6.NA.15",2006,6,NA,58.0391666666667,7.15361111111111,"Laminaria digitata","Random",18,90,NA,NA,NA
32,"norway_moy_christie_with_Åsen_2006",NA,"3.8-9 Lindesnes: Båly; (semi-eksponert)",15,"3.8-9 Lindesnes: Båly; (semi-eksponert).2006.6.NA.15",2006,6,NA,58.0391666666667,7.15361111111111,"Laminaria hyperborea","Random",18,90,NA,NA,NA
33,"norway_moy_christie_with_Åsen_2006",NA,"3.8-9 Lindesnes: Båly; (semi-eksponert)",15,"3.8-9 Lindesnes: Båly; (semi-eksponert).2006.6.NA.15",2006,6,NA,58.0391666666667,7.15361111111111,"Laminaria saccharina","Random",18,12,NA,NA,NA
34,"norway_moy_christie_with_Åsen_2006",NA,"4.5 Mandal: Eigebrekk (semi-eksponert)",15,"4.5 Mandal: Eigebrekk (semi-eksponert).1976.6.NA.15",1976,6,NA,58.0109,7.60296,"Laminaria digitata","Random",18,90,NA,NA,NA
35,"norway_moy_christie_with_Åsen_2006",NA,"4.5 Mandal: Eigebrekk (semi-eksponert)",15,"4.5 Mandal: Eigebrekk (semi-eksponert).1976.6.NA.15",1976,6,NA,58.0109,7.60296,"Laminaria hyperborea","Random",18,90,NA,NA,NA
36,"norway_moy_christie_with_Åsen_2006",NA,"4.5 Mandal: Eigebrekk (semi-eksponert)",15,"4.5 Mandal: Eigebrekk (semi-eksponert).1976.6.NA.15",1976,6,NA,58.0109,7.60296,"Laminaria saccharina","Random",18,90,NA,NA,NA
37,"norway_moy_christie_with_Åsen_2006",NA,"4.5 Mandal: Eigebrekk (semi-eksponert)",15,"4.5 Mandal: Eigebrekk (semi-eksponert).1988.6.NA.15",1988,6,NA,58.0109,7.60296,"Laminaria digitata","Random",18,90,NA,NA,NA
38,"norway_moy_christie_with_Åsen_2006",NA,"4.5 Mandal: Eigebrekk (semi-eksponert)",15,"4.5 Mandal: Eigebrekk (semi-eksponert).1988.6.NA.15",1988,6,NA,58.0109,7.60296,"Laminaria hyperborea","Random",18,90,NA,NA,NA
39,"norway_moy_christie_with_Åsen_2006",NA,"4.5 Mandal: Eigebrekk (semi-eksponert)",15,"4.5 Mandal: Eigebrekk (semi-eksponert).1988.6.NA.15",1988,6,NA,58.0109,7.60296,"Laminaria saccharina","Random",18,90,NA,NA,NA
40,"norway_moy_christie_with_Åsen_2006",NA,"4.5 Mandal: Eigebrekk (semi-eksponert)",15,"4.5 Mandal: Eigebrekk (semi-eksponert).2005.6.NA.15",2005,6,NA,58.0109,7.60296,"Laminaria digitata","Random",18,69,NA,NA,NA
41,"norway_moy_christie_with_Åsen_2006",NA,"4.5 Mandal: Eigebrekk (semi-eksponert)",15,"4.5 Mandal: Eigebrekk (semi-eksponert).2005.6.NA.15",2005,6,NA,58.0109,7.60296,"Laminaria hyperborea","Random",18,90,NA,NA,NA
42,"norway_moy_christie_with_Åsen_2006",NA,"4.5 Mandal: Eigebrekk (semi-eksponert)",15,"4.5 Mandal: Eigebrekk (semi-eksponert).2005.6.NA.15",2005,6,NA,58.0109,7.60296,"Laminaria saccharina","Random",18,2.5,NA,NA,NA
43,"norway_moy_christie_with_Åsen_2006",NA,"4.5 Mandal: Eigebrekk (semi-eksponert)",15,"4.5 Mandal: Eigebrekk (semi-eksponert).2006.6.NA.15",2006,6,NA,58.0109,7.60296,"Laminaria digitata","Random",18,69,NA,NA,NA
44,"norway_moy_christie_with_Åsen_2006",NA,"4.5 Mandal: Eigebrekk (semi-eksponert)",15,"4.5 Mandal: Eigebrekk (semi-eksponert).2006.6.NA.15",2006,6,NA,58.0109,7.60296,"Laminaria hyperborea","Random",18,90,NA,NA,NA
45,"norway_moy_christie_with_Åsen_2006",NA,"4.5 Mandal: Eigebrekk (semi-eksponert)",15,"4.5 Mandal: Eigebrekk (semi-eksponert).2006.6.NA.15",2006,6,NA,58.0109,7.60296,"Laminaria saccharina","Random",18,2.5,NA,NA,NA
46,"norway_moy_christie_with_Åsen_2006",NA,"5.5-6 Søgne: Lastad (semi-eksponert)",15,"5.5-6 Søgne: Lastad (semi-eksponert).1976.6.NA.15",1976,6,NA,58.055,7.70472222222222,"Laminaria digitata","Random",18,90,NA,NA,NA
47,"norway_moy_christie_with_Åsen_2006",NA,"5.5-6 Søgne: Lastad (semi-eksponert)",15,"5.5-6 Søgne: Lastad (semi-eksponert).1976.6.NA.15",1976,6,NA,58.055,7.70472222222222,"Laminaria hyperborea","Random",18,90,NA,NA,NA
48,"norway_moy_christie_with_Åsen_2006",NA,"5.5-6 Søgne: Lastad (semi-eksponert)",15,"5.5-6 Søgne: Lastad (semi-eksponert).1976.6.NA.15",1976,6,NA,58.055,7.70472222222222,"Laminaria saccharina","Random",18,90,NA,NA,NA
49,"norway_moy_christie_with_Åsen_2006",NA,"5.5-6 Søgne: Lastad (semi-eksponert)",15,"5.5-6 Søgne: Lastad (semi-eksponert).2005.6.NA.15",2005,6,NA,58.055,7.70472222222222,"Laminaria digitata","Random",18,69,NA,NA,NA
50,"norway_moy_christie_with_Åsen_2006",NA,"5.5-6 Søgne: Lastad (semi-eksponert)",15,"5.5-6 Søgne: Lastad (semi-eksponert).2005.6.NA.15",2005,6,NA,58.055,7.70472222222222,"Laminaria hyperborea","Random",18,90,NA,NA,NA
51,"norway_moy_christie_with_Åsen_2006",NA,"5.5-6 Søgne: Lastad (semi-eksponert)",15,"5.5-6 Søgne: Lastad (semi-eksponert).2005.6.NA.15",2005,6,NA,58.055,7.70472222222222,"Laminaria saccharina","Random",18,2.5,NA,NA,NA
52,"norway_moy_christie_with_Åsen_2006",NA,"5.5-6 Søgne: Lastad (semi-eksponert)",15,"5.5-6 Søgne: Lastad (semi-eksponert).2006.6.NA.15",2006,6,NA,58.055,7.70472222222222,"Laminaria digitata","Random",18,69,NA,NA,NA
53,"norway_moy_christie_with_Åsen_2006",NA,"5.5-6 Søgne: Lastad (semi-eksponert)",15,"5.5-6 Søgne: Lastad (semi-eksponert).2006.6.NA.15",2006,6,NA,58.055,7.70472222222222,"Laminaria hyperborea","Random",18,69,NA,NA,NA
54,"norway_moy_christie_with_Åsen_2006",NA,"5.5-6 Søgne: Lastad (semi-eksponert)",15,"5.5-6 Søgne: Lastad (semi-eksponert).2006.6.NA.15",2006,6,NA,58.055,7.70472222222222,"Laminaria saccharina","Random",18,2.5,NA,NA,NA
55,"norway_moy_christie_with_Åsen_2006",NA,"6.1 Kristiansand: Bertesbukta (semi-eksponert)",15,"6.1 Kristiansand: Bertesbukta (semi-eksponert).1982.6.NA.15",1982,6,NA,58.1447,8.03593,"Laminaria digitata","Random",18,69,NA,NA,NA
56,"norway_moy_christie_with_Åsen_2006",NA,"6.1 Kristiansand: Bertesbukta (semi-eksponert)",15,"6.1 Kristiansand: Bertesbukta (semi-eksponert).1982.6.NA.15",1982,6,NA,58.1447,8.03593,"Laminaria hyperborea","Random",18,90,NA,NA,NA
57,"norway_moy_christie_with_Åsen_2006",NA,"6.1 Kristiansand: Bertesbukta (semi-eksponert)",15,"6.1 Kristiansand: Bertesbukta (semi-eksponert).1982.6.NA.15",1982,6,NA,58.1447,8.03593,"Laminaria saccharina","Random",18,90,NA,NA,NA
58,"norway_moy_christie_with_Åsen_2006",NA,"6.1 Kristiansand: Bertesbukta (semi-eksponert)",15,"6.1 Kristiansand: Bertesbukta (semi-eksponert).2005.6.NA.15",2005,6,NA,58.1447,8.03593,"Laminaria digitata","Random",18,12,NA,NA,NA
59,"norway_moy_christie_with_Åsen_2006",NA,"6.1 Kristiansand: Bertesbukta (semi-eksponert)",15,"6.1 Kristiansand: Bertesbukta (semi-eksponert).2005.6.NA.15",2005,6,NA,58.1447,8.03593,"Laminaria hyperborea","Random",18,69,NA,NA,NA
60,"norway_moy_christie_with_Åsen_2006",NA,"6.1 Kristiansand: Bertesbukta (semi-eksponert)",15,"6.1 Kristiansand: Bertesbukta (semi-eksponert).2005.6.NA.15",2005,6,NA,58.1447,8.03593,"Laminaria saccharina","Random",18,2.5,NA,NA,NA
61,"norway_moy_christie_with_Åsen_2006",NA,"6.1 Kristiansand: Bertesbukta (semi-eksponert)",15,"6.1 Kristiansand: Bertesbukta (semi-eksponert).2006.6.NA.15",2006,6,NA,58.1447,8.03593,"Laminaria digitata","Random",18,0,NA,NA,NA
62,"norway_moy_christie_with_Åsen_2006",NA,"6.1 Kristiansand: Bertesbukta (semi-eksponert)",15,"6.1 Kristiansand: Bertesbukta (semi-eksponert).2006.6.NA.15",2006,6,NA,58.1447,8.03593,"Laminaria hyperborea","Random",18,69,NA,NA,NA
63,"norway_moy_christie_with_Åsen_2006",NA,"6.1 Kristiansand: Bertesbukta (semi-eksponert)",15,"6.1 Kristiansand: Bertesbukta (semi-eksponert).2006.6.NA.15",2006,6,NA,58.1447,8.03593,"Laminaria saccharina","Random",18,12,NA,NA,NA
64,"norway_moy_christie_with_Åsen_2006",NA,"6.1 Kristiansand: Dvergsøya  (semi-eksponert)",15,"6.1 Kristiansand: Dvergsøya  (semi-eksponert).1982.6.NA.15",1982,6,NA,58.1088888888889,8.05833333333333,"Laminaria digitata","Random",18,0,NA,NA,NA
65,"norway_moy_christie_with_Åsen_2006",NA,"6.1 Kristiansand: Dvergsøya  (semi-eksponert)",15,"6.1 Kristiansand: Dvergsøya  (semi-eksponert).1982.6.NA.15",1982,6,NA,58.1088888888889,8.05833333333333,"Laminaria hyperborea","Random",18,90,NA,NA,NA
66,"norway_moy_christie_with_Åsen_2006",NA,"6.1 Kristiansand: Dvergsøya  (semi-eksponert)",15,"6.1 Kristiansand: Dvergsøya  (semi-eksponert).1982.6.NA.15",1982,6,NA,58.1088888888889,8.05833333333333,"Laminaria saccharina","Random",18,90,NA,NA,NA
67,"norway_moy_christie_with_Åsen_2006",NA,"6.1 Kristiansand: Dvergsøya  (semi-eksponert)",15,"6.1 Kristiansand: Dvergsøya  (semi-eksponert).1988.6.NA.15",1988,6,NA,58.1088888888889,8.05833333333333,"Laminaria digitata","Random",18,0,NA,NA,NA
68,"norway_moy_christie_with_Åsen_2006",NA,"6.1 Kristiansand: Dvergsøya  (semi-eksponert)",15,"6.1 Kristiansand: Dvergsøya  (semi-eksponert).1988.6.NA.15",1988,6,NA,58.1088888888889,8.05833333333333,"Laminaria hyperborea","Random",18,90,NA,NA,NA
69,"norway_moy_christie_with_Åsen_2006",NA,"6.1 Kristiansand: Dvergsøya  (semi-eksponert)",15,"6.1 Kristiansand: Dvergsøya  (semi-eksponert).1988.6.NA.15",1988,6,NA,58.1088888888889,8.05833333333333,"Laminaria saccharina","Random",18,69,NA,NA,NA
70,"norway_moy_christie_with_Åsen_2006",NA,"6.1 Kristiansand: Dvergsøya  (semi-eksponert)",15,"6.1 Kristiansand: Dvergsøya  (semi-eksponert).2005.6.NA.15",2005,6,NA,58.1088888888889,8.05833333333333,"Laminaria digitata","Random",18,12,NA,NA,NA
71,"norway_moy_christie_with_Åsen_2006",NA,"6.1 Kristiansand: Dvergsøya  (semi-eksponert)",15,"6.1 Kristiansand: Dvergsøya  (semi-eksponert).2005.6.NA.15",2005,6,NA,58.1088888888889,8.05833333333333,"Laminaria hyperborea","Random",18,90,NA,NA,NA
72,"norway_moy_christie_with_Åsen_2006",NA,"6.1 Kristiansand: Dvergsøya  (semi-eksponert)",15,"6.1 Kristiansand: Dvergsøya  (semi-eksponert).2005.6.NA.15",2005,6,NA,58.1088888888889,8.05833333333333,"Laminaria saccharina","Random",18,12,NA,NA,NA
73,"norway_moy_christie_with_Åsen_2006",NA,"6.1 Kristiansand: Dvergsøya  (semi-eksponert)",15,"6.1 Kristiansand: Dvergsøya  (semi-eksponert).2006.6.NA.15",2006,6,NA,58.1088888888889,8.05833333333333,"Laminaria digitata","Random",18,0,NA,NA,NA
74,"norway_moy_christie_with_Åsen_2006",NA,"6.1 Kristiansand: Dvergsøya  (semi-eksponert)",15,"6.1 Kristiansand: Dvergsøya  (semi-eksponert).2006.6.NA.15",2006,6,NA,58.1088888888889,8.05833333333333,"Laminaria hyperborea","Random",18,90,NA,NA,NA
75,"norway_moy_christie_with_Åsen_2006",NA,"6.1 Kristiansand: Dvergsøya  (semi-eksponert)",15,"6.1 Kristiansand: Dvergsøya  (semi-eksponert).2006.6.NA.15",2006,6,NA,58.1088888888889,8.05833333333333,"Laminaria saccharina","Random",18,12,NA,NA,NA
76,"norway_moy_christie_with_Åsen_2006",NA,"8 Søgne: Høgsholmen (semi-eksponert)",15,"8 Søgne: Høgsholmen (semi-eksponert).1983.6.NA.15",1983,6,NA,58.0647222222222,7.79416666666667,"Laminaria digitata","Random",18,12,NA,NA,NA
77,"norway_moy_christie_with_Åsen_2006",NA,"8 Søgne: Høgsholmen (semi-eksponert)",15,"8 Søgne: Høgsholmen (semi-eksponert).1983.6.NA.15",1983,6,NA,58.0647222222222,7.79416666666667,"Laminaria hyperborea","Random",18,12,NA,NA,NA
78,"norway_moy_christie_with_Åsen_2006",NA,"8 Søgne: Høgsholmen (semi-eksponert)",15,"8 Søgne: Høgsholmen (semi-eksponert).1983.6.NA.15",1983,6,NA,58.0647222222222,7.79416666666667,"Laminaria saccharina","Random",18,90,NA,NA,NA
79,"norway_moy_christie_with_Åsen_2006",NA,"8 Søgne: Høgsholmen (semi-eksponert)",15,"8 Søgne: Høgsholmen (semi-eksponert).1989.6.NA.15",1989,6,NA,58.0647222222222,7.79416666666667,"Laminaria digitata","Random",18,12,NA,NA,NA
80,"norway_moy_christie_with_Åsen_2006",NA,"8 Søgne: Høgsholmen (semi-eksponert)",15,"8 Søgne: Høgsholmen (semi-eksponert).1989.6.NA.15",1989,6,NA,58.0647222222222,7.79416666666667,"Laminaria hyperborea","Random",18,12,NA,NA,NA
81,"norway_moy_christie_with_Åsen_2006",NA,"8 Søgne: Høgsholmen (semi-eksponert)",15,"8 Søgne: Høgsholmen (semi-eksponert).1989.6.NA.15",1989,6,NA,58.0647222222222,7.79416666666667,"Laminaria saccharina","Random",18,90,NA,NA,NA
82,"norway_moy_christie_with_Åsen_2006",NA,"8 Søgne: Høgsholmen (semi-eksponert)",15,"8 Søgne: Høgsholmen (semi-eksponert).2006.6.NA.15",2006,6,NA,58.0647222222222,7.79416666666667,"Laminaria digitata","Random",18,0,NA,NA,NA
83,"norway_moy_christie_with_Åsen_2006",NA,"8 Søgne: Høgsholmen (semi-eksponert)",15,"8 Søgne: Høgsholmen (semi-eksponert).2006.6.NA.15",2006,6,NA,58.0647222222222,7.79416666666667,"Laminaria hyperborea","Random",18,2.5,NA,NA,NA
84,"norway_moy_christie_with_Åsen_2006",NA,"8 Søgne: Høgsholmen (semi-eksponert)",15,"8 Søgne: Høgsholmen (semi-eksponert).2006.6.NA.15",2006,6,NA,58.0647222222222,7.79416666666667,"Laminaria saccharina","Random",18,2.5,NA,NA,NA
85,"norway_moy_christie_with_Åsen_2006",NA,"8 Søgne: Holme NV Skarpøya (semi-eksponert)",15,"8 Søgne: Holme NV Skarpøya (semi-eksponert).1983.6.NA.15",1983,6,NA,58.0558333333333,7.80916666666667,"Laminaria digitata","Random",18,0,NA,NA,NA
86,"norway_moy_christie_with_Åsen_2006",NA,"8 Søgne: Holme NV Skarpøya (semi-eksponert)",15,"8 Søgne: Holme NV Skarpøya (semi-eksponert).1983.6.NA.15",1983,6,NA,58.0558333333333,7.80916666666667,"Laminaria hyperborea","Random",18,69,NA,NA,NA
87,"norway_moy_christie_with_Åsen_2006",NA,"8 Søgne: Holme NV Skarpøya (semi-eksponert)",15,"8 Søgne: Holme NV Skarpøya (semi-eksponert).1983.6.NA.15",1983,6,NA,58.0558333333333,7.80916666666667,"Laminaria saccharina","Random",18,90,NA,NA,NA
88,"norway_moy_christie_with_Åsen_2006",NA,"8 Søgne: Holme NV Skarpøya (semi-eksponert)",15,"8 Søgne: Holme NV Skarpøya (semi-eksponert).1989.6.NA.15",1989,6,NA,58.0558333333333,7.80916666666667,"Laminaria digitata","Random",18,69,NA,NA,NA
89,"norway_moy_christie_with_Åsen_2006",NA,"8 Søgne: Holme NV Skarpøya (semi-eksponert)",15,"8 Søgne: Holme NV Skarpøya (semi-eksponert).1989.6.NA.15",1989,6,NA,58.0558333333333,7.80916666666667,"Laminaria hyperborea","Random",18,69,NA,NA,NA
90,"norway_moy_christie_with_Åsen_2006",NA,"8 Søgne: Holme NV Skarpøya (semi-eksponert)",15,"8 Søgne: Holme NV Skarpøya (semi-eksponert).1989.6.NA.15",1989,6,NA,58.0558333333333,7.80916666666667,"Laminaria saccharina","Random",18,90,NA,NA,NA
91,"norway_moy_christie_with_Åsen_2006",NA,"8 Søgne: Holme NV Skarpøya (semi-eksponert)",15,"8 Søgne: Holme NV Skarpøya (semi-eksponert).2006.6.NA.15",2006,6,NA,58.0558333333333,7.80916666666667,"Laminaria digitata","Random",18,0,NA,NA,NA
92,"norway_moy_christie_with_Åsen_2006",NA,"8 Søgne: Holme NV Skarpøya (semi-eksponert)",15,"8 Søgne: Holme NV Skarpøya (semi-eksponert).2006.6.NA.15",2006,6,NA,58.0558333333333,7.80916666666667,"Laminaria hyperborea","Random",18,2.5,NA,NA,NA
93,"norway_moy_christie_with_Åsen_2006",NA,"8 Søgne: Holme NV Skarpøya (semi-eksponert)",15,"8 Søgne: Holme NV Skarpøya (semi-eksponert).2006.6.NA.15",2006,6,NA,58.0558333333333,7.80916666666667,"Laminaria saccharina","Random",18,2.5,NA,NA,NA
94,"norway_moy_christie_with_Åsen_2006",NA,"St. 13 Sokndal (Ro): Foksteinen, Jøssingfjorden; (sx)",15,"St. 13 Sokndal (Ro): Foksteinen, Jøssingfjorden; (sx).1976.6.NA.15",1976,6,NA,58.2986111111111,6.29638888888889,"Laminaria digitata","Random",18,90,NA,NA,NA
95,"norway_moy_christie_with_Åsen_2006",NA,"St. 13 Sokndal (Ro): Foksteinen, Jøssingfjorden; (sx)",15,"St. 13 Sokndal (Ro): Foksteinen, Jøssingfjorden; (sx).1976.6.NA.15",1976,6,NA,58.2986111111111,6.29638888888889,"Laminaria hyperborea","Random",18,90,NA,NA,NA
96,"norway_moy_christie_with_Åsen_2006",NA,"St. 13 Sokndal (Ro): Foksteinen, Jøssingfjorden; (sx)",15,"St. 13 Sokndal (Ro): Foksteinen, Jøssingfjorden; (sx).1976.6.NA.15",1976,6,NA,58.2986111111111,6.29638888888889,"Laminaria saccharina","Random",18,90,NA,NA,NA
97,"norway_moy_christie_with_Åsen_2006",NA,"St. 13 Sokndal (Ro): Foksteinen, Jøssingfjorden; (sx)",15,"St. 13 Sokndal (Ro): Foksteinen, Jøssingfjorden; (sx).2006.6.NA.15",2006,6,NA,58.2986111111111,6.29638888888889,"Laminaria digitata","Random",18,90,NA,NA,NA
98,"norway_moy_christie_with_Åsen_2006",NA,"St. 13 Sokndal (Ro): Foksteinen, Jøssingfjorden; (sx)",15,"St. 13 Sokndal (Ro): Foksteinen, Jøssingfjorden; (sx).2006.6.NA.15",2006,6,NA,58.2986111111111,6.29638888888889,"Laminaria hyperborea","Random",18,90,NA,NA,NA
99,"norway_moy_christie_with_Åsen_2006",NA,"St. 13 Sokndal (Ro): Foksteinen, Jøssingfjorden; (sx)",15,"St. 13 Sokndal (Ro): Foksteinen, Jøssingfjorden; (sx).2006.6.NA.15",2006,6,NA,58.2986111111111,6.29638888888889,"Laminaria saccharina","Random",18,90,NA,NA,NA
100,"norway_moy_christie_with_Åsen_2006",NA,"St. 4 Sokndal (Ro): Knubedalsvika, Jøssingfjorden; (sx)",15,"St. 4 Sokndal (Ro): Knubedalsvika, Jøssingfjorden; (sx).1976.6.NA.15",1976,6,NA,58.3161111111111,6.305,"Laminaria digitata","Random",18,90,NA,NA,NA
101,"norway_moy_christie_with_Åsen_2006",NA,"St. 4 Sokndal (Ro): Knubedalsvika, Jøssingfjorden; (sx)",15,"St. 4 Sokndal (Ro): Knubedalsvika, Jøssingfjorden; (sx).1976.6.NA.15",1976,6,NA,58.3161111111111,6.305,"Laminaria hyperborea","Random",18,90,NA,NA,NA
102,"norway_moy_christie_with_Åsen_2006",NA,"St. 4 Sokndal (Ro): Knubedalsvika, Jøssingfjorden; (sx)",15,"St. 4 Sokndal (Ro): Knubedalsvika, Jøssingfjorden; (sx).1976.6.NA.15",1976,6,NA,58.3161111111111,6.305,"Laminaria saccharina","Random",18,90,NA,NA,NA
103,"norway_moy_christie_with_Åsen_2006",NA,"St. 4 Sokndal (Ro): Knubedalsvika, Jøssingfjorden; (sx)",15,"St. 4 Sokndal (Ro): Knubedalsvika, Jøssingfjorden; (sx).2006.6.NA.15",2006,6,NA,58.3161111111111,6.305,"Laminaria digitata","Random",18,90,NA,NA,NA
104,"norway_moy_christie_with_Åsen_2006",NA,"St. 4 Sokndal (Ro): Knubedalsvika, Jøssingfjorden; (sx)",15,"St. 4 Sokndal (Ro): Knubedalsvika, Jøssingfjorden; (sx).2006.6.NA.15",2006,6,NA,58.3161111111111,6.305,"Laminaria hyperborea","Random",18,90,NA,NA,NA
105,"norway_moy_christie_with_Åsen_2006",NA,"St. 4 Sokndal (Ro): Knubedalsvika, Jøssingfjorden; (sx)",15,"St. 4 Sokndal (Ro): Knubedalsvika, Jøssingfjorden; (sx).2006.6.NA.15",2006,6,NA,58.3161111111111,6.305,"Laminaria saccharina","Random",18,90,NA,NA,NA
