"Entry","Study","Region","Site","Depth.m","Sample.ID","Sample.Year","Sample.Month","Sample.Day","Latitude","Longitude","Taxon","Fixed.or.Random","Sample.Unit.Size.sq.m","Percent.Cover","Stipe.Density.num.per.sq.m","Individual.Density.num.per.sq.m","Biomass.kg.wet.per.sq.m"
1,"Southern_Chile",NA,"Ilque",1,"Ilque.1.1.2011-11-30.1",2011,11,30,-41.6,-73.067,"Macrocystis pyrifera","Random",1,NA,8,4,NA
2,"Southern_Chile",NA,"Ilque",1,"Ilque.1.2.2011-11-30.1",2011,11,30,-41.6,-73.067,"Macrocystis pyrifera","Random",1,NA,5,4,NA
3,"Southern_Chile",NA,"Ilque",1,"Ilque.1.3.2011-11-30.1",2011,11,30,-41.6,-73.067,"Macrocystis pyrifera","Random",1,NA,3,3,NA
4,"Southern_Chile",NA,"Ilque",1,"Ilque.1.4.2011-11-30.1",2011,11,30,-41.6,-73.067,"Macrocystis pyrifera","Random",1,NA,2,2,NA
5,"Southern_Chile",NA,"Ilque",1,"Ilque.2.1.2011-11-30.1",2011,11,30,-41.6,-73.067,"Macrocystis pyrifera","Random",1,NA,2,2,NA
6,"Southern_Chile",NA,"Ilque",1,"Ilque.2.2.2011-11-30.1",2011,11,30,-41.6,-73.067,"Macrocystis pyrifera","Random",1,NA,2,2,NA
7,"Southern_Chile",NA,"Ilque",1,"Ilque.2.3.2011-11-30.1",2011,11,30,-41.6,-73.067,"Macrocystis pyrifera","Random",1,NA,2,2,NA
8,"Southern_Chile",NA,"Ilque",1,"Ilque.2.4.2011-11-30.1",2011,11,30,-41.6,-73.067,"Macrocystis pyrifera","Random",1,NA,10,9,NA
9,"Southern_Chile",NA,"Ilque",1,"Ilque.3.1.2011-11-30.1",2011,11,30,-41.6,-73.067,"Macrocystis pyrifera","Random",1,NA,12,8,NA
10,"Southern_Chile",NA,"Ilque",1,"Ilque.3.2.2011-11-30.1",2011,11,30,-41.6,-73.067,"Macrocystis pyrifera","Random",1,NA,10,6,NA
11,"Southern_Chile",NA,"Ilque",1,"Ilque.3.3.2011-11-30.1",2011,11,30,-41.6,-73.067,"Macrocystis pyrifera","Random",1,NA,15,9,NA
12,"Southern_Chile",NA,"Ilque",1,"Ilque.3.4.2011-11-30.1",2011,11,30,-41.6,-73.067,"Macrocystis pyrifera","Random",1,NA,24,16,NA
61,"Southern_Chile",NA,"Ilque",1.5,"Ilque.1.1.2012-02-16.1.5",2012,2,16,-41.6,-73.067,"Macrocystis pyrifera","Random",1,NA,8,4,NA
62,"Southern_Chile",NA,"Ilque",1.5,"Ilque.1.2.2012-02-16.1.5",2012,2,16,-41.6,-73.067,"Macrocystis pyrifera","Random",1,NA,11,6,NA
63,"Southern_Chile",NA,"Ilque",1.5,"Ilque.1.3.2012-02-16.1.5",2012,2,16,-41.6,-73.067,"Macrocystis pyrifera","Random",1,NA,3,2,NA
64,"Southern_Chile",NA,"Ilque",1.5,"Ilque.1.4.2012-02-16.1.5",2012,2,16,-41.6,-73.067,"Macrocystis pyrifera","Random",1,NA,8,4,NA
65,"Southern_Chile",NA,"Ilque",1.5,"Ilque.2.1.2012-02-16.1.5",2012,2,16,-41.6,-73.067,"Macrocystis pyrifera","Random",1,NA,0,1,NA
66,"Southern_Chile",NA,"Ilque",1.5,"Ilque.2.2.2012-02-16.1.5",2012,2,16,-41.6,-73.067,"Macrocystis pyrifera","Random",1,NA,0,0,NA
67,"Southern_Chile",NA,"Ilque",1.5,"Ilque.2.3.2012-02-16.1.5",2012,2,16,-41.6,-73.067,"Macrocystis pyrifera","Random",1,NA,0,0,NA
68,"Southern_Chile",NA,"Ilque",1.5,"Ilque.2.4.2012-02-16.1.5",2012,2,16,-41.6,-73.067,"Macrocystis pyrifera","Random",1,NA,0,0,NA
69,"Southern_Chile",NA,"Ilque",1.5,"Ilque.3.1.2012-02-16.1.5",2012,2,16,-41.6,-73.067,"Macrocystis pyrifera","Random",1,NA,8,5,NA
70,"Southern_Chile",NA,"Ilque",1.5,"Ilque.3.2.2012-02-16.1.5",2012,2,16,-41.6,-73.067,"Macrocystis pyrifera","Random",1,NA,1,1,NA
71,"Southern_Chile",NA,"Ilque",1.5,"Ilque.3.3.2012-02-16.1.5",2012,2,16,-41.6,-73.067,"Macrocystis pyrifera","Random",1,NA,1,1,NA
72,"Southern_Chile",NA,"Ilque",1.5,"Ilque.3.4.2012-02-16.1.5",2012,2,16,-41.6,-73.067,"Macrocystis pyrifera","Random",1,NA,0,1,NA
157,"Southern_Chile",NA,"Ilque",1.6,"Ilque.1.1.2012-09-18.1.6",2012,9,18,-41.6,-73.067,"Macrocystis pyrifera","Random",1,NA,6,4,NA
158,"Southern_Chile",NA,"Ilque",1.6,"Ilque.1.2.2012-09-18.1.6",2012,9,18,-41.6,-73.067,"Macrocystis pyrifera","Random",1,NA,3,2,NA
159,"Southern_Chile",NA,"Ilque",1.6,"Ilque.1.3.2012-09-18.1.6",2012,9,18,-41.6,-73.067,"Macrocystis pyrifera","Random",1,NA,3,2,NA
160,"Southern_Chile",NA,"Ilque",1.6,"Ilque.1.4.2012-09-18.1.6",2012,9,18,-41.6,-73.067,"Macrocystis pyrifera","Random",1,NA,2,1,NA
161,"Southern_Chile",NA,"Ilque",1.6,"Ilque.2.1.2012-09-18.1.6",2012,9,18,-41.6,-73.067,"Macrocystis pyrifera","Random",1,NA,5,3,NA
162,"Southern_Chile",NA,"Ilque",1.6,"Ilque.2.2.2012-09-18.1.6",2012,9,18,-41.6,-73.067,"Macrocystis pyrifera","Random",1,NA,5,3,NA
163,"Southern_Chile",NA,"Ilque",1.6,"Ilque.2.3.2012-09-18.1.6",2012,9,18,-41.6,-73.067,"Macrocystis pyrifera","Random",1,NA,3,2,NA
164,"Southern_Chile",NA,"Ilque",1.6,"Ilque.2.4.2012-09-18.1.6",2012,9,18,-41.6,-73.067,"Macrocystis pyrifera","Random",1,NA,3,2,NA
165,"Southern_Chile",NA,"Ilque",1.6,"Ilque.3.1.2012-09-18.1.6",2012,9,18,-41.6,-73.067,"Macrocystis pyrifera","Random",1,NA,4,3,NA
166,"Southern_Chile",NA,"Ilque",1.6,"Ilque.3.2.2012-09-18.1.6",2012,9,18,-41.6,-73.067,"Macrocystis pyrifera","Random",1,NA,1,1,NA
167,"Southern_Chile",NA,"Ilque",1.6,"Ilque.3.3.2012-09-18.1.6",2012,9,18,-41.6,-73.067,"Macrocystis pyrifera","Random",1,NA,3,2,NA
168,"Southern_Chile",NA,"Ilque",1.6,"Ilque.3.4.2012-09-18.1.6",2012,9,18,-41.6,-73.067,"Macrocystis pyrifera","Random",1,NA,2,2,NA
97,"Southern_Chile",NA,"Ilque",3.1,"Ilque.1.1.2012-06-18.3.1",2012,6,18,-41.6,-73.067,"Macrocystis pyrifera","Random",1,NA,3,2,NA
98,"Southern_Chile",NA,"Ilque",3.1,"Ilque.1.2.2012-06-18.3.1",2012,6,18,-41.6,-73.067,"Macrocystis pyrifera","Random",1,NA,2,2,NA
99,"Southern_Chile",NA,"Ilque",3.1,"Ilque.1.3.2012-06-18.3.1",2012,6,18,-41.6,-73.067,"Macrocystis pyrifera","Random",1,NA,0,0,NA
100,"Southern_Chile",NA,"Ilque",3.1,"Ilque.1.4.2012-06-18.3.1",2012,6,18,-41.6,-73.067,"Macrocystis pyrifera","Random",1,NA,1,1,NA
101,"Southern_Chile",NA,"Ilque",3.1,"Ilque.2.1.2012-06-18.3.1",2012,6,18,-41.6,-73.067,"Macrocystis pyrifera","Random",1,NA,1,1,NA
102,"Southern_Chile",NA,"Ilque",3.1,"Ilque.2.2.2012-06-18.3.1",2012,6,18,-41.6,-73.067,"Macrocystis pyrifera","Random",1,NA,1,1,NA
103,"Southern_Chile",NA,"Ilque",3.1,"Ilque.2.3.2012-06-18.3.1",2012,6,18,-41.6,-73.067,"Macrocystis pyrifera","Random",1,NA,1,1,NA
104,"Southern_Chile",NA,"Ilque",3.1,"Ilque.2.4.2012-06-18.3.1",2012,6,18,-41.6,-73.067,"Macrocystis pyrifera","Random",1,NA,2,2,NA
105,"Southern_Chile",NA,"Ilque",3.1,"Ilque.3.1.2012-06-18.3.1",2012,6,18,-41.6,-73.067,"Macrocystis pyrifera","Random",1,NA,2,2,NA
106,"Southern_Chile",NA,"Ilque",3.1,"Ilque.3.2.2012-06-18.3.1",2012,6,18,-41.6,-73.067,"Macrocystis pyrifera","Random",1,NA,2,1,NA
107,"Southern_Chile",NA,"Ilque",3.1,"Ilque.3.3.2012-06-18.3.1",2012,6,18,-41.6,-73.067,"Macrocystis pyrifera","Random",1,NA,1,1,NA
108,"Southern_Chile",NA,"Ilque",3.1,"Ilque.3.4.2012-06-18.3.1",2012,6,18,-41.6,-73.067,"Macrocystis pyrifera","Random",1,NA,3,2,NA
73,"Southern_Chile",NA,"Ilque",3.4,"Ilque.1.1.2012-02-21.3.4",2012,2,21,-41.6,-73.067,"Macrocystis pyrifera","Random",1,NA,10,5,NA
145,"Southern_Chile",NA,"Ilque",3.4,"Ilque.1.1.2012-08-01.3.4",2012,8,1,-41.6,-73.067,"Macrocystis pyrifera","Random",1,NA,4,2,NA
74,"Southern_Chile",NA,"Ilque",3.4,"Ilque.1.2.2012-02-21.3.4",2012,2,21,-41.6,-73.067,"Macrocystis pyrifera","Random",1,NA,4,3,NA
146,"Southern_Chile",NA,"Ilque",3.4,"Ilque.1.2.2012-08-01.3.4",2012,8,1,-41.6,-73.067,"Macrocystis pyrifera","Random",1,NA,1,2,NA
75,"Southern_Chile",NA,"Ilque",3.4,"Ilque.1.3.2012-02-21.3.4",2012,2,21,-41.6,-73.067,"Macrocystis pyrifera","Random",1,NA,7,4,NA
147,"Southern_Chile",NA,"Ilque",3.4,"Ilque.1.3.2012-08-01.3.4",2012,8,1,-41.6,-73.067,"Macrocystis pyrifera","Random",1,NA,2,1,NA
76,"Southern_Chile",NA,"Ilque",3.4,"Ilque.1.4.2012-02-21.3.4",2012,2,21,-41.6,-73.067,"Macrocystis pyrifera","Random",1,NA,6,4,NA
148,"Southern_Chile",NA,"Ilque",3.4,"Ilque.1.4.2012-08-01.3.4",2012,8,1,-41.6,-73.067,"Macrocystis pyrifera","Random",1,NA,0,1,NA
77,"Southern_Chile",NA,"Ilque",3.4,"Ilque.2.1.2012-02-21.3.4",2012,2,21,-41.6,-73.067,"Macrocystis pyrifera","Random",1,NA,6,3,NA
149,"Southern_Chile",NA,"Ilque",3.4,"Ilque.2.1.2012-08-01.3.4",2012,8,1,-41.6,-73.067,"Macrocystis pyrifera","Random",1,NA,2,1,NA
78,"Southern_Chile",NA,"Ilque",3.4,"Ilque.2.2.2012-02-21.3.4",2012,2,21,-41.6,-73.067,"Macrocystis pyrifera","Random",1,NA,3,2,NA
150,"Southern_Chile",NA,"Ilque",3.4,"Ilque.2.2.2012-08-01.3.4",2012,8,1,-41.6,-73.067,"Macrocystis pyrifera","Random",1,NA,0,1,NA
79,"Southern_Chile",NA,"Ilque",3.4,"Ilque.2.3.2012-02-21.3.4",2012,2,21,-41.6,-73.067,"Macrocystis pyrifera","Random",1,NA,6,4,NA
151,"Southern_Chile",NA,"Ilque",3.4,"Ilque.2.3.2012-08-01.3.4",2012,8,1,-41.6,-73.067,"Macrocystis pyrifera","Random",1,NA,2,1,NA
80,"Southern_Chile",NA,"Ilque",3.4,"Ilque.2.4.2012-02-21.3.4",2012,2,21,-41.6,-73.067,"Macrocystis pyrifera","Random",1,NA,4,3,NA
152,"Southern_Chile",NA,"Ilque",3.4,"Ilque.2.4.2012-08-01.3.4",2012,8,1,-41.6,-73.067,"Macrocystis pyrifera","Random",1,NA,1,1,NA
81,"Southern_Chile",NA,"Ilque",3.4,"Ilque.3.1.2012-02-21.3.4",2012,2,21,-41.6,-73.067,"Macrocystis pyrifera","Random",1,NA,3,2,NA
153,"Southern_Chile",NA,"Ilque",3.4,"Ilque.3.1.2012-08-01.3.4",2012,8,1,-41.6,-73.067,"Macrocystis pyrifera","Random",1,NA,0,1,NA
82,"Southern_Chile",NA,"Ilque",3.4,"Ilque.3.2.2012-02-21.3.4",2012,2,21,-41.6,-73.067,"Macrocystis pyrifera","Random",1,NA,5,3,NA
154,"Southern_Chile",NA,"Ilque",3.4,"Ilque.3.2.2012-08-01.3.4",2012,8,1,-41.6,-73.067,"Macrocystis pyrifera","Random",1,NA,1,1,NA
83,"Southern_Chile",NA,"Ilque",3.4,"Ilque.3.3.2012-02-21.3.4",2012,2,21,-41.6,-73.067,"Macrocystis pyrifera","Random",1,NA,2,1,NA
155,"Southern_Chile",NA,"Ilque",3.4,"Ilque.3.3.2012-08-01.3.4",2012,8,1,-41.6,-73.067,"Macrocystis pyrifera","Random",1,NA,2,1,NA
84,"Southern_Chile",NA,"Ilque",3.4,"Ilque.3.4.2012-02-21.3.4",2012,2,21,-41.6,-73.067,"Macrocystis pyrifera","Random",1,NA,4,2,NA
156,"Southern_Chile",NA,"Ilque",3.4,"Ilque.3.4.2012-08-01.3.4",2012,8,1,-41.6,-73.067,"Macrocystis pyrifera","Random",1,NA,0,1,NA
205,"Southern_Chile",NA,"Metri",1.2,"Metri.1.1.2013-01-24.1.2",2013,1,24,-41.583,-72.7,"Macrocystis pyrifera","Random",1,NA,7,5,NA
206,"Southern_Chile",NA,"Metri",1.2,"Metri.1.2.2013-01-24.1.2",2013,1,24,-41.583,-72.7,"Macrocystis pyrifera","Random",1,NA,6,4,NA
207,"Southern_Chile",NA,"Metri",1.2,"Metri.1.3.2013-01-24.1.2",2013,1,24,-41.583,-72.7,"Macrocystis pyrifera","Random",1,NA,14,7,NA
208,"Southern_Chile",NA,"Metri",1.2,"Metri.1.4.2013-01-24.1.2",2013,1,24,-41.583,-72.7,"Macrocystis pyrifera","Random",1,NA,5,4,NA
209,"Southern_Chile",NA,"Metri",1.2,"Metri.2.1.2013-01-24.1.2",2013,1,24,-41.583,-72.7,"Macrocystis pyrifera","Random",1,NA,12,6,NA
210,"Southern_Chile",NA,"Metri",1.2,"Metri.2.2.2013-01-24.1.2",2013,1,24,-41.583,-72.7,"Macrocystis pyrifera","Random",1,NA,11,5,NA
211,"Southern_Chile",NA,"Metri",1.2,"Metri.2.3.2013-01-24.1.2",2013,1,24,-41.583,-72.7,"Macrocystis pyrifera","Random",1,NA,8,4,NA
212,"Southern_Chile",NA,"Metri",1.2,"Metri.2.4.2013-01-24.1.2",2013,1,24,-41.583,-72.7,"Macrocystis pyrifera","Random",1,NA,5,3,NA
213,"Southern_Chile",NA,"Metri",1.2,"Metri.3.1.2013-01-24.1.2",2013,1,24,-41.583,-72.7,"Macrocystis pyrifera","Random",1,NA,9,5,NA
214,"Southern_Chile",NA,"Metri",1.2,"Metri.3.2.2013-01-24.1.2",2013,1,24,-41.583,-72.7,"Macrocystis pyrifera","Random",1,NA,9,6,NA
215,"Southern_Chile",NA,"Metri",1.2,"Metri.3.3.2013-01-24.1.2",2013,1,24,-41.583,-72.7,"Macrocystis pyrifera","Random",1,NA,8,4,NA
216,"Southern_Chile",NA,"Metri",1.2,"Metri.3.4.2013-01-24.1.2",2013,1,24,-41.583,-72.7,"Macrocystis pyrifera","Random",1,NA,8,5,NA
25,"Southern_Chile",NA,"Metri",1.6,"Metri.1.1.2011-12-22.1.6",2011,12,22,-41.583,-72.7,"Macrocystis pyrifera","Random",1,NA,6,3,NA
181,"Southern_Chile",NA,"Metri",1.6,"Metri.1.1.2012-11-14.1.6",2012,11,14,-41.583,-72.7,"Macrocystis pyrifera","Random",1,NA,34,18,NA
26,"Southern_Chile",NA,"Metri",1.6,"Metri.1.2.2011-12-22.1.6",2011,12,22,-41.583,-72.7,"Macrocystis pyrifera","Random",1,NA,14,8,NA
182,"Southern_Chile",NA,"Metri",1.6,"Metri.1.2.2012-11-14.1.6",2012,11,14,-41.583,-72.7,"Macrocystis pyrifera","Random",1,NA,11,7,NA
27,"Southern_Chile",NA,"Metri",1.6,"Metri.1.3.2011-12-22.1.6",2011,12,22,-41.583,-72.7,"Macrocystis pyrifera","Random",1,NA,4,2,NA
183,"Southern_Chile",NA,"Metri",1.6,"Metri.1.3.2012-11-14.1.6",2012,11,14,-41.583,-72.7,"Macrocystis pyrifera","Random",1,NA,12,8,NA
28,"Southern_Chile",NA,"Metri",1.6,"Metri.1.4.2011-12-22.1.6",2011,12,22,-41.583,-72.7,"Macrocystis pyrifera","Random",1,NA,5,3,NA
184,"Southern_Chile",NA,"Metri",1.6,"Metri.1.4.2012-11-14.1.6",2012,11,14,-41.583,-72.7,"Macrocystis pyrifera","Random",1,NA,4,2,NA
29,"Southern_Chile",NA,"Metri",1.6,"Metri.2.1.2011-12-22.1.6",2011,12,22,-41.583,-72.7,"Macrocystis pyrifera","Random",1,NA,6,3,NA
185,"Southern_Chile",NA,"Metri",1.6,"Metri.2.1.2012-11-14.1.6",2012,11,14,-41.583,-72.7,"Macrocystis pyrifera","Random",1,NA,12,7,NA
30,"Southern_Chile",NA,"Metri",1.6,"Metri.2.2.2011-12-22.1.6",2011,12,22,-41.583,-72.7,"Macrocystis pyrifera","Random",1,NA,8,4,NA
186,"Southern_Chile",NA,"Metri",1.6,"Metri.2.2.2012-11-14.1.6",2012,11,14,-41.583,-72.7,"Macrocystis pyrifera","Random",1,NA,5,4,NA
31,"Southern_Chile",NA,"Metri",1.6,"Metri.2.3.2011-12-22.1.6",2011,12,22,-41.583,-72.7,"Macrocystis pyrifera","Random",1,NA,8,4,NA
187,"Southern_Chile",NA,"Metri",1.6,"Metri.2.3.2012-11-14.1.6",2012,11,14,-41.583,-72.7,"Macrocystis pyrifera","Random",1,NA,13,7,NA
32,"Southern_Chile",NA,"Metri",1.6,"Metri.2.4.2011-12-22.1.6",2011,12,22,-41.583,-72.7,"Macrocystis pyrifera","Random",1,NA,2,1,NA
188,"Southern_Chile",NA,"Metri",1.6,"Metri.2.4.2012-11-14.1.6",2012,11,14,-41.583,-72.7,"Macrocystis pyrifera","Random",1,NA,5,2,NA
33,"Southern_Chile",NA,"Metri",1.6,"Metri.3.1.2011-12-22.1.6",2011,12,22,-41.583,-72.7,"Macrocystis pyrifera","Random",1,NA,7,4,NA
189,"Southern_Chile",NA,"Metri",1.6,"Metri.3.1.2012-11-14.1.6",2012,11,14,-41.583,-72.7,"Macrocystis pyrifera","Random",1,NA,8,1,NA
34,"Southern_Chile",NA,"Metri",1.6,"Metri.3.2.2011-12-22.1.6",2011,12,22,-41.583,-72.7,"Macrocystis pyrifera","Random",1,NA,3,2,NA
190,"Southern_Chile",NA,"Metri",1.6,"Metri.3.2.2012-11-14.1.6",2012,11,14,-41.583,-72.7,"Macrocystis pyrifera","Random",1,NA,5,2,NA
35,"Southern_Chile",NA,"Metri",1.6,"Metri.3.3.2011-12-22.1.6",2011,12,22,-41.583,-72.7,"Macrocystis pyrifera","Random",1,NA,8,5,NA
191,"Southern_Chile",NA,"Metri",1.6,"Metri.3.3.2012-11-14.1.6",2012,11,14,-41.583,-72.7,"Macrocystis pyrifera","Random",1,NA,6,3,NA
36,"Southern_Chile",NA,"Metri",1.6,"Metri.3.4.2011-12-22.1.6",2011,12,22,-41.583,-72.7,"Macrocystis pyrifera","Random",1,NA,7,4,NA
192,"Southern_Chile",NA,"Metri",1.6,"Metri.3.4.2012-11-14.1.6",2012,11,14,-41.583,-72.7,"Macrocystis pyrifera","Random",1,NA,11,6,NA
217,"Southern_Chile",NA,"Metri",1.7,"Metri.1.1.2013-05-09.1.7",2013,5,9,-41.583,-72.7,"Macrocystis pyrifera","Random",1,NA,5,3,NA
218,"Southern_Chile",NA,"Metri",1.7,"Metri.1.2.2013-05-09.1.7",2013,5,9,-41.583,-72.7,"Macrocystis pyrifera","Random",1,NA,5,3,NA
219,"Southern_Chile",NA,"Metri",1.7,"Metri.1.3.2013-05-09.1.7",2013,5,9,-41.583,-72.7,"Macrocystis pyrifera","Random",1,NA,13,5,NA
220,"Southern_Chile",NA,"Metri",1.7,"Metri.1.4.2013-05-09.1.7",2013,5,9,-41.583,-72.7,"Macrocystis pyrifera","Random",1,NA,8,5,NA
221,"Southern_Chile",NA,"Metri",1.7,"Metri.2.1.2013-05-09.1.7",2013,5,9,-41.583,-72.7,"Macrocystis pyrifera","Random",1,NA,6,3,NA
222,"Southern_Chile",NA,"Metri",1.7,"Metri.2.2.2013-05-09.1.7",2013,5,9,-41.583,-72.7,"Macrocystis pyrifera","Random",1,NA,4,2,NA
223,"Southern_Chile",NA,"Metri",1.7,"Metri.2.3.2013-05-09.1.7",2013,5,9,-41.583,-72.7,"Macrocystis pyrifera","Random",1,NA,4,2,NA
224,"Southern_Chile",NA,"Metri",1.7,"Metri.2.4.2013-05-09.1.7",2013,5,9,-41.583,-72.7,"Macrocystis pyrifera","Random",1,NA,7,3,NA
225,"Southern_Chile",NA,"Metri",1.7,"Metri.3.1.2013-05-09.1.7",2013,5,9,-41.583,-72.7,"Macrocystis pyrifera","Random",1,NA,10,5,NA
226,"Southern_Chile",NA,"Metri",1.7,"Metri.3.2.2013-05-09.1.7",2013,5,9,-41.583,-72.7,"Macrocystis pyrifera","Random",1,NA,12,5,NA
227,"Southern_Chile",NA,"Metri",1.7,"Metri.3.3.2013-05-09.1.7",2013,5,9,-41.583,-72.7,"Macrocystis pyrifera","Random",1,NA,5,2,NA
228,"Southern_Chile",NA,"Metri",1.7,"Metri.3.4.2013-05-09.1.7",2013,5,9,-41.583,-72.7,"Macrocystis pyrifera","Random",1,NA,4,2,NA
49,"Southern_Chile",NA,"Metri",2.8,"Metri.1.1.2012-02-14.2.8",2012,2,14,-41.583,-72.7,"Macrocystis pyrifera","Random",1,NA,5,3,NA
50,"Southern_Chile",NA,"Metri",2.8,"Metri.1.2.2012-02-14.2.8",2012,2,14,-41.583,-72.7,"Macrocystis pyrifera","Random",1,NA,2,1,NA
51,"Southern_Chile",NA,"Metri",2.8,"Metri.1.3.2012-02-14.2.8",2012,2,14,-41.583,-72.7,"Macrocystis pyrifera","Random",1,NA,2,1,NA
52,"Southern_Chile",NA,"Metri",2.8,"Metri.1.4.2012-02-14.2.8",2012,2,14,-41.583,-72.7,"Macrocystis pyrifera","Random",1,NA,2,1,NA
53,"Southern_Chile",NA,"Metri",2.8,"Metri.2.1.2012-02-14.2.8",2012,2,14,-41.583,-72.7,"Macrocystis pyrifera","Random",1,NA,4,2,NA
54,"Southern_Chile",NA,"Metri",2.8,"Metri.2.2.2012-02-14.2.8",2012,2,14,-41.583,-72.7,"Macrocystis pyrifera","Random",1,NA,4,2,NA
55,"Southern_Chile",NA,"Metri",2.8,"Metri.2.3.2012-02-14.2.8",2012,2,14,-41.583,-72.7,"Macrocystis pyrifera","Random",1,NA,2,2,NA
56,"Southern_Chile",NA,"Metri",2.8,"Metri.2.4.2012-02-14.2.8",2012,2,14,-41.583,-72.7,"Macrocystis pyrifera","Random",1,NA,1,1,NA
57,"Southern_Chile",NA,"Metri",2.8,"Metri.3.1.2012-02-14.2.8",2012,2,14,-41.583,-72.7,"Macrocystis pyrifera","Random",1,NA,1,1,NA
58,"Southern_Chile",NA,"Metri",2.8,"Metri.3.2.2012-02-14.2.8",2012,2,14,-41.583,-72.7,"Macrocystis pyrifera","Random",1,NA,3,2,NA
59,"Southern_Chile",NA,"Metri",2.8,"Metri.3.3.2012-02-14.2.8",2012,2,14,-41.583,-72.7,"Macrocystis pyrifera","Random",1,NA,8,4,NA
60,"Southern_Chile",NA,"Metri",2.8,"Metri.3.4.2012-02-14.2.8",2012,2,14,-41.583,-72.7,"Macrocystis pyrifera","Random",1,NA,4,2,NA
109,"Southern_Chile",NA,"Metri",3.2,"Metri.1.1.2012-06-19.3.2",2012,6,19,-41.583,-72.7,"Macrocystis pyrifera","Random",1,NA,5,3,NA
133,"Southern_Chile",NA,"Metri",3.2,"Metri.1.1.2012-07-25.3.2",2012,7,25,-41.583,-72.7,"Macrocystis pyrifera","Random",1,NA,2,1,NA
110,"Southern_Chile",NA,"Metri",3.2,"Metri.1.2.2012-06-19.3.2",2012,6,19,-41.583,-72.7,"Macrocystis pyrifera","Random",1,NA,5,4,NA
134,"Southern_Chile",NA,"Metri",3.2,"Metri.1.2.2012-07-25.3.2",2012,7,25,-41.583,-72.7,"Macrocystis pyrifera","Random",1,NA,2,1,NA
111,"Southern_Chile",NA,"Metri",3.2,"Metri.1.3.2012-06-19.3.2",2012,6,19,-41.583,-72.7,"Macrocystis pyrifera","Random",1,NA,2,1,NA
135,"Southern_Chile",NA,"Metri",3.2,"Metri.1.3.2012-07-25.3.2",2012,7,25,-41.583,-72.7,"Macrocystis pyrifera","Random",1,NA,2,1,NA
112,"Southern_Chile",NA,"Metri",3.2,"Metri.1.4.2012-06-19.3.2",2012,6,19,-41.583,-72.7,"Macrocystis pyrifera","Random",1,NA,1,1,NA
136,"Southern_Chile",NA,"Metri",3.2,"Metri.1.4.2012-07-25.3.2",2012,7,25,-41.583,-72.7,"Macrocystis pyrifera","Random",1,NA,2,2,NA
113,"Southern_Chile",NA,"Metri",3.2,"Metri.2.1.2012-06-19.3.2",2012,6,19,-41.583,-72.7,"Macrocystis pyrifera","Random",1,NA,2,1,NA
137,"Southern_Chile",NA,"Metri",3.2,"Metri.2.1.2012-07-25.3.2",2012,7,25,-41.583,-72.7,"Macrocystis pyrifera","Random",1,NA,4,2,NA
114,"Southern_Chile",NA,"Metri",3.2,"Metri.2.2.2012-06-19.3.2",2012,6,19,-41.583,-72.7,"Macrocystis pyrifera","Random",1,NA,2,2,NA
138,"Southern_Chile",NA,"Metri",3.2,"Metri.2.2.2012-07-25.3.2",2012,7,25,-41.583,-72.7,"Macrocystis pyrifera","Random",1,NA,1,1,NA
115,"Southern_Chile",NA,"Metri",3.2,"Metri.2.3.2012-06-19.3.2",2012,6,19,-41.583,-72.7,"Macrocystis pyrifera","Random",1,NA,1,1,NA
139,"Southern_Chile",NA,"Metri",3.2,"Metri.2.3.2012-07-25.3.2",2012,7,25,-41.583,-72.7,"Macrocystis pyrifera","Random",1,NA,2,1,NA
116,"Southern_Chile",NA,"Metri",3.2,"Metri.2.4.2012-06-19.3.2",2012,6,19,-41.583,-72.7,"Macrocystis pyrifera","Random",1,NA,4,3,NA
140,"Southern_Chile",NA,"Metri",3.2,"Metri.2.4.2012-07-25.3.2",2012,7,25,-41.583,-72.7,"Macrocystis pyrifera","Random",1,NA,1,1,NA
117,"Southern_Chile",NA,"Metri",3.2,"Metri.3.1.2012-06-19.3.2",2012,6,19,-41.583,-72.7,"Macrocystis pyrifera","Random",1,NA,2,2,NA
141,"Southern_Chile",NA,"Metri",3.2,"Metri.3.1.2012-07-25.3.2",2012,7,25,-41.583,-72.7,"Macrocystis pyrifera","Random",1,NA,2,1,NA
118,"Southern_Chile",NA,"Metri",3.2,"Metri.3.2.2012-06-19.3.2",2012,6,19,-41.583,-72.7,"Macrocystis pyrifera","Random",1,NA,2,1,NA
142,"Southern_Chile",NA,"Metri",3.2,"Metri.3.2.2012-07-25.3.2",2012,7,25,-41.583,-72.7,"Macrocystis pyrifera","Random",1,NA,2,1,NA
119,"Southern_Chile",NA,"Metri",3.2,"Metri.3.3.2012-06-19.3.2",2012,6,19,-41.583,-72.7,"Macrocystis pyrifera","Random",1,NA,1,1,NA
143,"Southern_Chile",NA,"Metri",3.2,"Metri.3.3.2012-07-25.3.2",2012,7,25,-41.583,-72.7,"Macrocystis pyrifera","Random",1,NA,2,1,NA
120,"Southern_Chile",NA,"Metri",3.2,"Metri.3.4.2012-06-19.3.2",2012,6,19,-41.583,-72.7,"Macrocystis pyrifera","Random",1,NA,1,1,NA
144,"Southern_Chile",NA,"Metri",3.2,"Metri.3.4.2012-07-25.3.2",2012,7,25,-41.583,-72.7,"Macrocystis pyrifera","Random",1,NA,1,1,NA
13,"Southern_Chile",NA,"Pargua",1,"Pargua.1.1.2011-12-06.1",2011,12,6,-41.783,-73.467,"Macrocystis pyrifera","Random",1,NA,13,7,NA
37,"Southern_Chile",NA,"Pargua",1,"Pargua.1.1.2012-01-31.1",2012,1,31,-41.783,-73.467,"Macrocystis pyrifera","Random",1,NA,3,2,NA
169,"Southern_Chile",NA,"Pargua",1,"Pargua.1.1.2012-10-24.1",2012,10,24,-41.783,-73.467,"Macrocystis pyrifera","Random",1,NA,23,12,NA
14,"Southern_Chile",NA,"Pargua",1,"Pargua.1.2.2011-12-06.1",2011,12,6,-41.783,-73.467,"Macrocystis pyrifera","Random",1,NA,11,6,NA
38,"Southern_Chile",NA,"Pargua",1,"Pargua.1.2.2012-01-31.1",2012,1,31,-41.783,-73.467,"Macrocystis pyrifera","Random",1,NA,4,2,NA
170,"Southern_Chile",NA,"Pargua",1,"Pargua.1.2.2012-10-24.1",2012,10,24,-41.783,-73.467,"Macrocystis pyrifera","Random",1,NA,17,9,NA
15,"Southern_Chile",NA,"Pargua",1,"Pargua.1.3.2011-12-06.1",2011,12,6,-41.783,-73.467,"Macrocystis pyrifera","Random",1,NA,6,3,NA
39,"Southern_Chile",NA,"Pargua",1,"Pargua.1.3.2012-01-31.1",2012,1,31,-41.783,-73.467,"Macrocystis pyrifera","Random",1,NA,13,9,NA
171,"Southern_Chile",NA,"Pargua",1,"Pargua.1.3.2012-10-24.1",2012,10,24,-41.783,-73.467,"Macrocystis pyrifera","Random",1,NA,9,5,NA
16,"Southern_Chile",NA,"Pargua",1,"Pargua.1.4.2011-12-06.1",2011,12,6,-41.783,-73.467,"Macrocystis pyrifera","Random",1,NA,13,7,NA
40,"Southern_Chile",NA,"Pargua",1,"Pargua.1.4.2012-01-31.1",2012,1,31,-41.783,-73.467,"Macrocystis pyrifera","Random",1,NA,9,6,NA
172,"Southern_Chile",NA,"Pargua",1,"Pargua.1.4.2012-10-24.1",2012,10,24,-41.783,-73.467,"Macrocystis pyrifera","Random",1,NA,7,4,NA
17,"Southern_Chile",NA,"Pargua",1,"Pargua.2.1.2011-12-06.1",2011,12,6,-41.783,-73.467,"Macrocystis pyrifera","Random",1,NA,8,4,NA
41,"Southern_Chile",NA,"Pargua",1,"Pargua.2.1.2012-01-31.1",2012,1,31,-41.783,-73.467,"Macrocystis pyrifera","Random",1,NA,9,5,NA
173,"Southern_Chile",NA,"Pargua",1,"Pargua.2.1.2012-10-24.1",2012,10,24,-41.783,-73.467,"Macrocystis pyrifera","Random",1,NA,9,6,NA
18,"Southern_Chile",NA,"Pargua",1,"Pargua.2.2.2011-12-06.1",2011,12,6,-41.783,-73.467,"Macrocystis pyrifera","Random",1,NA,10,5,NA
42,"Southern_Chile",NA,"Pargua",1,"Pargua.2.2.2012-01-31.1",2012,1,31,-41.783,-73.467,"Macrocystis pyrifera","Random",1,NA,13,8,NA
174,"Southern_Chile",NA,"Pargua",1,"Pargua.2.2.2012-10-24.1",2012,10,24,-41.783,-73.467,"Macrocystis pyrifera","Random",1,NA,8,5,NA
19,"Southern_Chile",NA,"Pargua",1,"Pargua.2.3.2011-12-06.1",2011,12,6,-41.783,-73.467,"Macrocystis pyrifera","Random",1,NA,3,2,NA
43,"Southern_Chile",NA,"Pargua",1,"Pargua.2.3.2012-01-31.1",2012,1,31,-41.783,-73.467,"Macrocystis pyrifera","Random",1,NA,4,3,NA
175,"Southern_Chile",NA,"Pargua",1,"Pargua.2.3.2012-10-24.1",2012,10,24,-41.783,-73.467,"Macrocystis pyrifera","Random",1,NA,6,3,NA
20,"Southern_Chile",NA,"Pargua",1,"Pargua.2.4.2011-12-06.1",2011,12,6,-41.783,-73.467,"Macrocystis pyrifera","Random",1,NA,12,7,NA
44,"Southern_Chile",NA,"Pargua",1,"Pargua.2.4.2012-01-31.1",2012,1,31,-41.783,-73.467,"Macrocystis pyrifera","Random",1,NA,1,1,NA
176,"Southern_Chile",NA,"Pargua",1,"Pargua.2.4.2012-10-24.1",2012,10,24,-41.783,-73.467,"Macrocystis pyrifera","Random",1,NA,4,2,NA
21,"Southern_Chile",NA,"Pargua",1,"Pargua.3.1.2011-12-06.1",2011,12,6,-41.783,-73.467,"Macrocystis pyrifera","Random",1,NA,13,8,NA
45,"Southern_Chile",NA,"Pargua",1,"Pargua.3.1.2012-01-31.1",2012,1,31,-41.783,-73.467,"Macrocystis pyrifera","Random",1,NA,1,1,NA
177,"Southern_Chile",NA,"Pargua",1,"Pargua.3.1.2012-10-24.1",2012,10,24,-41.783,-73.467,"Macrocystis pyrifera","Random",1,NA,23,13,NA
22,"Southern_Chile",NA,"Pargua",1,"Pargua.3.2.2011-12-06.1",2011,12,6,-41.783,-73.467,"Macrocystis pyrifera","Random",1,NA,6,4,NA
46,"Southern_Chile",NA,"Pargua",1,"Pargua.3.2.2012-01-31.1",2012,1,31,-41.783,-73.467,"Macrocystis pyrifera","Random",1,NA,6,5,NA
178,"Southern_Chile",NA,"Pargua",1,"Pargua.3.2.2012-10-24.1",2012,10,24,-41.783,-73.467,"Macrocystis pyrifera","Random",1,NA,9,5,NA
23,"Southern_Chile",NA,"Pargua",1,"Pargua.3.3.2011-12-06.1",2011,12,6,-41.783,-73.467,"Macrocystis pyrifera","Random",1,NA,14,7,NA
47,"Southern_Chile",NA,"Pargua",1,"Pargua.3.3.2012-01-31.1",2012,1,31,-41.783,-73.467,"Macrocystis pyrifera","Random",1,NA,5,3,NA
179,"Southern_Chile",NA,"Pargua",1,"Pargua.3.3.2012-10-24.1",2012,10,24,-41.783,-73.467,"Macrocystis pyrifera","Random",1,NA,9,5,NA
24,"Southern_Chile",NA,"Pargua",1,"Pargua.3.4.2011-12-06.1",2011,12,6,-41.783,-73.467,"Macrocystis pyrifera","Random",1,NA,7,4,NA
48,"Southern_Chile",NA,"Pargua",1,"Pargua.3.4.2012-01-31.1",2012,1,31,-41.783,-73.467,"Macrocystis pyrifera","Random",1,NA,6,5,NA
180,"Southern_Chile",NA,"Pargua",1,"Pargua.3.4.2012-10-24.1",2012,10,24,-41.783,-73.467,"Macrocystis pyrifera","Random",1,NA,2,2,NA
85,"Southern_Chile",NA,"Pargua",1.4,"Pargua.1.1.2012-05-30.1.4",2012,5,30,-41.783,-73.467,"Macrocystis pyrifera","Random",1,NA,8,5,NA
86,"Southern_Chile",NA,"Pargua",1.4,"Pargua.1.2.2012-05-30.1.4",2012,5,30,-41.783,-73.467,"Macrocystis pyrifera","Random",1,NA,7,4,NA
87,"Southern_Chile",NA,"Pargua",1.4,"Pargua.1.3.2012-05-30.1.4",2012,5,30,-41.783,-73.467,"Macrocystis pyrifera","Random",1,NA,7,5,NA
88,"Southern_Chile",NA,"Pargua",1.4,"Pargua.1.4.2012-05-30.1.4",2012,5,30,-41.783,-73.467,"Macrocystis pyrifera","Random",1,NA,11,7,NA
89,"Southern_Chile",NA,"Pargua",1.4,"Pargua.2.1.2012-05-30.1.4",2012,5,30,-41.783,-73.467,"Macrocystis pyrifera","Random",1,NA,6,5,NA
90,"Southern_Chile",NA,"Pargua",1.4,"Pargua.2.2.2012-05-30.1.4",2012,5,30,-41.783,-73.467,"Macrocystis pyrifera","Random",1,NA,12,7,NA
91,"Southern_Chile",NA,"Pargua",1.4,"Pargua.2.3.2012-05-30.1.4",2012,5,30,-41.783,-73.467,"Macrocystis pyrifera","Random",1,NA,11,6,NA
92,"Southern_Chile",NA,"Pargua",1.4,"Pargua.2.4.2012-05-30.1.4",2012,5,30,-41.783,-73.467,"Macrocystis pyrifera","Random",1,NA,7,5,NA
93,"Southern_Chile",NA,"Pargua",1.4,"Pargua.3.1.2012-05-30.1.4",2012,5,30,-41.783,-73.467,"Macrocystis pyrifera","Random",1,NA,10,6,NA
94,"Southern_Chile",NA,"Pargua",1.4,"Pargua.3.2.2012-05-30.1.4",2012,5,30,-41.783,-73.467,"Macrocystis pyrifera","Random",1,NA,6,4,NA
95,"Southern_Chile",NA,"Pargua",1.4,"Pargua.3.3.2012-05-30.1.4",2012,5,30,-41.783,-73.467,"Macrocystis pyrifera","Random",1,NA,7,4,NA
96,"Southern_Chile",NA,"Pargua",1.4,"Pargua.3.4.2012-05-30.1.4",2012,5,30,-41.783,-73.467,"Macrocystis pyrifera","Random",1,NA,9,6,NA
193,"Southern_Chile",NA,"Pargua",1.7,"Pargua.1.1.2013-01-15.1.7",2013,1,15,-41.783,-73.467,"Macrocystis pyrifera","Random",1,NA,17,7,NA
194,"Southern_Chile",NA,"Pargua",1.7,"Pargua.1.2.2013-01-15.1.7",2013,1,15,-41.783,-73.467,"Macrocystis pyrifera","Random",1,NA,10,6,NA
195,"Southern_Chile",NA,"Pargua",1.7,"Pargua.1.3.2013-01-15.1.7",2013,1,15,-41.783,-73.467,"Macrocystis pyrifera","Random",1,NA,8,4,NA
196,"Southern_Chile",NA,"Pargua",1.7,"Pargua.1.4.2013-01-15.1.7",2013,1,15,-41.783,-73.467,"Macrocystis pyrifera","Random",1,NA,8,4,NA
197,"Southern_Chile",NA,"Pargua",1.7,"Pargua.2.1.2013-01-15.1.7",2013,1,15,-41.783,-73.467,"Macrocystis pyrifera","Random",1,NA,14,6,NA
198,"Southern_Chile",NA,"Pargua",1.7,"Pargua.2.2.2013-01-15.1.7",2013,1,15,-41.783,-73.467,"Macrocystis pyrifera","Random",1,NA,15,6,NA
199,"Southern_Chile",NA,"Pargua",1.7,"Pargua.2.3.2013-01-15.1.7",2013,1,15,-41.783,-73.467,"Macrocystis pyrifera","Random",1,NA,12,4,NA
200,"Southern_Chile",NA,"Pargua",1.7,"Pargua.2.4.2013-01-15.1.7",2013,1,15,-41.783,-73.467,"Macrocystis pyrifera","Random",1,NA,6,3,NA
201,"Southern_Chile",NA,"Pargua",1.7,"Pargua.3.1.2013-01-15.1.7",2013,1,15,-41.783,-73.467,"Macrocystis pyrifera","Random",1,NA,25,10,NA
202,"Southern_Chile",NA,"Pargua",1.7,"Pargua.3.2.2013-01-15.1.7",2013,1,15,-41.783,-73.467,"Macrocystis pyrifera","Random",1,NA,19,8,NA
203,"Southern_Chile",NA,"Pargua",1.7,"Pargua.3.3.2013-01-15.1.7",2013,1,15,-41.783,-73.467,"Macrocystis pyrifera","Random",1,NA,10,4,NA
204,"Southern_Chile",NA,"Pargua",1.7,"Pargua.3.4.2013-01-15.1.7",2013,1,15,-41.783,-73.467,"Macrocystis pyrifera","Random",1,NA,12,5,NA
121,"Southern_Chile",NA,"Pargua",2.7,"Pargua.1.1.2012-07-18.2.7",2012,7,18,-41.783,-73.467,"Macrocystis pyrifera","Random",1,NA,3,3,NA
122,"Southern_Chile",NA,"Pargua",2.7,"Pargua.1.2.2012-07-18.2.7",2012,7,18,-41.783,-73.467,"Macrocystis pyrifera","Random",1,NA,5,5,NA
123,"Southern_Chile",NA,"Pargua",2.7,"Pargua.1.3.2012-07-18.2.7",2012,7,18,-41.783,-73.467,"Macrocystis pyrifera","Random",1,NA,4,3,NA
124,"Southern_Chile",NA,"Pargua",2.7,"Pargua.1.4.2012-07-18.2.7",2012,7,18,-41.783,-73.467,"Macrocystis pyrifera","Random",1,NA,1,1,NA
125,"Southern_Chile",NA,"Pargua",2.7,"Pargua.2.1.2012-07-18.2.7",2012,7,18,-41.783,-73.467,"Macrocystis pyrifera","Random",1,NA,4,2,NA
126,"Southern_Chile",NA,"Pargua",2.7,"Pargua.2.2.2012-07-18.2.7",2012,7,18,-41.783,-73.467,"Macrocystis pyrifera","Random",1,NA,5,4,NA
127,"Southern_Chile",NA,"Pargua",2.7,"Pargua.2.3.2012-07-18.2.7",2012,7,18,-41.783,-73.467,"Macrocystis pyrifera","Random",1,NA,3,2,NA
128,"Southern_Chile",NA,"Pargua",2.7,"Pargua.2.4.2012-07-18.2.7",2012,7,18,-41.783,-73.467,"Macrocystis pyrifera","Random",1,NA,2,1,NA
129,"Southern_Chile",NA,"Pargua",2.7,"Pargua.3.1.2012-07-18.2.7",2012,7,18,-41.783,-73.467,"Macrocystis pyrifera","Random",1,NA,4,2,NA
130,"Southern_Chile",NA,"Pargua",2.7,"Pargua.3.2.2012-07-18.2.7",2012,7,18,-41.783,-73.467,"Macrocystis pyrifera","Random",1,NA,1,1,NA
131,"Southern_Chile",NA,"Pargua",2.7,"Pargua.3.3.2012-07-18.2.7",2012,7,18,-41.783,-73.467,"Macrocystis pyrifera","Random",1,NA,3,2,NA
132,"Southern_Chile",NA,"Pargua",2.7,"Pargua.3.4.2012-07-18.2.7",2012,7,18,-41.783,-73.467,"Macrocystis pyrifera","Random",1,NA,4,2,NA
