"Entry","Study","Region","Site","Depth.m","Sample.ID","Sample.Year","Sample.Month","Sample.Day","Latitude","Longitude","Taxon","Fixed.or.Random","Sample.Unit.Size.sq.m","Percent.Cover","Stipe.Density.num.per.sq.m","Individual.Density.num.per.sq.m","Biomass.kg.wet.per.sq.m"
86,"New_Zealand_Hauraki_Gulf",NA,"C3",2,"2110_C3_2007_2",2007,2,21,-36.73923854,174.75804816,"Ecklonia radiata","Random",1,NA,NA,4,1.91247240138485
87,"New_Zealand_Hauraki_Gulf",NA,"C3",2,"2111_C3_2007_2",2007,2,21,-36.73923854,174.75804816,"Ecklonia radiata","Random",1,NA,NA,0,0
88,"New_Zealand_Hauraki_Gulf",NA,"C3",2,"2112_C3_2007_2",2007,2,21,-36.73923854,174.75804816,"Ecklonia radiata","Random",1,NA,NA,2,1.14815250258581
89,"New_Zealand_Hauraki_Gulf",NA,"C3",2,"2113_C3_2007_2",2007,2,21,-36.73923854,174.75804816,"Ecklonia radiata","Random",1,NA,NA,4,1.98812292738795
90,"New_Zealand_Hauraki_Gulf",NA,"C3",2,"2114_C3_2007_2",2007,2,21,-36.73923854,174.75804816,"Ecklonia radiata","Random",1,NA,NA,2,1.01660289098709
91,"New_Zealand_Hauraki_Gulf",NA,"C3",2,"2362_C3_2008_2",2008,2,11,-36.73923854,174.75804816,"Ecklonia radiata","Random",1,NA,NA,4,2.15229510924608
92,"New_Zealand_Hauraki_Gulf",NA,"C3",2,"2363_C3_2008_2",2008,2,11,-36.73923854,174.75804816,"Ecklonia radiata","Random",1,NA,NA,4,2.25012629714341
93,"New_Zealand_Hauraki_Gulf",NA,"C3",2,"2364_C3_2008_2",2008,2,11,-36.73923854,174.75804816,"Ecklonia radiata","Random",1,NA,NA,4,2.28468190942168
94,"New_Zealand_Hauraki_Gulf",NA,"C3",2,"2365_C3_2008_2",2008,2,11,-36.73923854,174.75804816,"Ecklonia radiata","Random",1,NA,NA,3,1.50809304152314
95,"New_Zealand_Hauraki_Gulf",NA,"C3",2,"2366_C3_2008_2",2008,2,11,-36.73923854,174.75804816,"Ecklonia radiata","Random",1,NA,NA,3,1.45843305485795
96,"New_Zealand_Hauraki_Gulf",NA,"C3",2,"2614_C3_2009_2",2009,2,18,-36.73923854,174.75804816,"Ecklonia radiata","Random",1,NA,NA,12,7.10935010609388
97,"New_Zealand_Hauraki_Gulf",NA,"C3",2,"2615_C3_2009_2",2009,2,18,-36.73923854,174.75804816,"Ecklonia radiata","Random",1,NA,NA,4,0.840164176990114
98,"New_Zealand_Hauraki_Gulf",NA,"C3",2,"2616_C3_2009_2",2009,2,18,-36.73923854,174.75804816,"Ecklonia radiata","Random",1,NA,NA,13,3.46809408689875
99,"New_Zealand_Hauraki_Gulf",NA,"C3",2,"2617_C3_2009_2",2009,2,18,-36.73923854,174.75804816,"Ecklonia radiata","Random",1,NA,NA,3,0.22165522188151
100,"New_Zealand_Hauraki_Gulf",NA,"C3",2,"2618_C3_2009_2",2009,2,18,-36.73923854,174.75804816,"Ecklonia radiata","Random",1,NA,NA,7,2.18265336004759
101,"New_Zealand_Hauraki_Gulf",NA,"C3",2,"3015_C3_2010_2",2010,2,8,-36.73923854,174.75804816,"Ecklonia radiata","Random",1,NA,NA,3,0.988984785700622
102,"New_Zealand_Hauraki_Gulf",NA,"C3",2,"3037_C3_2010_2",2010,2,8,-36.73923854,174.75804816,"Ecklonia radiata","Random",1,NA,NA,0,0
103,"New_Zealand_Hauraki_Gulf",NA,"C3",2,"3038_C3_2010_2",2010,2,8,-36.73923854,174.75804816,"Ecklonia radiata","Random",1,NA,NA,4,2.1747370166528
104,"New_Zealand_Hauraki_Gulf",NA,"C3",2,"3040_C3_2010_2",2010,2,8,-36.73923854,174.75804816,"Ecklonia radiata","Random",1,NA,NA,5,1.73172905885627
105,"New_Zealand_Hauraki_Gulf",NA,"C3",2,"3041_C3_2010_2",2010,2,8,-36.73923854,174.75804816,"Ecklonia radiata","Random",1,NA,NA,0,0
106,"New_Zealand_Hauraki_Gulf",NA,"C3",2,"3225_C3_2011_2",2011,2,2,-36.73923854,174.75804816,"Ecklonia radiata","Random",1,NA,NA,6,1.80559417874828
107,"New_Zealand_Hauraki_Gulf",NA,"C3",2,"3228_C3_2011_2",2011,2,2,-36.73923854,174.75804816,"Ecklonia radiata","Random",1,NA,NA,7,3.46357840495337
108,"New_Zealand_Hauraki_Gulf",NA,"C3",2,"3229_C3_2011_2",2011,2,2,-36.73923854,174.75804816,"Ecklonia radiata","Random",1,NA,NA,4,2.07600385583386
109,"New_Zealand_Hauraki_Gulf",NA,"C3",2,"3230_C3_2011_2",2011,2,2,-36.73923854,174.75804816,"Ecklonia radiata","Random",1,NA,NA,4,1.30636486011833
110,"New_Zealand_Hauraki_Gulf",NA,"C3",2,"3231_C3_2011_2",2011,2,2,-36.73923854,174.75804816,"Ecklonia radiata","Random",1,NA,NA,9,2.45284796938685
111,"New_Zealand_Hauraki_Gulf",NA,"C3",2,"3463_C3_2012_2",2012,2,14,-36.73923854,174.75804816,"Ecklonia radiata","Random",1,NA,NA,7,1.91543720422804
112,"New_Zealand_Hauraki_Gulf",NA,"C3",2,"3464_C3_2012_2",2012,2,14,-36.73923854,174.75804816,"Ecklonia radiata","Random",1,NA,NA,11,0.030361159344517
113,"New_Zealand_Hauraki_Gulf",NA,"C3",2,"3465_C3_2012_2",2012,2,14,-36.73923854,174.75804816,"Ecklonia radiata","Random",1,NA,NA,15,6.08135562506594
114,"New_Zealand_Hauraki_Gulf",NA,"C3",2,"3466_C3_2012_2",2012,2,14,-36.73923854,174.75804816,"Ecklonia radiata","Random",1,NA,NA,10,4.76439474012893
115,"New_Zealand_Hauraki_Gulf",NA,"C3",2,"3467_C3_2012_2",2012,2,14,-36.73923854,174.75804816,"Ecklonia radiata","Random",1,NA,NA,5,1.90915913220843
116,"New_Zealand_Hauraki_Gulf",NA,"C4",2.9,"1865_C4_2006_2.9",2006,2,28,-36.74027035,174.75981152,"Ecklonia radiata","Random",1,NA,NA,3,1.68205444017831
117,"New_Zealand_Hauraki_Gulf",NA,"C4",2.9,"1866_C4_2006_2.9",2006,2,28,-36.74027035,174.75981152,"Ecklonia radiata","Random",1,NA,NA,13,6.35814897224089
118,"New_Zealand_Hauraki_Gulf",NA,"C4",2.9,"1867_C4_2006_2.9",2006,3,20,-36.74027035,174.75981152,"Ecklonia radiata","Random",1,NA,NA,3,2.11221709855558
119,"New_Zealand_Hauraki_Gulf",NA,"C4",2.9,"1868_C4_2006_2.9",2006,3,20,-36.74027035,174.75981152,"Ecklonia radiata","Random",1,NA,NA,3,1.4500765097691
120,"New_Zealand_Hauraki_Gulf",NA,"C4",2.9,"1869_C4_2006_2.9",2006,2,28,-36.74027035,174.75981152,"Ecklonia radiata","Random",1,NA,NA,5,2.11284010050262
121,"New_Zealand_Hauraki_Gulf",NA,"C4",2.9,"2117_C4_2007_2.9",2007,2,21,-36.74027035,174.75981152,"Ecklonia radiata","Random",1,NA,NA,10,6.16985444131175
122,"New_Zealand_Hauraki_Gulf",NA,"C4",2.9,"2118_C4_2007_2.9",2007,2,21,-36.74027035,174.75981152,"Ecklonia radiata","Random",1,NA,NA,2,1.04397326519346
123,"New_Zealand_Hauraki_Gulf",NA,"C4",2.9,"2119_C4_2007_2.9",2007,2,21,-36.74027035,174.75981152,"Ecklonia radiata","Random",1,NA,NA,8,4.75305027027535
124,"New_Zealand_Hauraki_Gulf",NA,"C4",2.9,"2120_C4_2007_2.9",2007,2,21,-36.74027035,174.75981152,"Ecklonia radiata","Random",1,NA,NA,5,2.62209719639847
125,"New_Zealand_Hauraki_Gulf",NA,"C4",2.9,"2121_C4_2007_2.9",2007,2,21,-36.74027035,174.75981152,"Ecklonia radiata","Random",1,NA,NA,3,1.69332580166967
126,"New_Zealand_Hauraki_Gulf",NA,"C4",2.9,"2369_C4_2008_2.9",2008,2,11,-36.74027035,174.75981152,"Ecklonia radiata","Random",1,NA,NA,2,1.57512903950936
127,"New_Zealand_Hauraki_Gulf",NA,"C4",2.9,"2370_C4_2008_2.9",2008,2,11,-36.74027035,174.75981152,"Ecklonia radiata","Random",1,NA,NA,6,3.78203590798705
128,"New_Zealand_Hauraki_Gulf",NA,"C4",2.9,"2371_C4_2008_2.9",2008,2,11,-36.74027035,174.75981152,"Ecklonia radiata","Random",1,NA,NA,4,1.95576798593505
129,"New_Zealand_Hauraki_Gulf",NA,"C4",2.9,"2372_C4_2008_2.9",2008,2,11,-36.74027035,174.75981152,"Ecklonia radiata","Random",1,NA,NA,6,3.64546929192003
130,"New_Zealand_Hauraki_Gulf",NA,"C4",2.9,"2373_C4_2008_2.9",2008,2,11,-36.74027035,174.75981152,"Ecklonia radiata","Random",1,NA,NA,3,1.52340806515391
131,"New_Zealand_Hauraki_Gulf",NA,"C4",2.9,"2621_C4_2009_2.9",2009,2,24,-36.74027035,174.75981152,"Ecklonia radiata","Random",1,NA,NA,3,2.32314202546767
132,"New_Zealand_Hauraki_Gulf",NA,"C4",2.9,"2622_C4_2009_2.9",2009,2,24,-36.74027035,174.75981152,"Ecklonia radiata","Random",1,NA,NA,15,8.91558586048285
133,"New_Zealand_Hauraki_Gulf",NA,"C4",2.9,"2623_C4_2009_2.9",2009,2,24,-36.74027035,174.75981152,"Ecklonia radiata","Random",1,NA,NA,3,0.85912006140483
134,"New_Zealand_Hauraki_Gulf",NA,"C4",2.9,"2624_C4_2009_2.9",2009,2,24,-36.74027035,174.75981152,"Ecklonia radiata","Random",1,NA,NA,3,1.56810433060789
135,"New_Zealand_Hauraki_Gulf",NA,"C4",2.9,"2625_C4_2009_2.9",2009,2,24,-36.74027035,174.75981152,"Ecklonia radiata","Random",1,NA,NA,5,2.88648486682444
136,"New_Zealand_Hauraki_Gulf",NA,"C4",2.9,"3008_C4_2010_2.9",2010,2,8,-36.74027035,174.75981152,"Ecklonia radiata","Random",1,NA,NA,13,5.16508359556929
137,"New_Zealand_Hauraki_Gulf",NA,"C4",2.9,"3009_C4_2010_2.9",2010,2,8,-36.74027035,174.75981152,"Ecklonia radiata","Random",1,NA,NA,11,3.53030222651625
138,"New_Zealand_Hauraki_Gulf",NA,"C4",2.9,"3010_C4_2010_2.9",2010,2,8,-36.74027035,174.75981152,"Ecklonia radiata","Random",1,NA,NA,3,1.12074677499281
139,"New_Zealand_Hauraki_Gulf",NA,"C4",2.9,"3011_C4_2010_2.9",2010,2,8,-36.74027035,174.75981152,"Ecklonia radiata","Random",1,NA,NA,6,3.33113383586205
140,"New_Zealand_Hauraki_Gulf",NA,"C4",2.9,"3012_C4_2010_2.9",2010,2,8,-36.74027035,174.75981152,"Ecklonia radiata","Random",1,NA,NA,3,2.10074926703358
141,"New_Zealand_Hauraki_Gulf",NA,"C4",2.9,"3218_C4_2011_2.9",2011,2,2,-36.74027035,174.75981152,"Ecklonia radiata","Random",1,NA,NA,2,0.352157423590507
142,"New_Zealand_Hauraki_Gulf",NA,"C4",2.9,"3221_C4_2011_2.9",2011,2,2,-36.74027035,174.75981152,"Ecklonia radiata","Random",1,NA,NA,5,1.64583580603169
143,"New_Zealand_Hauraki_Gulf",NA,"C4",2.9,"3222_C4_2011_2.9",2011,2,2,-36.74027035,174.75981152,"Ecklonia radiata","Random",1,NA,NA,5,2.95381255481241
144,"New_Zealand_Hauraki_Gulf",NA,"C4",2.9,"3223_C4_2011_2.9",2011,2,2,-36.74027035,174.75981152,"Ecklonia radiata","Random",1,NA,NA,7,3.53368698554563
145,"New_Zealand_Hauraki_Gulf",NA,"C4",2.9,"3224_C4_2011_2.9",2011,2,2,-36.74027035,174.75981152,"Ecklonia radiata","Random",1,NA,NA,6,2.38622389249177
146,"New_Zealand_Hauraki_Gulf",NA,"C4",2.9,"3470_C4_2012_2.9",2012,2,14,-36.74027035,174.75981152,"Ecklonia radiata","Random",1,NA,NA,13,3.90921001721723
147,"New_Zealand_Hauraki_Gulf",NA,"C4",2.9,"3471_C4_2012_2.9",2012,2,14,-36.74027035,174.75981152,"Ecklonia radiata","Random",1,NA,NA,24,6.1365661874076
148,"New_Zealand_Hauraki_Gulf",NA,"C4",2.9,"3472_C4_2012_2.9",2012,2,14,-36.74027035,174.75981152,"Ecklonia radiata","Random",1,NA,NA,11,4.62663507440641
149,"New_Zealand_Hauraki_Gulf",NA,"C4",2.9,"3473_C4_2012_2.9",2012,2,14,-36.74027035,174.75981152,"Ecklonia radiata","Random",1,NA,NA,20,4.58857880119428
150,"New_Zealand_Hauraki_Gulf",NA,"C4",2.9,"3474_C4_2012_2.9",2012,2,14,-36.74027035,174.75981152,"Ecklonia radiata","Random",1,NA,NA,11,3.43294687684288
181,"New_Zealand_Hauraki_Gulf",NA,"L1",2.4,"2278_L1_2008_2.4",2008,3,6,-36.66603358,174.74841208,"Ecklonia radiata","Random",1,NA,NA,0,0
182,"New_Zealand_Hauraki_Gulf",NA,"L1",2.4,"2279_L1_2008_2.4",2008,3,6,-36.66603358,174.74841208,"Ecklonia radiata","Random",1,NA,NA,0,0
183,"New_Zealand_Hauraki_Gulf",NA,"L1",2.4,"2280_L1_2008_2.4",2008,3,6,-36.66603358,174.74841208,"Ecklonia radiata","Random",1,NA,NA,3,0.970722429233658
184,"New_Zealand_Hauraki_Gulf",NA,"L1",2.4,"2281_L1_2008_2.4",2008,3,6,-36.66603358,174.74841208,"Ecklonia radiata","Random",1,NA,NA,0,0
185,"New_Zealand_Hauraki_Gulf",NA,"L1",2.4,"2282_L1_2008_2.4",2008,3,6,-36.66603358,174.74841208,"Ecklonia radiata","Random",1,NA,NA,1,0.832239788621262
186,"New_Zealand_Hauraki_Gulf",NA,"L1",2.4,"2530_L1_2009_2.4",2009,2,24,-36.66603358,174.74841208,"Ecklonia radiata","Random",1,NA,NA,1,0.741051580583673
187,"New_Zealand_Hauraki_Gulf",NA,"L1",2.4,"2531_L1_2009_2.4",2009,2,24,-36.66603358,174.74841208,"Ecklonia radiata","Random",1,NA,NA,6,2.52753382864483
188,"New_Zealand_Hauraki_Gulf",NA,"L1",2.4,"2532_L1_2009_2.4",2009,2,24,-36.66603358,174.74841208,"Ecklonia radiata","Random",1,NA,NA,8,2.7347149164744
189,"New_Zealand_Hauraki_Gulf",NA,"L1",2.4,"2533_L1_2009_2.4",2009,2,24,-36.66603358,174.74841208,"Ecklonia radiata","Random",1,NA,NA,2,0.81790646047917
190,"New_Zealand_Hauraki_Gulf",NA,"L1",2.4,"2534_L1_2009_2.4",2009,2,24,-36.66603358,174.74841208,"Ecklonia radiata","Random",1,NA,NA,9,4.1265729029174
191,"New_Zealand_Hauraki_Gulf",NA,"L1",2.4,"3106_L1_2010_2.4",2010,2,11,-36.66603358,174.74841208,"Ecklonia radiata","Random",1,NA,NA,5,0.929953467778254
192,"New_Zealand_Hauraki_Gulf",NA,"L1",2.4,"3107_L1_2010_2.4",2010,2,11,-36.66603358,174.74841208,"Ecklonia radiata","Random",1,NA,NA,2,0.68757366112485
193,"New_Zealand_Hauraki_Gulf",NA,"L1",2.4,"3108_L1_2010_2.4",2010,2,11,-36.66603358,174.74841208,"Ecklonia radiata","Random",1,NA,NA,9,2.5530777408004
194,"New_Zealand_Hauraki_Gulf",NA,"L1",2.4,"3110_L1_2010_2.4",2010,2,11,-36.66603358,174.74841208,"Ecklonia radiata","Random",1,NA,NA,7,2.65624554410896
195,"New_Zealand_Hauraki_Gulf",NA,"L1",2.4,"3112_L1_2010_2.4",2010,2,11,-36.66603358,174.74841208,"Ecklonia radiata","Random",1,NA,NA,3,1.7274922179393
196,"New_Zealand_Hauraki_Gulf",NA,"L1",2.4,"3309_L1_2011_2.4",2011,2,2,-36.66603358,174.74841208,"Ecklonia radiata","Random",1,NA,NA,3,0.558222557259204
197,"New_Zealand_Hauraki_Gulf",NA,"L1",2.4,"3312_L1_2011_2.4",2011,2,2,-36.66603358,174.74841208,"Ecklonia radiata","Random",1,NA,NA,7,1.923041662668
198,"New_Zealand_Hauraki_Gulf",NA,"L1",2.4,"3313_L1_2011_2.4",2011,2,2,-36.66603358,174.74841208,"Ecklonia radiata","Random",1,NA,NA,3,1.7175105948594
199,"New_Zealand_Hauraki_Gulf",NA,"L1",2.4,"3314_L1_2011_2.4",2011,2,2,-36.66603358,174.74841208,"Ecklonia radiata","Random",1,NA,NA,2,1.20009686599055
200,"New_Zealand_Hauraki_Gulf",NA,"L1",2.4,"3315_L1_2011_2.4",2011,2,2,-36.66603358,174.74841208,"Ecklonia radiata","Random",1,NA,NA,1,0.343065561321149
201,"New_Zealand_Hauraki_Gulf",NA,"L1",2.4,"3519_L1_2012_2.4",2012,2,29,-36.66603358,174.74841208,"Ecklonia radiata","Random",1,NA,NA,1,0.70090770387231
202,"New_Zealand_Hauraki_Gulf",NA,"L1",2.4,"3520_L1_2012_2.4",2012,2,29,-36.66603358,174.74841208,"Ecklonia radiata","Random",1,NA,NA,3,1.13956819405847
203,"New_Zealand_Hauraki_Gulf",NA,"L1",2.4,"3521_L1_2012_2.4",2012,2,29,-36.66603358,174.74841208,"Ecklonia radiata","Random",1,NA,NA,9,3.54449390106021
204,"New_Zealand_Hauraki_Gulf",NA,"L1",2.4,"3522_L1_2012_2.4",2012,2,29,-36.66603358,174.74841208,"Ecklonia radiata","Random",1,NA,NA,7,3.55643463961501
205,"New_Zealand_Hauraki_Gulf",NA,"L1",2.4,"3523_L1_2012_2.4",2012,2,29,-36.66603358,174.74841208,"Ecklonia radiata","Random",1,NA,NA,4,1.16763965009845
256,"New_Zealand_Hauraki_Gulf",NA,"L3",2.1,"2040_L3_2007_2.1",2007,2,22,-36.67559708,174.74851493,"Ecklonia radiata","Random",1,NA,NA,9,4.62287861837326
257,"New_Zealand_Hauraki_Gulf",NA,"L3",2.1,"2041_L3_2007_2.1",2007,2,22,-36.67559708,174.74851493,"Ecklonia radiata","Random",1,NA,NA,19,4.2923155692958
258,"New_Zealand_Hauraki_Gulf",NA,"L3",2.1,"2042_L3_2007_2.1",2007,2,22,-36.67559708,174.74851493,"Ecklonia radiata","Random",1,NA,NA,10,4.38164388513049
259,"New_Zealand_Hauraki_Gulf",NA,"L3",2.1,"2043_L3_2007_2.1",2007,2,22,-36.67559708,174.74851493,"Ecklonia radiata","Random",1,NA,NA,17,6.24476752474885
260,"New_Zealand_Hauraki_Gulf",NA,"L3",2.1,"2044_L3_2007_2.1",2007,2,22,-36.67559708,174.74851493,"Ecklonia radiata","Random",1,NA,NA,17,5.3096908873985
261,"New_Zealand_Hauraki_Gulf",NA,"L3",2.1,"2292_L3_2008_2.1",2008,2,19,-36.67559708,174.74851493,"Ecklonia radiata","Random",1,NA,NA,8,5.67514526863335
262,"New_Zealand_Hauraki_Gulf",NA,"L3",2.1,"2293_L3_2008_2.1",2008,2,19,-36.67559708,174.74851493,"Ecklonia radiata","Random",1,NA,NA,8,5.2634906876186
263,"New_Zealand_Hauraki_Gulf",NA,"L3",2.1,"2294_L3_2008_2.1",2008,2,19,-36.67559708,174.74851493,"Ecklonia radiata","Random",1,NA,NA,14,5.74162265729312
264,"New_Zealand_Hauraki_Gulf",NA,"L3",2.1,"2295_L3_2008_2.1",2008,2,19,-36.67559708,174.74851493,"Ecklonia radiata","Random",1,NA,NA,25,7.29101839331574
265,"New_Zealand_Hauraki_Gulf",NA,"L3",2.1,"2296_L3_2008_2.1",2008,2,19,-36.67559708,174.74851493,"Ecklonia radiata","Random",1,NA,NA,15,7.93598850038289
266,"New_Zealand_Hauraki_Gulf",NA,"L3",2.1,"2544_L3_2009_2.1",2009,2,3,-36.67559708,174.74851493,"Ecklonia radiata","Random",1,NA,NA,10,7.49384279429153
267,"New_Zealand_Hauraki_Gulf",NA,"L3",2.1,"2545_L3_2009_2.1",2009,2,3,-36.67559708,174.74851493,"Ecklonia radiata","Random",1,NA,NA,3,1.04397326519346
268,"New_Zealand_Hauraki_Gulf",NA,"L3",2.1,"2546_L3_2009_2.1",2009,2,3,-36.67559708,174.74851493,"Ecklonia radiata","Random",1,NA,NA,19,8.19116137318175
269,"New_Zealand_Hauraki_Gulf",NA,"L3",2.1,"2547_L3_2009_2.1",2009,2,3,-36.67559708,174.74851493,"Ecklonia radiata","Random",1,NA,NA,2,1.31004175875942
270,"New_Zealand_Hauraki_Gulf",NA,"L3",2.1,"2548_L3_2009_2.1",2009,2,3,-36.67559708,174.74851493,"Ecklonia radiata","Random",1,NA,NA,15,9.00545095700834
271,"New_Zealand_Hauraki_Gulf",NA,"L3",2.1,"3120_L3_2010_2.1",2010,2,11,-36.67559708,174.74851493,"Ecklonia radiata","Random",1,NA,NA,36,9.52365764192966
272,"New_Zealand_Hauraki_Gulf",NA,"L3",2.1,"3121_L3_2010_2.1",2010,2,11,-36.67559708,174.74851493,"Ecklonia radiata","Random",1,NA,NA,25,6.16461946845848
273,"New_Zealand_Hauraki_Gulf",NA,"L3",2.1,"3122_L3_2010_2.1",2010,2,11,-36.67559708,174.74851493,"Ecklonia radiata","Random",1,NA,NA,13,4.34922329791269
274,"New_Zealand_Hauraki_Gulf",NA,"L3",2.1,"3124_L3_2010_2.1",2010,2,11,-36.67559708,174.74851493,"Ecklonia radiata","Random",1,NA,NA,21,10.8879268044232
275,"New_Zealand_Hauraki_Gulf",NA,"L3",2.1,"3126_L3_2010_2.1",2010,2,11,-36.67559708,174.74851493,"Ecklonia radiata","Random",1,NA,NA,14,8.86485810864805
276,"New_Zealand_Hauraki_Gulf",NA,"L3",2.1,"3295_L3_2011_2.1",2011,2,2,-36.67559708,174.74851493,"Ecklonia radiata","Random",1,NA,NA,8,1.3815798337921
277,"New_Zealand_Hauraki_Gulf",NA,"L3",2.1,"3298_L3_2011_2.1",2011,2,2,-36.67559708,174.74851493,"Ecklonia radiata","Random",1,NA,NA,10,4.56903335383862
278,"New_Zealand_Hauraki_Gulf",NA,"L3",2.1,"3299_L3_2011_2.1",2011,2,2,-36.67559708,174.74851493,"Ecklonia radiata","Random",1,NA,NA,12,6.81070177662595
279,"New_Zealand_Hauraki_Gulf",NA,"L3",2.1,"3300_L3_2011_2.1",2011,2,2,-36.67559708,174.74851493,"Ecklonia radiata","Random",1,NA,NA,12,5.10566070440163
280,"New_Zealand_Hauraki_Gulf",NA,"L3",2.1,"3301_L3_2011_2.1",2011,2,2,-36.67559708,174.74851493,"Ecklonia radiata","Random",1,NA,NA,20,6.85007058334915
281,"New_Zealand_Hauraki_Gulf",NA,"L3",2.1,"3533_L3_2012_2.1",2012,3,2,-36.67559708,174.74851493,"Ecklonia radiata","Random",1,NA,NA,29,8.0048592633519
282,"New_Zealand_Hauraki_Gulf",NA,"L3",2.1,"3534_L3_2012_2.1",2012,3,2,-36.67559708,174.74851493,"Ecklonia radiata","Random",1,NA,NA,5,2.85542188709378
283,"New_Zealand_Hauraki_Gulf",NA,"L3",2.1,"3535_L3_2012_2.1",2012,3,2,-36.67559708,174.74851493,"Ecklonia radiata","Random",1,NA,NA,43,5.67743273801784
284,"New_Zealand_Hauraki_Gulf",NA,"L3",2.1,"3536_L3_2012_2.1",2012,3,2,-36.67559708,174.74851493,"Ecklonia radiata","Random",1,NA,NA,42,6.96734770302818
285,"New_Zealand_Hauraki_Gulf",NA,"L3",2.1,"3537_L3_2012_2.1",2012,3,2,-36.67559708,174.74851493,"Ecklonia radiata","Random",1,NA,NA,12,3.73431551162181
286,"New_Zealand_Hauraki_Gulf",NA,"L4",2.4,"2299_L4_2008_2.4",2008,2,19,-36.69157822,174.75680337,"Ecklonia radiata","Random",1,NA,NA,5,3.57957381003823
287,"New_Zealand_Hauraki_Gulf",NA,"L4",2.4,"2300_L4_2008_2.4",2008,2,19,-36.69157822,174.75680337,"Ecklonia radiata","Random",1,NA,NA,12,4.73115892730355
288,"New_Zealand_Hauraki_Gulf",NA,"L4",2.4,"2301_L4_2008_2.4",2008,2,19,-36.69157822,174.75680337,"Ecklonia radiata","Random",1,NA,NA,8,5.88368692800517
289,"New_Zealand_Hauraki_Gulf",NA,"L4",2.4,"2302_L4_2008_2.4",2008,2,19,-36.69157822,174.75680337,"Ecklonia radiata","Random",1,NA,NA,6,3.52188649885226
290,"New_Zealand_Hauraki_Gulf",NA,"L4",2.4,"2303_L4_2008_2.4",2008,2,19,-36.69157822,174.75680337,"Ecklonia radiata","Random",1,NA,NA,8,5.11122763419217
291,"New_Zealand_Hauraki_Gulf",NA,"L4",2.4,"2551_L4_2009_2.4",2009,2,18,-36.69157822,174.75680337,"Ecklonia radiata","Random",1,NA,NA,7,5.09414301705656
292,"New_Zealand_Hauraki_Gulf",NA,"L4",2.4,"2552_L4_2009_2.4",2009,2,18,-36.69157822,174.75680337,"Ecklonia radiata","Random",1,NA,NA,3,1.76945495826413
293,"New_Zealand_Hauraki_Gulf",NA,"L4",2.4,"2553_L4_2009_2.4",2009,2,18,-36.69157822,174.75680337,"Ecklonia radiata","Random",1,NA,NA,8,2.89703482028161
294,"New_Zealand_Hauraki_Gulf",NA,"L4",2.4,"2554_L4_2009_2.4",2009,2,18,-36.69157822,174.75680337,"Ecklonia radiata","Random",1,NA,NA,5,3.12962084386209
295,"New_Zealand_Hauraki_Gulf",NA,"L4",2.4,"2555_L4_2009_2.4",2009,2,18,-36.69157822,174.75680337,"Ecklonia radiata","Random",1,NA,NA,8,3.97210194384924
296,"New_Zealand_Hauraki_Gulf",NA,"L4",2.4,"3127_L4_2010_2.4",2010,2,11,-36.69157822,174.75680337,"Ecklonia radiata","Random",1,NA,NA,7,4.69548811350281
297,"New_Zealand_Hauraki_Gulf",NA,"L4",2.4,"3128_L4_2010_2.4",2010,2,11,-36.69157822,174.75680337,"Ecklonia radiata","Random",1,NA,NA,6,3.71743204328711
298,"New_Zealand_Hauraki_Gulf",NA,"L4",2.4,"3129_L4_2010_2.4",2010,2,11,-36.69157822,174.75680337,"Ecklonia radiata","Random",1,NA,NA,17,4.33727519830073
299,"New_Zealand_Hauraki_Gulf",NA,"L4",2.4,"3130_L4_2010_2.4",2010,2,11,-36.69157822,174.75680337,"Ecklonia radiata","Random",1,NA,NA,12,3.02855517824551
300,"New_Zealand_Hauraki_Gulf",NA,"L4",2.4,"3132_L4_2010_2.4",2010,2,11,-36.69157822,174.75680337,"Ecklonia radiata","Random",1,NA,NA,7,4.32587931438927
301,"New_Zealand_Hauraki_Gulf",NA,"L4",2.4,"3288_L4_2011_2.4",2011,1,27,-36.69157822,174.75680337,"Ecklonia radiata","Random",1,NA,NA,21,9.12350352729862
302,"New_Zealand_Hauraki_Gulf",NA,"L4",2.4,"3290_L4_2011_2.4",2011,1,27,-36.69157822,174.75680337,"Ecklonia radiata","Random",1,NA,NA,16,8.90756712127735
303,"New_Zealand_Hauraki_Gulf",NA,"L4",2.4,"3291_L4_2011_2.4",2011,1,27,-36.69157822,174.75680337,"Ecklonia radiata","Random",1,NA,NA,13,2.79916927621711
304,"New_Zealand_Hauraki_Gulf",NA,"L4",2.4,"3292_L4_2011_2.4",2011,1,27,-36.69157822,174.75680337,"Ecklonia radiata","Random",1,NA,NA,21,7.47137874880584
305,"New_Zealand_Hauraki_Gulf",NA,"L4",2.4,"3293_L4_2011_2.4",2011,1,27,-36.69157822,174.75680337,"Ecklonia radiata","Random",1,NA,NA,15,5.62039280291681
306,"New_Zealand_Hauraki_Gulf",NA,"L4",2.4,"3540_L4_2012_2.4",2012,3,15,-36.69157822,174.75680337,"Ecklonia radiata","Random",1,NA,NA,11,5.64619781012932
307,"New_Zealand_Hauraki_Gulf",NA,"L4",2.4,"3541_L4_2012_2.4",2012,3,15,-36.69157822,174.75680337,"Ecklonia radiata","Random",1,NA,NA,12,5.99686833105074
308,"New_Zealand_Hauraki_Gulf",NA,"L4",2.4,"3542_L4_2012_2.4",2012,3,15,-36.69157822,174.75680337,"Ecklonia radiata","Random",1,NA,NA,16,6.02067738033394
309,"New_Zealand_Hauraki_Gulf",NA,"L4",2.4,"3544_L4_2012_2.4",2012,3,15,-36.69157822,174.75680337,"Ecklonia radiata","Random",1,NA,NA,5,1.6876615594061
310,"New_Zealand_Hauraki_Gulf",NA,"L4",2.4,"3545_L4_2012_2.4",2012,3,15,-36.69157822,174.75680337,"Ecklonia radiata","Random",1,NA,NA,18,2.37495197478561
336,"New_Zealand_Hauraki_Gulf",NA,"M1",2,"1487_M1_2005_2",2005,4,19,-36.64449999,174.74666701,"Ecklonia radiata","Random",1,NA,NA,0,0
337,"New_Zealand_Hauraki_Gulf",NA,"M1",2,"1488_M1_2005_2",2005,4,19,-36.64449999,174.74666701,"Ecklonia radiata","Random",1,NA,NA,5,1.56609357088728
338,"New_Zealand_Hauraki_Gulf",NA,"M1",2,"1489_M1_2005_2",2005,4,19,-36.64449999,174.74666701,"Ecklonia radiata","Random",1,NA,NA,0,0
339,"New_Zealand_Hauraki_Gulf",NA,"M1",2,"1490_M1_2005_2",2005,4,19,-36.64449999,174.74666701,"Ecklonia radiata","Random",1,NA,NA,0,0
340,"New_Zealand_Hauraki_Gulf",NA,"M1",2,"1491_M1_2005_2",2005,4,19,-36.64449999,174.74666701,"Ecklonia radiata","Random",1,NA,NA,0,0
341,"New_Zealand_Hauraki_Gulf",NA,"M1",2,"1739_M1_2006_2",2006,3,6,-36.64449999,174.74666701,"Ecklonia radiata","Random",1,NA,NA,1,0.343065561321149
342,"New_Zealand_Hauraki_Gulf",NA,"M1",2,"1740_M1_2006_2",2006,3,6,-36.64449999,174.74666701,"Ecklonia radiata","Random",1,NA,NA,0,0
343,"New_Zealand_Hauraki_Gulf",NA,"M1",2,"1741_M1_2006_2",2006,3,6,-36.64449999,174.74666701,"Ecklonia radiata","Random",1,NA,NA,0,0
344,"New_Zealand_Hauraki_Gulf",NA,"M1",2,"1742_M1_2006_2",2006,3,6,-36.64449999,174.74666701,"Ecklonia radiata","Random",1,NA,NA,1,0.272830473868332
345,"New_Zealand_Hauraki_Gulf",NA,"M1",2,"1743_M1_2006_2",2006,3,6,-36.64449999,174.74666701,"Ecklonia radiata","Random",1,NA,NA,1,0.206065133668697
346,"New_Zealand_Hauraki_Gulf",NA,"M1",2,"1991_M1_2007_2",2007,2,22,-36.64449999,174.74666701,"Ecklonia radiata","Random",1,NA,NA,0,0
347,"New_Zealand_Hauraki_Gulf",NA,"M1",2,"1992_M1_2007_2",2007,2,22,-36.64449999,174.74666701,"Ecklonia radiata","Random",1,NA,NA,0,0
348,"New_Zealand_Hauraki_Gulf",NA,"M1",2,"1993_M1_2007_2",2007,2,22,-36.64449999,174.74666701,"Ecklonia radiata","Random",1,NA,NA,2,1.01660289098709
349,"New_Zealand_Hauraki_Gulf",NA,"M1",2,"1994_M1_2007_2",2007,2,22,-36.64449999,174.74666701,"Ecklonia radiata","Random",1,NA,NA,0,0
350,"New_Zealand_Hauraki_Gulf",NA,"M1",2,"1995_M1_2007_2",2007,2,22,-36.64449999,174.74666701,"Ecklonia radiata","Random",1,NA,NA,0,0
351,"New_Zealand_Hauraki_Gulf",NA,"M1",2,"2243_M1_2008_2",2008,2,19,-36.64449999,174.74666701,"Ecklonia radiata","Random",1,NA,NA,1,0.146092289921809
352,"New_Zealand_Hauraki_Gulf",NA,"M1",2,"2244_M1_2008_2",2008,2,19,-36.64449999,174.74666701,"Ecklonia radiata","Random",1,NA,NA,1,0.413526375012109
353,"New_Zealand_Hauraki_Gulf",NA,"M1",2,"2245_M1_2008_2",2008,2,19,-36.64449999,174.74666701,"Ecklonia radiata","Random",1,NA,NA,0,0
354,"New_Zealand_Hauraki_Gulf",NA,"M1",2,"2246_M1_2008_2",2008,2,19,-36.64449999,174.74666701,"Ecklonia radiata","Random",1,NA,NA,0,0
355,"New_Zealand_Hauraki_Gulf",NA,"M1",2,"2247_M1_2008_2",2008,2,19,-36.64449999,174.74666701,"Ecklonia radiata","Random",1,NA,NA,0,0
356,"New_Zealand_Hauraki_Gulf",NA,"M1",2,"2495_M1_2009_2",2009,2,3,-36.64449999,174.74666701,"Ecklonia radiata","Random",1,NA,NA,1,0.0566176471133304
357,"New_Zealand_Hauraki_Gulf",NA,"M1",2,"2496_M1_2009_2",2009,2,3,-36.64449999,174.74666701,"Ecklonia radiata","Random",1,NA,NA,3,0.686356848880442
358,"New_Zealand_Hauraki_Gulf",NA,"M1",2,"2497_M1_2009_2",2009,2,24,-36.64449999,174.74666701,"Ecklonia radiata","Random",1,NA,NA,1,0.481508527456153
359,"New_Zealand_Hauraki_Gulf",NA,"M1",2,"2498_M1_2009_2",2009,2,24,-36.64449999,174.74666701,"Ecklonia radiata","Random",1,NA,NA,1,0.00040434837100327
360,"New_Zealand_Hauraki_Gulf",NA,"M1",2,"2499_M1_2009_2",2009,2,3,-36.64449999,174.74666701,"Ecklonia radiata","Random",1,NA,NA,0,0
361,"New_Zealand_Hauraki_Gulf",NA,"M1",2,"3057_M1_2010_2",2010,2,9,-36.64449999,174.74666701,"Ecklonia radiata","Random",1,NA,NA,5,1.38279664603651
362,"New_Zealand_Hauraki_Gulf",NA,"M1",2,"3058_M1_2010_2",2010,2,9,-36.64449999,174.74666701,"Ecklonia radiata","Random",1,NA,NA,1,0.343065561321149
363,"New_Zealand_Hauraki_Gulf",NA,"M1",2,"3059_M1_2010_2",2010,2,9,-36.64449999,174.74666701,"Ecklonia radiata","Random",1,NA,NA,3,1.07136284950456
364,"New_Zealand_Hauraki_Gulf",NA,"M1",2,"3061_M1_2010_2",2010,2,9,-36.64449999,174.74666701,"Ecklonia radiata","Random",1,NA,NA,2,0.686356848880442
365,"New_Zealand_Hauraki_Gulf",NA,"M1",2,"3063_M1_2010_2",2010,2,9,-36.64449999,174.74666701,"Ecklonia radiata","Random",1,NA,NA,0,0
366,"New_Zealand_Hauraki_Gulf",NA,"M1",2,"3344_M1_2011_2",2011,1,26,-36.64449999,174.74666701,"Ecklonia radiata","Random",1,NA,NA,2,1.08458504343113
367,"New_Zealand_Hauraki_Gulf",NA,"M1",2,"3345_M1_2011_2",2011,1,26,-36.64449999,174.74666701,"Ecklonia radiata","Random",1,NA,NA,7,2.91236216848475
368,"New_Zealand_Hauraki_Gulf",NA,"M1",2,"3347_M1_2011_2",2011,1,26,-36.64449999,174.74666701,"Ecklonia radiata","Random",1,NA,NA,1,0.481508527456153
369,"New_Zealand_Hauraki_Gulf",NA,"M1",2,"3348_M1_2011_2",2011,1,26,-36.64449999,174.74666701,"Ecklonia radiata","Random",1,NA,NA,0,0
370,"New_Zealand_Hauraki_Gulf",NA,"M1",2,"3349_M1_2011_2",2011,1,26,-36.64449999,174.74666701,"Ecklonia radiata","Random",1,NA,NA,1,0.481508527456153
371,"New_Zealand_Hauraki_Gulf",NA,"M1",2,"3484_M1_2012_2",2012,2,27,-36.64449999,174.74666701,"Ecklonia radiata","Random",1,NA,NA,7,2.35038477200447
372,"New_Zealand_Hauraki_Gulf",NA,"M1",2,"3485_M1_2012_2",2012,2,27,-36.64449999,174.74666701,"Ecklonia radiata","Random",1,NA,NA,1,0.413526375012109
373,"New_Zealand_Hauraki_Gulf",NA,"M1",2,"3486_M1_2012_2",2012,2,27,-36.64449999,174.74666701,"Ecklonia radiata","Random",1,NA,NA,4,1.97272659136311
374,"New_Zealand_Hauraki_Gulf",NA,"M1",2,"3487_M1_2012_2",2012,2,27,-36.64449999,174.74666701,"Ecklonia radiata","Random",1,NA,NA,1,0.343065561321149
375,"New_Zealand_Hauraki_Gulf",NA,"M1",2,"3488_M1_2012_2",2012,2,27,-36.64449999,174.74666701,"Ecklonia radiata","Random",1,NA,NA,2,0.549130694989846
446,"New_Zealand_Hauraki_Gulf",NA,"M4",2.1,"1508_M4_2005_2.1",2005,4,19,-36.63025416,174.77224872,"Ecklonia radiata","Random",1,NA,NA,4,2.44051362668315
447,"New_Zealand_Hauraki_Gulf",NA,"M4",2.1,"1509_M4_2005_2.1",2005,4,19,-36.63025416,174.77224872,"Ecklonia radiata","Random",1,NA,NA,5,2.32599877639696
448,"New_Zealand_Hauraki_Gulf",NA,"M4",2.1,"1510_M4_2005_2.1",2005,4,19,-36.63025416,174.77224872,"Ecklonia radiata","Random",1,NA,NA,3,2.13622400846855
449,"New_Zealand_Hauraki_Gulf",NA,"M4",2.1,"1511_M4_2005_2.1",2005,4,19,-36.63025416,174.77224872,"Ecklonia radiata","Random",1,NA,NA,0,0
450,"New_Zealand_Hauraki_Gulf",NA,"M4",2.1,"1512_M4_2005_2.1",2005,4,19,-36.63025416,174.77224872,"Ecklonia radiata","Random",1,NA,NA,2,0.20270993703514
451,"New_Zealand_Hauraki_Gulf",NA,"M4",2.1,"1760_M4_2006_2.1",2006,3,6,-36.63025416,174.77224872,"Ecklonia radiata","Random",1,NA,NA,5,1.87888429988149
452,"New_Zealand_Hauraki_Gulf",NA,"M4",2.1,"1761_M4_2006_2.1",2006,3,6,-36.63025416,174.77224872,"Ecklonia radiata","Random",1,NA,NA,1,0.545075986610838
453,"New_Zealand_Hauraki_Gulf",NA,"M4",2.1,"1762_M4_2006_2.1",2006,3,6,-36.63025416,174.77224872,"Ecklonia radiata","Random",1,NA,NA,2,0.686131122642297
454,"New_Zealand_Hauraki_Gulf",NA,"M4",2.1,"1763_M4_2006_2.1",2006,3,6,-36.63025416,174.77224872,"Ecklonia radiata","Random",1,NA,NA,0,0
455,"New_Zealand_Hauraki_Gulf",NA,"M4",2.1,"1764_M4_2006_2.1",2006,3,6,-36.63025416,174.77224872,"Ecklonia radiata","Random",1,NA,NA,4,1.69322848919665
456,"New_Zealand_Hauraki_Gulf",NA,"M4",2.1,"2012_M4_2007_2.1",2007,2,22,-36.63025416,174.77224872,"Ecklonia radiata","Random",1,NA,NA,6,1.53320581864122
457,"New_Zealand_Hauraki_Gulf",NA,"M4",2.1,"2013_M4_2007_2.1",2007,2,22,-36.63025416,174.77224872,"Ecklonia radiata","Random",1,NA,NA,3,0.68757366112485
458,"New_Zealand_Hauraki_Gulf",NA,"M4",2.1,"2014_M4_2007_2.1",2007,2,22,-36.63025416,174.77224872,"Ecklonia radiata","Random",1,NA,NA,0,0
459,"New_Zealand_Hauraki_Gulf",NA,"M4",2.1,"2015_M4_2007_2.1",2007,2,22,-36.63025416,174.77224872,"Ecklonia radiata","Random",1,NA,NA,7,1.64687553449325
460,"New_Zealand_Hauraki_Gulf",NA,"M4",2.1,"2016_M4_2007_2.1",2007,2,22,-36.63025416,174.77224872,"Ecklonia radiata","Random",1,NA,NA,0,0
461,"New_Zealand_Hauraki_Gulf",NA,"M4",2.1,"2264_M4_2008_2.1",2008,3,6,-36.63025416,174.77224872,"Ecklonia radiata","Random",1,NA,NA,2,0.895034902468262
462,"New_Zealand_Hauraki_Gulf",NA,"M4",2.1,"2265_M4_2008_2.1",2008,3,6,-36.63025416,174.77224872,"Ecklonia radiata","Random",1,NA,NA,4,1.08498939180213
463,"New_Zealand_Hauraki_Gulf",NA,"M4",2.1,"2266_M4_2008_2.1",2008,3,6,-36.63025416,174.77224872,"Ecklonia radiata","Random",1,NA,NA,4,0.446114223775168
464,"New_Zealand_Hauraki_Gulf",NA,"M4",2.1,"2267_M4_2008_2.1",2008,3,6,-36.63025416,174.77224872,"Ecklonia radiata","Random",1,NA,NA,0,0
465,"New_Zealand_Hauraki_Gulf",NA,"M4",2.1,"2268_M4_2008_2.1",2008,3,6,-36.63025416,174.77224872,"Ecklonia radiata","Random",1,NA,NA,4,1.34155635039301
466,"New_Zealand_Hauraki_Gulf",NA,"M4",2.1,"2516_M4_2009_2.1",2009,2,3,-36.63025416,174.77224872,"Ecklonia radiata","Random",1,NA,NA,0,0
467,"New_Zealand_Hauraki_Gulf",NA,"M4",2.1,"2517_M4_2009_2.1",2009,2,3,-36.63025416,174.77224872,"Ecklonia radiata","Random",1,NA,NA,4,3.46837112125628
468,"New_Zealand_Hauraki_Gulf",NA,"M4",2.1,"2518_M4_2009_2.1",2009,2,3,-36.63025416,174.77224872,"Ecklonia radiata","Random",1,NA,NA,2,1.01660289098709
469,"New_Zealand_Hauraki_Gulf",NA,"M4",2.1,"2519_M4_2009_2.1",2009,2,3,-36.63025416,174.77224872,"Ecklonia radiata","Random",1,NA,NA,3,1.08458504343113
470,"New_Zealand_Hauraki_Gulf",NA,"M4",2.1,"2520_M4_2009_2.1",2009,2,3,-36.63025416,174.77224872,"Ecklonia radiata","Random",1,NA,NA,8,3.09415162381205
471,"New_Zealand_Hauraki_Gulf",NA,"M4",2.1,"3026_M4_2010_2.1",2010,2,9,-36.63025416,174.77224872,"Ecklonia radiata","Random",1,NA,NA,0,0
472,"New_Zealand_Hauraki_Gulf",NA,"M4",2.1,"3027_M4_2010_2.1",2010,2,9,-36.63025416,174.77224872,"Ecklonia radiata","Random",1,NA,NA,3,1.5492185932711
473,"New_Zealand_Hauraki_Gulf",NA,"M4",2.1,"3029_M4_2010_2.1",2010,2,9,-36.63025416,174.77224872,"Ecklonia radiata","Random",1,NA,NA,0,0
474,"New_Zealand_Hauraki_Gulf",NA,"M4",2.1,"3047_M4_2010_2.1",2010,2,9,-36.63025416,174.77224872,"Ecklonia radiata","Random",1,NA,NA,1,0.481508527456153
475,"New_Zealand_Hauraki_Gulf",NA,"M4",2.1,"3048_M4_2010_2.1",2010,2,9,-36.63025416,174.77224872,"Ecklonia radiata","Random",1,NA,NA,5,1.78549274730344
476,"New_Zealand_Hauraki_Gulf",NA,"M4",2.1,"3323_M4_2011_2.1",2011,1,26,-36.63025416,174.77224872,"Ecklonia radiata","Random",1,NA,NA,2,1.06469209387123
477,"New_Zealand_Hauraki_Gulf",NA,"M4",2.1,"3324_M4_2011_2.1",2011,1,26,-36.63025416,174.77224872,"Ecklonia radiata","Random",1,NA,NA,2,1.24598369048315
478,"New_Zealand_Hauraki_Gulf",NA,"M4",2.1,"3325_M4_2011_2.1",2011,1,26,-36.63025416,174.77224872,"Ecklonia radiata","Random",1,NA,NA,3,1.80317338196552
479,"New_Zealand_Hauraki_Gulf",NA,"M4",2.1,"3327_M4_2011_2.1",2011,1,26,-36.63025416,174.77224872,"Ecklonia radiata","Random",1,NA,NA,3,1.84906020645812
480,"New_Zealand_Hauraki_Gulf",NA,"M4",2.1,"3328_M4_2011_2.1",2011,1,26,-36.63025416,174.77224872,"Ecklonia radiata","Random",1,NA,NA,4,0.450893478413099
481,"New_Zealand_Hauraki_Gulf",NA,"M4",2.1,"3505_M4_2012_2.1",2012,2,16,-36.63025416,174.77224872,"Ecklonia radiata","Random",1,NA,NA,3,0.922651845866648
482,"New_Zealand_Hauraki_Gulf",NA,"M4",2.1,"3506_M4_2012_2.1",2012,2,16,-36.63025416,174.77224872,"Ecklonia radiata","Random",1,NA,NA,2,0.674934644218494
483,"New_Zealand_Hauraki_Gulf",NA,"M4",2.1,"3507_M4_2012_2.1",2012,2,16,-36.63025416,174.77224872,"Ecklonia radiata","Random",1,NA,NA,2,0.691168276532647
484,"New_Zealand_Hauraki_Gulf",NA,"M4",2.1,"3508_M4_2012_2.1",2012,2,16,-36.63025416,174.77224872,"Ecklonia radiata","Random",1,NA,NA,0,0
485,"New_Zealand_Hauraki_Gulf",NA,"M4",2.1,"3509_M4_2012_2.1",2012,2,16,-36.63025416,174.77224872,"Ecklonia radiata","Random",1,NA,NA,3,1.30608261623345
891,"New_Zealand_Hauraki_Gulf",NA,"S1",2.4,"1704_S1_2006_2.4",2006,2,27,-36.61792913,174.74627013,"Ecklonia radiata","Random",1,NA,NA,14,3.8525127222566
892,"New_Zealand_Hauraki_Gulf",NA,"S1",2.4,"1705_S1_2006_2.4",2006,2,27,-36.61792913,174.74627013,"Ecklonia radiata","Random",1,NA,NA,15,5.06055742376427
893,"New_Zealand_Hauraki_Gulf",NA,"S1",2.4,"1706_S1_2006_2.4",2006,2,27,-36.61792913,174.74627013,"Ecklonia radiata","Random",1,NA,NA,0,0
894,"New_Zealand_Hauraki_Gulf",NA,"S1",2.4,"1707_S1_2006_2.4",2006,2,27,-36.61792913,174.74627013,"Ecklonia radiata","Random",1,NA,NA,1,0.481508527456153
895,"New_Zealand_Hauraki_Gulf",NA,"S1",2.4,"1708_S1_2006_2.4",2006,2,27,-36.61792913,174.74627013,"Ecklonia radiata","Random",1,NA,NA,1,0.413526375012109
896,"New_Zealand_Hauraki_Gulf",NA,"S1",2.4,"1956_S1_2007_2.4",2007,2,23,-36.61792913,174.74627013,"Ecklonia radiata","Random",1,NA,NA,9,2.20163512167
897,"New_Zealand_Hauraki_Gulf",NA,"S1",2.4,"1957_S1_2007_2.4",2007,2,23,-36.61792913,174.74627013,"Ecklonia radiata","Random",1,NA,NA,13,8.56568972991813
898,"New_Zealand_Hauraki_Gulf",NA,"S1",2.4,"1958_S1_2007_2.4",2007,2,23,-36.61792913,174.74627013,"Ecklonia radiata","Random",1,NA,NA,0,0
899,"New_Zealand_Hauraki_Gulf",NA,"S1",2.4,"1959_S1_2007_2.4",2007,2,23,-36.61792913,174.74627013,"Ecklonia radiata","Random",1,NA,NA,0,0
900,"New_Zealand_Hauraki_Gulf",NA,"S1",2.4,"1960_S1_2007_2.4",2007,2,23,-36.61792913,174.74627013,"Ecklonia radiata","Random",1,NA,NA,1,0.343065561321149
901,"New_Zealand_Hauraki_Gulf",NA,"S1",2.4,"2208_S1_2008_2.4",2008,2,12,-36.61792913,174.74627013,"Ecklonia radiata","Random",1,NA,NA,9,5.86555169354927
902,"New_Zealand_Hauraki_Gulf",NA,"S1",2.4,"2209_S1_2008_2.4",2008,2,12,-36.61792913,174.74627013,"Ecklonia radiata","Random",1,NA,NA,2,1.13652940683586
903,"New_Zealand_Hauraki_Gulf",NA,"S1",2.4,"2210_S1_2008_2.4",2008,2,12,-36.61792913,174.74627013,"Ecklonia radiata","Random",1,NA,NA,1,0.65502087937971
904,"New_Zealand_Hauraki_Gulf",NA,"S1",2.4,"2211_S1_2008_2.4",2008,2,12,-36.61792913,174.74627013,"Ecklonia radiata","Random",1,NA,NA,15,9.92585877496844
905,"New_Zealand_Hauraki_Gulf",NA,"S1",2.4,"2212_S1_2008_2.4",2008,2,12,-36.61792913,174.74627013,"Ecklonia radiata","Random",1,NA,NA,8,4.94057231963544
906,"New_Zealand_Hauraki_Gulf",NA,"S1",2.4,"2460_S1_2009_2.4",2009,2,26,-36.61792913,174.74627013,"Ecklonia radiata","Random",1,NA,NA,0,0
907,"New_Zealand_Hauraki_Gulf",NA,"S1",2.4,"2461_S1_2009_2.4",2009,2,26,-36.61792913,174.74627013,"Ecklonia radiata","Random",1,NA,NA,2,1.20009686599055
908,"New_Zealand_Hauraki_Gulf",NA,"S1",2.4,"2462_S1_2009_2.4",2009,2,26,-36.61792913,174.74627013,"Ecklonia radiata","Random",1,NA,NA,0,0
909,"New_Zealand_Hauraki_Gulf",NA,"S1",2.4,"2463_S1_2009_2.4",2009,2,26,-36.61792913,174.74627013,"Ecklonia radiata","Random",1,NA,NA,2,0.481912875827156
910,"New_Zealand_Hauraki_Gulf",NA,"S1",2.4,"2464_S1_2009_2.4",2009,2,26,-36.61792913,174.74627013,"Ecklonia radiata","Random",1,NA,NA,2,0.730025532033267
911,"New_Zealand_Hauraki_Gulf",NA,"S1",2.4,"3176_S1_2010_2.4",2010,2,25,-36.61792913,174.74627013,"Ecklonia radiata","Random",1,NA,NA,5,2.68300373037125
912,"New_Zealand_Hauraki_Gulf",NA,"S1",2.4,"3177_S1_2010_2.4",2010,2,25,-36.61792913,174.74627013,"Ecklonia radiata","Random",1,NA,NA,0,0
913,"New_Zealand_Hauraki_Gulf",NA,"S1",2.4,"3178_S1_2010_2.4",2010,2,25,-36.61792913,174.74627013,"Ecklonia radiata","Random",1,NA,NA,5,4.01806190979826
914,"New_Zealand_Hauraki_Gulf",NA,"S1",2.4,"3179_S1_2010_2.4",2010,2,25,-36.61792913,174.74627013,"Ecklonia radiata","Random",1,NA,NA,2,1.22256010803983
915,"New_Zealand_Hauraki_Gulf",NA,"S1",2.4,"3180_S1_2010_2.4",2010,2,25,-36.61792913,174.74627013,"Ecklonia radiata","Random",1,NA,NA,10,7.4600353605748
916,"New_Zealand_Hauraki_Gulf",NA,"S1",2.4,"3379_S1_2011_2.4",2011,2,10,-36.61792913,174.74627013,"Ecklonia radiata","Random",1,NA,NA,5,2.36062161006224
917,"New_Zealand_Hauraki_Gulf",NA,"S1",2.4,"3380_S1_2011_2.4",2011,2,10,-36.61792913,174.74627013,"Ecklonia radiata","Random",1,NA,NA,6,3.24965527632682
918,"New_Zealand_Hauraki_Gulf",NA,"S1",2.4,"3381_S1_2011_2.4",2011,2,10,-36.61792913,174.74627013,"Ecklonia radiata","Random",1,NA,NA,11,6.28855980682683
919,"New_Zealand_Hauraki_Gulf",NA,"S1",2.4,"3383_S1_2011_2.4",2011,2,10,-36.61792913,174.74627013,"Ecklonia radiata","Random",1,NA,NA,2,1.31004175875942
920,"New_Zealand_Hauraki_Gulf",NA,"S1",2.4,"3384_S1_2011_2.4",2011,2,10,-36.61792913,174.74627013,"Ecklonia radiata","Random",1,NA,NA,6,3.45022316313396
921,"New_Zealand_Hauraki_Gulf",NA,"S2",2.5,"1963_S2_2007_2.5",2007,2,23,-36.618735,174.74968817,"Ecklonia radiata","Random",1,NA,NA,1,0.65502087937971
922,"New_Zealand_Hauraki_Gulf",NA,"S2",2.5,"1964_S2_2007_2.5",2007,2,23,-36.618735,174.74968817,"Ecklonia radiata","Random",1,NA,NA,0,0
923,"New_Zealand_Hauraki_Gulf",NA,"S2",2.5,"1965_S2_2007_2.5",2007,2,23,-36.618735,174.74968817,"Ecklonia radiata","Random",1,NA,NA,2,1.09015197322168
924,"New_Zealand_Hauraki_Gulf",NA,"S2",2.5,"1966_S2_2007_2.5",2007,2,23,-36.618735,174.74968817,"Ecklonia radiata","Random",1,NA,NA,1,0.65502087937971
925,"New_Zealand_Hauraki_Gulf",NA,"S2",2.5,"1967_S2_2007_2.5",2007,2,23,-36.618735,174.74968817,"Ecklonia radiata","Random",1,NA,NA,2,1.06854725439182
926,"New_Zealand_Hauraki_Gulf",NA,"S2",2.5,"2215_S2_2008_2.5",2008,2,12,-36.618735,174.74968817,"Ecklonia radiata","Random",1,NA,NA,2,0.824574088777301
927,"New_Zealand_Hauraki_Gulf",NA,"S2",2.5,"2216_S2_2008_2.5",2008,2,12,-36.618735,174.74968817,"Ecklonia radiata","Random",1,NA,NA,1,0.65502087937971
928,"New_Zealand_Hauraki_Gulf",NA,"S2",2.5,"2217_S2_2008_2.5",2008,2,12,-36.618735,174.74968817,"Ecklonia radiata","Random",1,NA,NA,0,0
929,"New_Zealand_Hauraki_Gulf",NA,"S2",2.5,"2218_S2_2008_2.5",2008,2,12,-36.618735,174.74968817,"Ecklonia radiata","Random",1,NA,NA,0,0
930,"New_Zealand_Hauraki_Gulf",NA,"S2",2.5,"2219_S2_2008_2.5",2008,2,12,-36.618735,174.74968817,"Ecklonia radiata","Random",1,NA,NA,1,0.343065561321149
931,"New_Zealand_Hauraki_Gulf",NA,"S2",2.5,"2467_S2_2009_2.5",2009,2,26,-36.618735,174.74968817,"Ecklonia radiata","Random",1,NA,NA,0,0
932,"New_Zealand_Hauraki_Gulf",NA,"S2",2.5,"2468_S2_2009_2.5",2009,2,26,-36.618735,174.74968817,"Ecklonia radiata","Random",1,NA,NA,3,1.75122901856079
933,"New_Zealand_Hauraki_Gulf",NA,"S2",2.5,"2469_S2_2009_2.5",2009,2,26,-36.618735,174.74968817,"Ecklonia radiata","Random",1,NA,NA,0,0
934,"New_Zealand_Hauraki_Gulf",NA,"S2",2.5,"2470_S2_2009_2.5",2009,2,26,-36.618735,174.74968817,"Ecklonia radiata","Random",1,NA,NA,2,0.24180013940305
935,"New_Zealand_Hauraki_Gulf",NA,"S2",2.5,"2471_S2_2009_2.5",2009,2,26,-36.618735,174.74968817,"Ecklonia radiata","Random",1,NA,NA,4,1.23161145762414
936,"New_Zealand_Hauraki_Gulf",NA,"S2",2.5,"3183_S2_2010_2.5",2010,2,25,-36.618735,174.74968817,"Ecklonia radiata","Random",1,NA,NA,1,0.77594299454899
937,"New_Zealand_Hauraki_Gulf",NA,"S2",2.5,"3186_S2_2010_2.5",2010,2,25,-36.618735,174.74968817,"Ecklonia radiata","Random",1,NA,NA,3,1.2865693501661
938,"New_Zealand_Hauraki_Gulf",NA,"S2",2.5,"3187_S2_2010_2.5",2010,2,25,-36.618735,174.74968817,"Ecklonia radiata","Random",1,NA,NA,8,2.23314189438795
939,"New_Zealand_Hauraki_Gulf",NA,"S2",2.5,"3188_S2_2010_2.5",2010,2,25,-36.618735,174.74968817,"Ecklonia radiata","Random",1,NA,NA,4,0.551029059822019
940,"New_Zealand_Hauraki_Gulf",NA,"S2",2.5,"3189_S2_2010_2.5",2010,2,25,-36.618735,174.74968817,"Ecklonia radiata","Random",1,NA,NA,1,0.0442591596007247
941,"New_Zealand_Hauraki_Gulf",NA,"S2",2.5,"3372_S2_2011_2.5",2011,2,10,-36.618735,174.74968817,"Ecklonia radiata","Random",1,NA,NA,4,1.49525033004673
942,"New_Zealand_Hauraki_Gulf",NA,"S2",2.5,"3373_S2_2011_2.5",2011,2,10,-36.618735,174.74968817,"Ecklonia radiata","Random",1,NA,NA,8,1.60572100293242
943,"New_Zealand_Hauraki_Gulf",NA,"S2",2.5,"3374_S2_2011_2.5",2011,2,10,-36.618735,174.74968817,"Ecklonia radiata","Random",1,NA,NA,3,1.88571911333366
944,"New_Zealand_Hauraki_Gulf",NA,"S2",2.5,"3376_S2_2011_2.5",2011,2,10,-36.618735,174.74968817,"Ecklonia radiata","Random",1,NA,NA,3,2.0048919237196
945,"New_Zealand_Hauraki_Gulf",NA,"S2",2.5,"3377_S2_2011_2.5",2011,2,10,-36.618735,174.74968817,"Ecklonia radiata","Random",1,NA,NA,3,1.69728319757566
946,"New_Zealand_Hauraki_Gulf",NA,"S3",2.5,"1970_S3_2007_2.5",2007,2,23,-36.60728601,174.76709406,"Ecklonia radiata","Random",1,NA,NA,6,4.29747579227255
947,"New_Zealand_Hauraki_Gulf",NA,"S3",2.5,"1971_S3_2007_2.5",2007,2,23,-36.60728601,174.76709406,"Ecklonia radiata","Random",1,NA,NA,6,3.28644953339679
948,"New_Zealand_Hauraki_Gulf",NA,"S3",2.5,"1972_S3_2007_2.5",2007,2,23,-36.60728601,174.76709406,"Ecklonia radiata","Random",1,NA,NA,8,6.64130587408232
949,"New_Zealand_Hauraki_Gulf",NA,"S3",2.5,"1973_S3_2007_2.5",2007,2,23,-36.60728601,174.76709406,"Ecklonia radiata","Random",1,NA,NA,7,3.63010946820239
950,"New_Zealand_Hauraki_Gulf",NA,"S3",2.5,"1974_S3_2007_2.5",2007,2,23,-36.60728601,174.76709406,"Ecklonia radiata","Random",1,NA,NA,19,12.1851575390996
951,"New_Zealand_Hauraki_Gulf",NA,"S3",2.5,"2222_S3_2008_2.5",2008,2,12,-36.60728601,174.76709406,"Ecklonia radiata","Random",1,NA,NA,12,8.57974927405611
952,"New_Zealand_Hauraki_Gulf",NA,"S3",2.5,"2223_S3_2008_2.5",2008,2,12,-36.60728601,174.76709406,"Ecklonia radiata","Random",1,NA,NA,9,6.82874448302261
953,"New_Zealand_Hauraki_Gulf",NA,"S3",2.5,"2224_S3_2008_2.5",2008,2,12,-36.60728601,174.76709406,"Ecklonia radiata","Random",1,NA,NA,8,3.23893061937427
954,"New_Zealand_Hauraki_Gulf",NA,"S3",2.5,"2225_S3_2008_2.5",2008,2,12,-36.60728601,174.76709406,"Ecklonia radiata","Random",1,NA,NA,2,1.70646112425831
955,"New_Zealand_Hauraki_Gulf",NA,"S3",2.5,"2226_S3_2008_2.5",2008,2,12,-36.60728601,174.76709406,"Ecklonia radiata","Random",1,NA,NA,4,3.4179795721699
956,"New_Zealand_Hauraki_Gulf",NA,"S3",2.5,"2474_S3_2009_2.5",2009,2,26,-36.60728601,174.76709406,"Ecklonia radiata","Random",1,NA,NA,31,14.5959988500647
957,"New_Zealand_Hauraki_Gulf",NA,"S3",2.5,"2475_S3_2009_2.5",2009,2,26,-36.60728601,174.76709406,"Ecklonia radiata","Random",1,NA,NA,5,2.88440615043175
958,"New_Zealand_Hauraki_Gulf",NA,"S3",2.5,"2476_S3_2009_2.5",2009,2,26,-36.60728601,174.76709406,"Ecklonia radiata","Random",1,NA,NA,11,3.75348201206795
959,"New_Zealand_Hauraki_Gulf",NA,"S3",2.5,"2477_S3_2009_2.5",2009,2,26,-36.60728601,174.76709406,"Ecklonia radiata","Random",1,NA,NA,12,4.7767378524696
960,"New_Zealand_Hauraki_Gulf",NA,"S3",2.5,"2478_S3_2009_2.5",2009,2,26,-36.60728601,174.76709406,"Ecklonia radiata","Random",1,NA,NA,17,8.83368138092586
961,"New_Zealand_Hauraki_Gulf",NA,"S3",2.5,"3190_S3_2010_2.5",2010,2,25,-36.60728601,174.76709406,"Ecklonia radiata","Random",1,NA,NA,16,5.17489759081955
962,"New_Zealand_Hauraki_Gulf",NA,"S3",2.5,"3193_S3_2010_2.5",2010,2,25,-36.60728601,174.76709406,"Ecklonia radiata","Random",1,NA,NA,13,8.21329766995232
963,"New_Zealand_Hauraki_Gulf",NA,"S3",2.5,"3194_S3_2010_2.5",2010,2,25,-36.60728601,174.76709406,"Ecklonia radiata","Random",1,NA,NA,5,3.07801365509714
964,"New_Zealand_Hauraki_Gulf",NA,"S3",2.5,"3195_S3_2010_2.5",2010,2,25,-36.60728601,174.76709406,"Ecklonia radiata","Random",1,NA,NA,4,2.64492696816715
965,"New_Zealand_Hauraki_Gulf",NA,"S3",2.5,"3196_S3_2010_2.5",2010,2,25,-36.60728601,174.76709406,"Ecklonia radiata","Random",1,NA,NA,6,2.12638180043879
966,"New_Zealand_Hauraki_Gulf",NA,"S3",2.5,"3365_S3_2011_2.5",2011,2,5,-36.60728601,174.76709406,"Ecklonia radiata","Random",1,NA,NA,6,3.30828281176986
967,"New_Zealand_Hauraki_Gulf",NA,"S3",2.5,"3366_S3_2011_2.5",2011,2,5,-36.60728601,174.76709406,"Ecklonia radiata","Random",1,NA,NA,3,2.29351865788494
968,"New_Zealand_Hauraki_Gulf",NA,"S3",2.5,"3367_S3_2011_2.5",2011,2,5,-36.60728601,174.76709406,"Ecklonia radiata","Random",1,NA,NA,9,3.41354914856155
969,"New_Zealand_Hauraki_Gulf",NA,"S3",2.5,"3368_S3_2011_2.5",2011,2,5,-36.60728601,174.76709406,"Ecklonia radiata","Random",1,NA,NA,4,2.11557608836078
970,"New_Zealand_Hauraki_Gulf",NA,"S3",2.5,"3369_S3_2011_2.5",2011,2,5,-36.60728601,174.76709406,"Ecklonia radiata","Random",1,NA,NA,9,3.77187948353918
996,"New_Zealand_Hauraki_Gulf",NA,"S5",3.2,"1984_S5_2007_3.2",2007,2,23,-36.60283298,174.78116703,"Ecklonia radiata","Random",1,NA,NA,9,3.69084390908092
997,"New_Zealand_Hauraki_Gulf",NA,"S5",3.2,"1985_S5_2007_3.2",2007,2,23,-36.60283298,174.78116703,"Ecklonia radiata","Random",1,NA,NA,10,5.62735598869007
998,"New_Zealand_Hauraki_Gulf",NA,"S5",3.2,"1986_S5_2007_3.2",2007,2,23,-36.60283298,174.78116703,"Ecklonia radiata","Random",1,NA,NA,4,3.09212361464202
999,"New_Zealand_Hauraki_Gulf",NA,"S5",3.2,"1987_S5_2007_3.2",2007,2,23,-36.60283298,174.78116703,"Ecklonia radiata","Random",1,NA,NA,18,9.45641521060377
1000,"New_Zealand_Hauraki_Gulf",NA,"S5",3.2,"1988_S5_2007_3.2",2007,2,23,-36.60283298,174.78116703,"Ecklonia radiata","Random",1,NA,NA,7,2.61011662553812
1001,"New_Zealand_Hauraki_Gulf",NA,"S5",3.2,"2236_S5_2008_3.2",2008,2,12,-36.60283298,174.78116703,"Ecklonia radiata","Random",1,NA,NA,9,5.22724204311616
1002,"New_Zealand_Hauraki_Gulf",NA,"S5",3.2,"2237_S5_2008_3.2",2008,2,12,-36.60283298,174.78116703,"Ecklonia radiata","Random",1,NA,NA,8,5.19699304836229
1003,"New_Zealand_Hauraki_Gulf",NA,"S5",3.2,"2238_S5_2008_3.2",2008,2,12,-36.60283298,174.78116703,"Ecklonia radiata","Random",1,NA,NA,10,5.71331715120297
1004,"New_Zealand_Hauraki_Gulf",NA,"S5",3.2,"2239_S5_2008_3.2",2008,2,12,-36.60283298,174.78116703,"Ecklonia radiata","Random",1,NA,NA,16,8.72209276917771
1005,"New_Zealand_Hauraki_Gulf",NA,"S5",3.2,"2240_S5_2008_3.2",2008,2,12,-36.60283298,174.78116703,"Ecklonia radiata","Random",1,NA,NA,11,5.92597063841975
1006,"New_Zealand_Hauraki_Gulf",NA,"S5",3.2,"2488_S5_2009_3.2",2009,2,26,-36.60283298,174.78116703,"Ecklonia radiata","Random",1,NA,NA,20,3.31585791526695
1007,"New_Zealand_Hauraki_Gulf",NA,"S5",3.2,"2489_S5_2009_3.2",2009,2,26,-36.60283298,174.78116703,"Ecklonia radiata","Random",1,NA,NA,23,3.28729810174278
1008,"New_Zealand_Hauraki_Gulf",NA,"S5",3.2,"2490_S5_2009_3.2",2009,2,26,-36.60283298,174.78116703,"Ecklonia radiata","Random",1,NA,NA,7,4.45356789340114
1009,"New_Zealand_Hauraki_Gulf",NA,"S5",3.2,"2491_S5_2009_3.2",2009,2,26,-36.60283298,174.78116703,"Ecklonia radiata","Random",1,NA,NA,15,11.2989896881491
1010,"New_Zealand_Hauraki_Gulf",NA,"S5",3.2,"2492_S5_2009_3.2",2009,2,26,-36.60283298,174.78116703,"Ecklonia radiata","Random",1,NA,NA,1,0.891046881190919
1011,"New_Zealand_Hauraki_Gulf",NA,"S5",3.2,"3204_S5_2010_3.2",2010,2,25,-36.60283298,174.78116703,"Ecklonia radiata","Random",1,NA,NA,5,2.47080366570177
1012,"New_Zealand_Hauraki_Gulf",NA,"S5",3.2,"3205_S5_2010_3.2",2010,2,25,-36.60283298,174.78116703,"Ecklonia radiata","Random",1,NA,NA,13,8.51874188636148
1013,"New_Zealand_Hauraki_Gulf",NA,"S5",3.2,"3206_S5_2010_3.2",2010,2,25,-36.60283298,174.78116703,"Ecklonia radiata","Random",1,NA,NA,14,6.14967362385747
1014,"New_Zealand_Hauraki_Gulf",NA,"S5",3.2,"3207_S5_2010_3.2",2010,2,25,-36.60283298,174.78116703,"Ecklonia radiata","Random",1,NA,NA,3,2.4382459121096
1015,"New_Zealand_Hauraki_Gulf",NA,"S5",3.2,"3208_S5_2010_3.2",2010,2,25,-36.60283298,174.78116703,"Ecklonia radiata","Random",1,NA,NA,22,13.3275820722658
1016,"New_Zealand_Hauraki_Gulf",NA,"S5",3.2,"3351_S5_2011_3.2",2011,2,10,-36.60283298,174.78116703,"Ecklonia radiata","Random",1,NA,NA,10,6.49392784557757
1017,"New_Zealand_Hauraki_Gulf",NA,"S5",3.2,"3352_S5_2011_3.2",2011,2,10,-36.60283298,174.78116703,"Ecklonia radiata","Random",1,NA,NA,6,4.10490214903404
1018,"New_Zealand_Hauraki_Gulf",NA,"S5",3.2,"3353_S5_2011_3.2",2011,2,10,-36.60283298,174.78116703,"Ecklonia radiata","Random",1,NA,NA,3,2.33105117544325
1019,"New_Zealand_Hauraki_Gulf",NA,"S5",3.2,"3355_S5_2011_3.2",2011,2,10,-36.60283298,174.78116703,"Ecklonia radiata","Random",1,NA,NA,0,0
1020,"New_Zealand_Hauraki_Gulf",NA,"S5",3.2,"3356_S5_2011_3.2",2011,2,10,-36.60283298,174.78116703,"Ecklonia radiata","Random",1,NA,NA,15,9.10979507557805
1121,"New_Zealand_Hauraki_Gulf",NA,"T3",2,"815_T3_2002_2",2002,4,5,-36.70666703,174.75299997,"Ecklonia radiata","Random",1,NA,NA,3,0.418922763790142
1122,"New_Zealand_Hauraki_Gulf",NA,"T3",2,"816_T3_2002_2",2002,4,5,-36.70666703,174.75299997,"Ecklonia radiata","Random",1,NA,NA,3,0.615896035189481
1123,"New_Zealand_Hauraki_Gulf",NA,"T3",2,"818_T3_2002_2",2002,4,5,-36.70666703,174.75299997,"Ecklonia radiata","Random",1,NA,NA,5,0.82426053467479
1124,"New_Zealand_Hauraki_Gulf",NA,"T3",2,"819_T3_2002_2",2002,4,5,-36.70666703,174.75299997,"Ecklonia radiata","Random",1,NA,NA,8,1.76661360752036
1125,"New_Zealand_Hauraki_Gulf",NA,"T3",2,"820_T3_2002_2",2002,4,5,-36.70666703,174.75299997,"Ecklonia radiata","Random",1,NA,NA,1,0.481508527456153
1126,"New_Zealand_Hauraki_Gulf",NA,"T3",2,"1025_T3_2003_2",2003,6,5,-36.70666703,174.75299997,"Ecklonia radiata","Random",1,NA,NA,4,0.0159944365838161
1127,"New_Zealand_Hauraki_Gulf",NA,"T3",2,"1026_T3_2003_2",2003,6,5,-36.70666703,174.75299997,"Ecklonia radiata","Random",1,NA,NA,4,0.790930834392895
1128,"New_Zealand_Hauraki_Gulf",NA,"T3",2,"1027_T3_2003_2",2003,6,5,-36.70666703,174.75299997,"Ecklonia radiata","Random",1,NA,NA,7,1.97864685774174
1129,"New_Zealand_Hauraki_Gulf",NA,"T3",2,"1028_T3_2003_2",2003,6,5,-36.70666703,174.75299997,"Ecklonia radiata","Random",1,NA,NA,0,0
1130,"New_Zealand_Hauraki_Gulf",NA,"T3",2,"1029_T3_2003_2",2003,6,5,-36.70666703,174.75299997,"Ecklonia radiata","Random",1,NA,NA,4,1.30346969631433
1131,"New_Zealand_Hauraki_Gulf",NA,"T3",2,"1361_T3_2004_2",2004,3,16,-36.70666703,174.75299997,"Ecklonia radiata","Random",1,NA,NA,0,0
1132,"New_Zealand_Hauraki_Gulf",NA,"T3",2,"1362_T3_2004_2",2004,3,16,-36.70666703,174.75299997,"Ecklonia radiata","Random",1,NA,NA,0,0
1133,"New_Zealand_Hauraki_Gulf",NA,"T3",2,"1363_T3_2004_2",2004,3,16,-36.70666703,174.75299997,"Ecklonia radiata","Random",1,NA,NA,1,0.481508527456153
1134,"New_Zealand_Hauraki_Gulf",NA,"T3",2,"1364_T3_2004_2",2004,3,16,-36.70666703,174.75299997,"Ecklonia radiata","Random",1,NA,NA,1,0.545075986610838
1135,"New_Zealand_Hauraki_Gulf",NA,"T3",2,"1365_T3_2004_2",2004,3,16,-36.70666703,174.75299997,"Ecklonia radiata","Random",1,NA,NA,2,0.824574088777301
1136,"New_Zealand_Hauraki_Gulf",NA,"T3",2,"1571_T3_2005_2",2005,3,2,-36.70666703,174.75299997,"Ecklonia radiata","Random",1,NA,NA,5,2.74634785267427
1137,"New_Zealand_Hauraki_Gulf",NA,"T3",2,"1572_T3_2005_2",2005,3,2,-36.70666703,174.75299997,"Ecklonia radiata","Random",1,NA,NA,7,2.05285310022194
1138,"New_Zealand_Hauraki_Gulf",NA,"T3",2,"1573_T3_2005_2",2005,3,2,-36.70666703,174.75299997,"Ecklonia radiata","Random",1,NA,NA,24,0.0159944365838161
1139,"New_Zealand_Hauraki_Gulf",NA,"T3",2,"1574_T3_2005_2",2005,3,2,-36.70666703,174.75299997,"Ecklonia radiata","Random",1,NA,NA,2,0.888141547931986
1140,"New_Zealand_Hauraki_Gulf",NA,"T3",2,"1575_T3_2005_2",2005,3,2,-36.70666703,174.75299997,"Ecklonia radiata","Random",1,NA,NA,5,3.20013736823348
1141,"New_Zealand_Hauraki_Gulf",NA,"T3",2,"1823_T3_2006_2",2006,2,28,-36.70666703,174.75299997,"Ecklonia radiata","Random",1,NA,NA,5,0.248437694446814
1142,"New_Zealand_Hauraki_Gulf",NA,"T3",2,"1824_T3_2006_2",2006,2,28,-36.70666703,174.75299997,"Ecklonia radiata","Random",1,NA,NA,1,0.0957078494812404
1143,"New_Zealand_Hauraki_Gulf",NA,"T3",2,"1825_T3_2006_2",2006,2,28,-36.70666703,174.75299997,"Ecklonia radiata","Random",1,NA,NA,0,0
1144,"New_Zealand_Hauraki_Gulf",NA,"T3",2,"1826_T3_2006_2",2006,2,28,-36.70666703,174.75299997,"Ecklonia radiata","Random",1,NA,NA,1,0.545075986610838
1145,"New_Zealand_Hauraki_Gulf",NA,"T3",2,"1827_T3_2006_2",2006,2,28,-36.70666703,174.75299997,"Ecklonia radiata","Random",1,NA,NA,1,0.0291178281609561
1146,"New_Zealand_Hauraki_Gulf",NA,"T3",2,"2075_T3_2007_2",2007,2,21,-36.70666703,174.75299997,"Ecklonia radiata","Random",1,NA,NA,2,0.292184579843618
1147,"New_Zealand_Hauraki_Gulf",NA,"T3",2,"2076_T3_2007_2",2007,2,21,-36.70666703,174.75299997,"Ecklonia radiata","Random",1,NA,NA,4,1.7525217268798
1148,"New_Zealand_Hauraki_Gulf",NA,"T3",2,"2077_T3_2007_2",2007,2,21,-36.70666703,174.75299997,"Ecklonia radiata","Random",1,NA,NA,0,0
1149,"New_Zealand_Hauraki_Gulf",NA,"T3",2,"2078_T3_2007_2",2007,2,21,-36.70666703,174.75299997,"Ecklonia radiata","Random",1,NA,NA,5,1.85115860284429
1150,"New_Zealand_Hauraki_Gulf",NA,"T3",2,"2079_T3_2007_2",2007,2,21,-36.70666703,174.75299997,"Ecklonia radiata","Random",1,NA,NA,4,1.3057226313231
1151,"New_Zealand_Hauraki_Gulf",NA,"T3",2,"2327_T3_2008_2",2008,2,11,-36.70666703,174.75299997,"Ecklonia radiata","Random",1,NA,NA,0,0
1152,"New_Zealand_Hauraki_Gulf",NA,"T3",2,"2328_T3_2008_2",2008,2,11,-36.70666703,174.75299997,"Ecklonia radiata","Random",1,NA,NA,3,1.56609357088728
1153,"New_Zealand_Hauraki_Gulf",NA,"T3",2,"2329_T3_2008_2",2008,2,11,-36.70666703,174.75299997,"Ecklonia radiata","Random",1,NA,NA,2,1.14815250258581
1154,"New_Zealand_Hauraki_Gulf",NA,"T3",2,"2330_T3_2008_2",2008,2,11,-36.70666703,174.75299997,"Ecklonia radiata","Random",1,NA,NA,1,0.481508527456153
1155,"New_Zealand_Hauraki_Gulf",NA,"T3",2,"2331_T3_2008_2",2008,2,11,-36.70666703,174.75299997,"Ecklonia radiata","Random",1,NA,NA,0,0
1156,"New_Zealand_Hauraki_Gulf",NA,"T3",2,"2579_T3_2009_2",2009,2,18,-36.70666703,174.75299997,"Ecklonia radiata","Random",1,NA,NA,0,0
1157,"New_Zealand_Hauraki_Gulf",NA,"T3",2,"2580_T3_2009_2",2009,2,18,-36.70666703,174.75299997,"Ecklonia radiata","Random",1,NA,NA,4,1.91173539248359
1158,"New_Zealand_Hauraki_Gulf",NA,"T3",2,"2581_T3_2009_2",2009,2,18,-36.70666703,174.75299997,"Ecklonia radiata","Random",1,NA,NA,0,0
1159,"New_Zealand_Hauraki_Gulf",NA,"T3",2,"2582_T3_2009_2",2009,2,18,-36.70666703,174.75299997,"Ecklonia radiata","Random",1,NA,NA,2,1.02658451406699
1160,"New_Zealand_Hauraki_Gulf",NA,"T3",2,"2583_T3_2009_2",2009,2,18,-36.70666703,174.75299997,"Ecklonia radiata","Random",1,NA,NA,2,0.0121200676107105
1161,"New_Zealand_Hauraki_Gulf",NA,"T3",2,"3085_T3_2010_2",2010,2,10,-36.70666703,174.75299997,"Ecklonia radiata","Random",1,NA,NA,1,0.0121200676107105
1162,"New_Zealand_Hauraki_Gulf",NA,"T3",2,"3086_T3_2010_2",2010,2,10,-36.70666703,174.75299997,"Ecklonia radiata","Random",1,NA,NA,1,0.413526375012109
1163,"New_Zealand_Hauraki_Gulf",NA,"T3",2,"3087_T3_2010_2",2010,2,10,-36.70666703,174.75299997,"Ecklonia radiata","Random",1,NA,NA,1,0.545075986610838
1164,"New_Zealand_Hauraki_Gulf",NA,"T3",2,"3088_T3_2010_2",2010,2,10,-36.70666703,174.75299997,"Ecklonia radiata","Random",1,NA,NA,13,0
1165,"New_Zealand_Hauraki_Gulf",NA,"T3",2,"3090_T3_2010_2",2010,2,10,-36.70666703,174.75299997,"Ecklonia radiata","Random",1,NA,NA,1,0.481508527456153
1166,"New_Zealand_Hauraki_Gulf",NA,"T3",2,"3260_T3_2011_2",2011,2,1,-36.70666703,174.75299997,"Ecklonia radiata","Random",1,NA,NA,1,0.272830473868332
1167,"New_Zealand_Hauraki_Gulf",NA,"T3",2,"3263_T3_2011_2",2011,2,1,-36.70666703,174.75299997,"Ecklonia radiata","Random",1,NA,NA,3,1.5431624273117
1168,"New_Zealand_Hauraki_Gulf",NA,"T3",2,"3264_T3_2011_2",2011,2,1,-36.70666703,174.75299997,"Ecklonia radiata","Random",1,NA,NA,6,2.73163482459956
1169,"New_Zealand_Hauraki_Gulf",NA,"T3",2,"3265_T3_2011_2",2011,2,1,-36.70666703,174.75299997,"Ecklonia radiata","Random",1,NA,NA,2,1.06854725439182
1170,"New_Zealand_Hauraki_Gulf",NA,"T3",2,"3266_T3_2011_2",2011,2,1,-36.70666703,174.75299997,"Ecklonia radiata","Random",1,NA,NA,2,1.11443407888442
1171,"New_Zealand_Hauraki_Gulf",NA,"T3",2,"3428_T3_2012_2",2012,2,16,-36.70666703,174.75299997,"Ecklonia radiata","Random",1,NA,NA,2,0.399491250431039
1172,"New_Zealand_Hauraki_Gulf",NA,"T3",2,"3429_T3_2012_2",2012,2,16,-36.70666703,174.75299997,"Ecklonia radiata","Random",1,NA,NA,0,0
1173,"New_Zealand_Hauraki_Gulf",NA,"T3",2,"3430_T3_2012_2",2012,2,16,-36.70666703,174.75299997,"Ecklonia radiata","Random",1,NA,NA,2,0.686131122642297
1174,"New_Zealand_Hauraki_Gulf",NA,"T3",2,"3431_T3_2012_2",2012,2,16,-36.70666703,174.75299997,"Ecklonia radiata","Random",1,NA,NA,3,1.09988322389255
1175,"New_Zealand_Hauraki_Gulf",NA,"T3",2,"3432_T3_2012_2",2012,2,16,-36.70666703,174.75299997,"Ecklonia radiata","Random",1,NA,NA,0,0
1206,"New_Zealand_Hauraki_Gulf",NA,"T5",2.3,"2341_T5_2008_2.3",2008,2,11,-36.71849775,174.75280636,"Ecklonia radiata","Random",1,NA,NA,0,0
1207,"New_Zealand_Hauraki_Gulf",NA,"T5",2.3,"2342_T5_2008_2.3",2008,2,11,-36.71849775,174.75280636,"Ecklonia radiata","Random",1,NA,NA,6,2.86109386553325
1208,"New_Zealand_Hauraki_Gulf",NA,"T5",2.3,"2343_T5_2008_2.3",2008,2,11,-36.71849775,174.75280636,"Ecklonia radiata","Random",1,NA,NA,3,0.963421403283309
1209,"New_Zealand_Hauraki_Gulf",NA,"T5",2.3,"2344_T5_2008_2.3",2008,2,11,-36.71849775,174.75280636,"Ecklonia radiata","Random",1,NA,NA,3,1.90706073582226
1210,"New_Zealand_Hauraki_Gulf",NA,"T5",2.3,"2345_T5_2008_2.3",2008,2,11,-36.71849775,174.75280636,"Ecklonia radiata","Random",1,NA,NA,5,3.36015388528649
1211,"New_Zealand_Hauraki_Gulf",NA,"T5",2.3,"2593_T5_2009_2.3",2009,2,18,-36.71849775,174.75280636,"Ecklonia radiata","Random",1,NA,NA,6,3.21576083463474
1212,"New_Zealand_Hauraki_Gulf",NA,"T5",2.3,"2594_T5_2009_2.3",2009,2,18,-36.71849775,174.75280636,"Ecklonia radiata","Random",1,NA,NA,1,0.481508527456153
1213,"New_Zealand_Hauraki_Gulf",NA,"T5",2.3,"2595_T5_2009_2.3",2009,2,18,-36.71849775,174.75280636,"Ecklonia radiata","Random",1,NA,NA,4,2.04318740505408
1214,"New_Zealand_Hauraki_Gulf",NA,"T5",2.3,"2596_T5_2009_2.3",2009,2,18,-36.71849775,174.75280636,"Ecklonia radiata","Random",1,NA,NA,0,2.23273754601694
1215,"New_Zealand_Hauraki_Gulf",NA,"T5",2.3,"2597_T5_2009_2.3",2009,2,18,-36.71849775,174.75280636,"Ecklonia radiata","Random",1,NA,NA,9,5.44210011397385
1216,"New_Zealand_Hauraki_Gulf",NA,"T5",2.3,"3071_T5_2010_2.3",2010,2,10,-36.71849775,174.75280636,"Ecklonia radiata","Random",1,NA,NA,1,0.481508527456153
1217,"New_Zealand_Hauraki_Gulf",NA,"T5",2.3,"3072_T5_2010_2.3",2010,2,10,-36.71849775,174.75280636,"Ecklonia radiata","Random",1,NA,NA,2,0.47014402212544
1218,"New_Zealand_Hauraki_Gulf",NA,"T5",2.3,"3073_T5_2010_2.3",2010,2,10,-36.71849775,174.75280636,"Ecklonia radiata","Random",1,NA,NA,5,2.88775842539665
1219,"New_Zealand_Hauraki_Gulf",NA,"T5",2.3,"3074_T5_2010_2.3",2010,2,10,-36.71849775,174.75280636,"Ecklonia radiata","Random",1,NA,NA,2,0.418922763790142
1220,"New_Zealand_Hauraki_Gulf",NA,"T5",2.3,"3076_T5_2010_2.3",2010,2,10,-36.71849775,174.75280636,"Ecklonia radiata","Random",1,NA,NA,2,0.824574088777301
1221,"New_Zealand_Hauraki_Gulf",NA,"T5",2.3,"3246_T5_2011_2.3",2011,2,1,-36.71849775,174.75280636,"Ecklonia radiata","Random",1,NA,NA,1,0.206065133668697
1222,"New_Zealand_Hauraki_Gulf",NA,"T5",2.3,"3249_T5_2011_2.3",2011,2,1,-36.71849775,174.75280636,"Ecklonia radiata","Random",1,NA,NA,1,0.70090770387231
1223,"New_Zealand_Hauraki_Gulf",NA,"T5",2.3,"3250_T5_2011_2.3",2011,2,1,-36.71849775,174.75280636,"Ecklonia radiata","Random",1,NA,NA,0,0
1224,"New_Zealand_Hauraki_Gulf",NA,"T5",2.3,"3251_T5_2011_2.3",2011,2,1,-36.71849775,174.75280636,"Ecklonia radiata","Random",1,NA,NA,1,0.481508527456153
1225,"New_Zealand_Hauraki_Gulf",NA,"T5",2.3,"3252_T5_2011_2.3",2011,2,1,-36.71849775,174.75280636,"Ecklonia radiata","Random",1,NA,NA,2,2.4062498979405
1226,"New_Zealand_Hauraki_Gulf",NA,"T5",2.3,"3442_T5_2012_2.3",2012,3,2,-36.71849775,174.75280636,"Ecklonia radiata","Random",1,NA,NA,1,0.427394759032544
1227,"New_Zealand_Hauraki_Gulf",NA,"T5",2.3,"3443_T5_2012_2.3",2012,3,2,-36.71849775,174.75280636,"Ecklonia radiata","Random",1,NA,NA,6,2.07144079037041
1228,"New_Zealand_Hauraki_Gulf",NA,"T5",2.3,"3444_T5_2012_2.3",2012,3,2,-36.71849775,174.75280636,"Ecklonia radiata","Random",1,NA,NA,1,0.272830473868332
1229,"New_Zealand_Hauraki_Gulf",NA,"T5",2.3,"3445_T5_2012_2.3",2012,3,2,-36.71849775,174.75280636,"Ecklonia radiata","Random",1,NA,NA,0,0
1230,"New_Zealand_Hauraki_Gulf",NA,"T5",2.3,"3446_T5_2012_2.3",2012,3,2,-36.71849775,174.75280636,"Ecklonia radiata","Random",1,NA,NA,6,2.45828982719828
1231,"New_Zealand_Hauraki_Gulf",NA,"W1",2.4,"1669_W1_2006_2.4",2006,2,27,-36.53475831,174.71700243,"Ecklonia radiata","Random",1,NA,NA,9,4.13196036670171
1232,"New_Zealand_Hauraki_Gulf",NA,"W1",2.4,"1670_W1_2006_2.4",2006,2,27,-36.53475831,174.71700243,"Ecklonia radiata","Random",1,NA,NA,7,3.03866092583581
1233,"New_Zealand_Hauraki_Gulf",NA,"W1",2.4,"1671_W1_2006_2.4",2006,2,27,-36.53475831,174.71700243,"Ecklonia radiata","Random",1,NA,NA,13,5.4793239900992
1234,"New_Zealand_Hauraki_Gulf",NA,"W1",2.4,"1672_W1_2006_2.4",2006,2,27,-36.53475831,174.71700243,"Ecklonia radiata","Random",1,NA,NA,19,8.93577739742152
1235,"New_Zealand_Hauraki_Gulf",NA,"W1",2.4,"1673_W1_2006_2.4",2006,2,27,-36.53475831,174.71700243,"Ecklonia radiata","Random",1,NA,NA,8,3.45013497074445
1236,"New_Zealand_Hauraki_Gulf",NA,"W1",2.4,"1921_W1_2007_2.4",2007,2,20,-36.53475831,174.71700243,"Ecklonia radiata","Random",1,NA,NA,6,2.61351042745519
1237,"New_Zealand_Hauraki_Gulf",NA,"W1",2.4,"1922_W1_2007_2.4",2007,2,20,-36.53475831,174.71700243,"Ecklonia radiata","Random",1,NA,NA,10,4.00714598549014
1238,"New_Zealand_Hauraki_Gulf",NA,"W1",2.4,"1923_W1_2007_2.4",2007,2,20,-36.53475831,174.71700243,"Ecklonia radiata","Random",1,NA,NA,17,8.46422970740907
1239,"New_Zealand_Hauraki_Gulf",NA,"W1",2.4,"1924_W1_2007_2.4",2007,2,20,-36.53475831,174.71700243,"Ecklonia radiata","Random",1,NA,NA,10,5.65324157373866
1240,"New_Zealand_Hauraki_Gulf",NA,"W1",2.4,"1925_W1_2007_2.4",2007,2,20,-36.53475831,174.71700243,"Ecklonia radiata","Random",1,NA,NA,0,0
1241,"New_Zealand_Hauraki_Gulf",NA,"W1",2.4,"2173_W1_2008_2.4",2008,2,12,-36.53475831,174.71700243,"Ecklonia radiata","Random",1,NA,NA,0,0
1242,"New_Zealand_Hauraki_Gulf",NA,"W1",2.4,"2174_W1_2008_2.4",2008,2,12,-36.53475831,174.71700243,"Ecklonia radiata","Random",1,NA,NA,8,3.65106794646739
1243,"New_Zealand_Hauraki_Gulf",NA,"W1",2.4,"2175_W1_2008_2.4",2008,2,12,-36.53475831,174.71700243,"Ecklonia radiata","Random",1,NA,NA,5,2.43880267968564
1244,"New_Zealand_Hauraki_Gulf",NA,"W1",2.4,"2176_W1_2008_2.4",2008,2,12,-36.53475831,174.71700243,"Ecklonia radiata","Random",1,NA,NA,10,5.26915774783981
1245,"New_Zealand_Hauraki_Gulf",NA,"W1",2.4,"2177_W1_2008_2.4",2008,2,12,-36.53475831,174.71700243,"Ecklonia radiata","Random",1,NA,NA,12,4.54805723242819
1246,"New_Zealand_Hauraki_Gulf",NA,"W1",2.4,"2425_W1_2009_2.4",2009,2,26,-36.53475831,174.71700243,"Ecklonia radiata","Random",1,NA,NA,5,2.81705543641753
1247,"New_Zealand_Hauraki_Gulf",NA,"W1",2.4,"2426_W1_2009_2.4",2009,2,26,-36.53475831,174.71700243,"Ecklonia radiata","Random",1,NA,NA,11,2.57106333214038
1248,"New_Zealand_Hauraki_Gulf",NA,"W1",2.4,"2427_W1_2009_2.4",2009,2,26,-36.53475831,174.71700243,"Ecklonia radiata","Random",1,NA,NA,12,7.03197388396388
1249,"New_Zealand_Hauraki_Gulf",NA,"W1",2.4,"2428_W1_2009_2.4",2009,2,26,-36.53475831,174.71700243,"Ecklonia radiata","Random",1,NA,NA,6,3.47765279779588
1250,"New_Zealand_Hauraki_Gulf",NA,"W1",2.4,"2429_W1_2009_2.4",2009,2,26,-36.53475831,174.71700243,"Ecklonia radiata","Random",1,NA,NA,5,2.63766293652526
1251,"New_Zealand_Hauraki_Gulf",NA,"W1",2.4,"3141_W1_2010_2.4",2010,2,12,-36.53475831,174.71700243,"Ecklonia radiata","Random",1,NA,NA,23,9.59033054940387
1252,"New_Zealand_Hauraki_Gulf",NA,"W1",2.4,"3142_W1_2010_2.4",2010,2,12,-36.53475831,174.71700243,"Ecklonia radiata","Random",1,NA,NA,7,2.64815371255574
1253,"New_Zealand_Hauraki_Gulf",NA,"W1",2.4,"3143_W1_2010_2.4",2010,2,12,-36.53475831,174.71700243,"Ecklonia radiata","Random",1,NA,NA,4,2.52654432788711
1254,"New_Zealand_Hauraki_Gulf",NA,"W1",2.4,"3145_W1_2010_2.4",2010,2,12,-36.53475831,174.71700243,"Ecklonia radiata","Random",1,NA,NA,14,5.37151297157577
1255,"New_Zealand_Hauraki_Gulf",NA,"W1",2.4,"3147_W1_2010_2.4",2010,2,12,-36.53475831,174.71700243,"Ecklonia radiata","Random",1,NA,NA,1,0.806147450335006
1256,"New_Zealand_Hauraki_Gulf",NA,"W1",2.4,"3414_W1_2011_2.4",2011,2,11,-36.53475831,174.71700243,"Ecklonia radiata","Random",1,NA,NA,7,1.93895637139596
1257,"New_Zealand_Hauraki_Gulf",NA,"W1",2.4,"3417_W1_2011_2.4",2011,2,11,-36.53475831,174.71700243,"Ecklonia radiata","Random",1,NA,NA,11,3.44204333387637
1258,"New_Zealand_Hauraki_Gulf",NA,"W1",2.4,"3418_W1_2011_2.4",2011,2,11,-36.53475831,174.71700243,"Ecklonia radiata","Random",1,NA,NA,1,0.77594299454899
1259,"New_Zealand_Hauraki_Gulf",NA,"W1",2.4,"3419_W1_2011_2.4",2011,2,11,-36.53475831,174.71700243,"Ecklonia radiata","Random",1,NA,NA,20,8.59180601930152
1260,"New_Zealand_Hauraki_Gulf",NA,"W1",2.4,"3420_W1_2011_2.4",2011,2,11,-36.53475831,174.71700243,"Ecklonia radiata","Random",1,NA,NA,11,4.65297859294233
1261,"New_Zealand_Hauraki_Gulf",NA,"W2",2.3,"1424_W2_2005_2.3",2005,4,20,-36.54349997,174.71833302,"Ecklonia radiata","Random",1,NA,NA,12,4.23228768639692
1262,"New_Zealand_Hauraki_Gulf",NA,"W2",2.3,"1425_W2_2005_2.3",2005,4,20,-36.54349997,174.71833302,"Ecklonia radiata","Random",1,NA,NA,7,2.04194481636385
1263,"New_Zealand_Hauraki_Gulf",NA,"W2",2.3,"1426_W2_2005_2.3",2005,4,20,-36.54349997,174.71833302,"Ecklonia radiata","Random",1,NA,NA,0,0
1264,"New_Zealand_Hauraki_Gulf",NA,"W2",2.3,"1427_W2_2005_2.3",2005,4,20,-36.54349997,174.71833302,"Ecklonia radiata","Random",1,NA,NA,0,0
1265,"New_Zealand_Hauraki_Gulf",NA,"W2",2.3,"1428_W2_2005_2.3",2005,4,20,-36.54349997,174.71833302,"Ecklonia radiata","Random",1,NA,NA,0,0
1266,"New_Zealand_Hauraki_Gulf",NA,"W2",2.3,"1676_W2_2006_2.3",2006,2,27,-36.54349997,174.71833302,"Ecklonia radiata","Random",1,NA,NA,3,1.60910457787492
1267,"New_Zealand_Hauraki_Gulf",NA,"W2",2.3,"1677_W2_2006_2.3",2006,2,27,-36.54349997,174.71833302,"Ecklonia radiata","Random",1,NA,NA,4,2.60941923067552
1268,"New_Zealand_Hauraki_Gulf",NA,"W2",2.3,"1678_W2_2006_2.3",2006,2,27,-36.54349997,174.71833302,"Ecklonia radiata","Random",1,NA,NA,0,0
1269,"New_Zealand_Hauraki_Gulf",NA,"W2",2.3,"1679_W2_2006_2.3",2006,2,27,-36.54349997,174.71833302,"Ecklonia radiata","Random",1,NA,NA,0,0
1270,"New_Zealand_Hauraki_Gulf",NA,"W2",2.3,"1680_W2_2006_2.3",2006,2,27,-36.54349997,174.71833302,"Ecklonia radiata","Random",1,NA,NA,2,0.00347002060210229
1271,"New_Zealand_Hauraki_Gulf",NA,"W2",2.3,"1928_W2_2007_2.3",2007,2,20,-36.54349997,174.71833302,"Ecklonia radiata","Random",1,NA,NA,3,0.485382896429258
1272,"New_Zealand_Hauraki_Gulf",NA,"W2",2.3,"1929_W2_2007_2.3",2007,2,20,-36.54349997,174.71833302,"Ecklonia radiata","Random",1,NA,NA,3,1.63608648305193
1273,"New_Zealand_Hauraki_Gulf",NA,"W2",2.3,"1930_W2_2007_2.3",2007,2,20,-36.54349997,174.71833302,"Ecklonia radiata","Random",1,NA,NA,2,0.9220352844708
1274,"New_Zealand_Hauraki_Gulf",NA,"W2",2.3,"1931_W2_2007_2.3",2007,2,20,-36.54349997,174.71833302,"Ecklonia radiata","Random",1,NA,NA,3,0.00387436897310556
1275,"New_Zealand_Hauraki_Gulf",NA,"W2",2.3,"1932_W2_2007_2.3",2007,2,20,-36.54349997,174.71833302,"Ecklonia radiata","Random",1,NA,NA,5,2.04318740505408
1276,"New_Zealand_Hauraki_Gulf",NA,"W2",2.3,"2180_W2_2008_2.3",2008,2,12,-36.54349997,174.71833302,"Ecklonia radiata","Random",1,NA,NA,4,2.43545306004425
1277,"New_Zealand_Hauraki_Gulf",NA,"W2",2.3,"2181_W2_2008_2.3",2008,2,12,-36.54349997,174.71833302,"Ecklonia radiata","Random",1,NA,NA,0,0
1278,"New_Zealand_Hauraki_Gulf",NA,"W2",2.3,"2182_W2_2008_2.3",2008,2,12,-36.54349997,174.71833302,"Ecklonia radiata","Random",1,NA,NA,0,0
1279,"New_Zealand_Hauraki_Gulf",NA,"W2",2.3,"2183_W2_2008_2.3",2008,2,12,-36.54349997,174.71833302,"Ecklonia radiata","Random",1,NA,NA,1,0.65502087937971
1280,"New_Zealand_Hauraki_Gulf",NA,"W2",2.3,"2184_W2_2008_2.3",2008,2,12,-36.54349997,174.71833302,"Ecklonia radiata","Random",1,NA,NA,5,3.34327707249701
1281,"New_Zealand_Hauraki_Gulf",NA,"W2",2.3,"2432_W2_2009_2.3",2009,2,26,-36.54349997,174.71833302,"Ecklonia radiata","Random",1,NA,NA,0,0
1282,"New_Zealand_Hauraki_Gulf",NA,"W2",2.3,"2433_W2_2009_2.3",2009,2,26,-36.54349997,174.71833302,"Ecklonia radiata","Random",1,NA,NA,6,4.11710902227517
1283,"New_Zealand_Hauraki_Gulf",NA,"W2",2.3,"2434_W2_2009_2.3",2009,2,26,-36.54349997,174.71833302,"Ecklonia radiata","Random",1,NA,NA,2,0.655425227750713
1284,"New_Zealand_Hauraki_Gulf",NA,"W2",2.3,"2435_W2_2009_2.3",2009,2,26,-36.54349997,174.71833302,"Ecklonia radiata","Random",1,NA,NA,2,0.998086440700859
1285,"New_Zealand_Hauraki_Gulf",NA,"W2",2.3,"2436_W2_2009_2.3",2009,2,26,-36.54349997,174.71833302,"Ecklonia radiata","Random",1,NA,NA,1,0.77594299454899
1286,"New_Zealand_Hauraki_Gulf",NA,"W2",2.3,"3148_W2_2010_2.3",2010,2,12,-36.54349997,174.71833302,"Ecklonia radiata","Random",1,NA,NA,2,0.47014402212544
1287,"New_Zealand_Hauraki_Gulf",NA,"W2",2.3,"3149_W2_2010_2.3",2010,2,12,-36.54349997,174.71833302,"Ecklonia radiata","Random",1,NA,NA,43,6.38581558775707
1288,"New_Zealand_Hauraki_Gulf",NA,"W2",2.3,"3150_W2_2010_2.3",2010,2,12,-36.54349997,174.71833302,"Ecklonia radiata","Random",1,NA,NA,2,0.301772983149938
1289,"New_Zealand_Hauraki_Gulf",NA,"W2",2.3,"3151_W2_2010_2.3",2010,2,12,-36.54349997,174.71833302,"Ecklonia radiata","Random",1,NA,NA,0,0
1290,"New_Zealand_Hauraki_Gulf",NA,"W2",2.3,"3153_W2_2010_2.3",2010,2,12,-36.54349997,174.71833302,"Ecklonia radiata","Random",1,NA,NA,0,0
1291,"New_Zealand_Hauraki_Gulf",NA,"W2",2.3,"3407_W2_2011_2.3",2011,2,11,-36.54349997,174.71833302,"Ecklonia radiata","Random",1,NA,NA,4,0.720695746940079
1292,"New_Zealand_Hauraki_Gulf",NA,"W2",2.3,"3410_W2_2011_2.3",2011,2,11,-36.54349997,174.71833302,"Ecklonia radiata","Random",1,NA,NA,7,1.50548012160402
1293,"New_Zealand_Hauraki_Gulf",NA,"W2",2.3,"3411_W2_2011_2.3",2011,2,11,-36.54349997,174.71833302,"Ecklonia radiata","Random",1,NA,NA,1,0.77594299454899
1294,"New_Zealand_Hauraki_Gulf",NA,"W2",2.3,"3412_W2_2011_2.3",2011,2,11,-36.54349997,174.71833302,"Ecklonia radiata","Random",1,NA,NA,0,0
1295,"New_Zealand_Hauraki_Gulf",NA,"W2",2.3,"3413_W2_2011_2.3",2011,2,11,-36.54349997,174.71833302,"Ecklonia radiata","Random",1,NA,NA,23,8.71946425922705
1296,"New_Zealand_Hauraki_Gulf",NA,"W3",2.1,"780_W3_2002_2.1",2002,4,3,-36.54842691,174.71090241,"Ecklonia radiata","Random",1,NA,NA,5,1.16786537633659
1297,"New_Zealand_Hauraki_Gulf",NA,"W3",2.1,"781_W3_2002_2.1",2002,4,3,-36.54842691,174.71090241,"Ecklonia radiata","Random",1,NA,NA,3,0.352157423590507
1298,"New_Zealand_Hauraki_Gulf",NA,"W3",2.1,"783_W3_2002_2.1",2002,4,3,-36.54842691,174.71090241,"Ecklonia radiata","Random",1,NA,NA,6,1.28967708894217
1299,"New_Zealand_Hauraki_Gulf",NA,"W3",2.1,"784_W3_2002_2.1",2002,4,3,-36.54842691,174.71090241,"Ecklonia radiata","Random",1,NA,NA,11,3.9878974983536
1300,"New_Zealand_Hauraki_Gulf",NA,"W3",2.1,"785_W3_2002_2.1",2002,4,3,-36.54842691,174.71090241,"Ecklonia radiata","Random",1,NA,NA,1,0.272830473868332
1301,"New_Zealand_Hauraki_Gulf",NA,"W3",2.1,"990_W3_2003_2.1",2003,5,27,-36.54842691,174.71090241,"Ecklonia radiata","Random",1,NA,NA,3,0.549130694989846
1302,"New_Zealand_Hauraki_Gulf",NA,"W3",2.1,"991_W3_2003_2.1",2003,5,27,-36.54842691,174.71090241,"Ecklonia radiata","Random",1,NA,NA,8,1.47698204823789
1303,"New_Zealand_Hauraki_Gulf",NA,"W3",2.1,"992_W3_2003_2.1",2003,5,27,-36.54842691,174.71090241,"Ecklonia radiata","Random",1,NA,NA,6,1.23810046378941
1304,"New_Zealand_Hauraki_Gulf",NA,"W3",2.1,"993_W3_2003_2.1",2003,5,27,-36.54842691,174.71090241,"Ecklonia radiata","Random",1,NA,NA,11,3.49055088355713
1305,"New_Zealand_Hauraki_Gulf",NA,"W3",2.1,"994_W3_2003_2.1",2003,5,27,-36.54842691,174.71090241,"Ecklonia radiata","Random",1,NA,NA,12,4.11090740396723
1306,"New_Zealand_Hauraki_Gulf",NA,"W3",2.1,"1326_W3_2004_2.1",2004,2,25,-36.54842691,174.71090241,"Ecklonia radiata","Random",1,NA,NA,11,3.25422458061829
1307,"New_Zealand_Hauraki_Gulf",NA,"W3",2.1,"1327_W3_2004_2.1",2004,2,25,-36.54842691,174.71090241,"Ecklonia radiata","Random",1,NA,NA,2,0.191415698962481
1308,"New_Zealand_Hauraki_Gulf",NA,"W3",2.1,"1328_W3_2004_2.1",2004,2,25,-36.54842691,174.71090241,"Ecklonia radiata","Random",1,NA,NA,20,11.1866366269321
1309,"New_Zealand_Hauraki_Gulf",NA,"W3",2.1,"1329_W3_2004_2.1",2004,2,25,-36.54842691,174.71090241,"Ecklonia radiata","Random",1,NA,NA,16,2.86533206341846
1310,"New_Zealand_Hauraki_Gulf",NA,"W3",2.1,"1330_W3_2004_2.1",2004,2,25,-36.54842691,174.71090241,"Ecklonia radiata","Random",1,NA,NA,5,0.438773410802389
1311,"New_Zealand_Hauraki_Gulf",NA,"W3",2.1,"1431_W3_2005_2.1",2005,4,20,-36.54842691,174.71090241,"Ecklonia radiata","Random",1,NA,NA,2,1.14815250258581
1312,"New_Zealand_Hauraki_Gulf",NA,"W3",2.1,"1432_W3_2005_2.1",2005,4,20,-36.54842691,174.71090241,"Ecklonia radiata","Random",1,NA,NA,3,0.888141547931986
1313,"New_Zealand_Hauraki_Gulf",NA,"W3",2.1,"1433_W3_2005_2.1",2005,4,20,-36.54842691,174.71090241,"Ecklonia radiata","Random",1,NA,NA,5,2.68300373037125
1314,"New_Zealand_Hauraki_Gulf",NA,"W3",2.1,"1434_W3_2005_2.1",2005,4,20,-36.54842691,174.71090241,"Ecklonia radiata","Random",1,NA,NA,1,0.343065561321149
1315,"New_Zealand_Hauraki_Gulf",NA,"W3",2.1,"1435_W3_2005_2.1",2005,4,20,-36.54842691,174.71090241,"Ecklonia radiata","Random",1,NA,NA,2,0.301948302029288
1316,"New_Zealand_Hauraki_Gulf",NA,"W3",2.1,"1683_W3_2006_2.1",2006,2,27,-36.54842691,174.71090241,"Ecklonia radiata","Random",1,NA,NA,4,0.805060822709947
1317,"New_Zealand_Hauraki_Gulf",NA,"W3",2.1,"1684_W3_2006_2.1",2006,2,27,-36.54842691,174.71090241,"Ecklonia radiata","Random",1,NA,NA,1,0.603076515974976
1318,"New_Zealand_Hauraki_Gulf",NA,"W3",2.1,"1685_W3_2006_2.1",2006,2,27,-36.54842691,174.71090241,"Ecklonia radiata","Random",1,NA,NA,9,6.80485852263784
1319,"New_Zealand_Hauraki_Gulf",NA,"W3",2.1,"1686_W3_2006_2.1",2006,2,27,-36.54842691,174.71090241,"Ecklonia radiata","Random",1,NA,NA,10,2.96811605759341
1320,"New_Zealand_Hauraki_Gulf",NA,"W3",2.1,"1687_W3_2006_2.1",2006,2,27,-36.54842691,174.71090241,"Ecklonia radiata","Random",1,NA,NA,2,0.946142077296124
1321,"New_Zealand_Hauraki_Gulf",NA,"W3",2.1,"1935_W3_2007_2.1",2007,2,20,-36.54842691,174.71090241,"Ecklonia radiata","Random",1,NA,NA,1,0.481508527456153
1322,"New_Zealand_Hauraki_Gulf",NA,"W3",2.1,"1936_W3_2007_2.1",2007,2,20,-36.54842691,174.71090241,"Ecklonia radiata","Random",1,NA,NA,15,3.66898292706499
1323,"New_Zealand_Hauraki_Gulf",NA,"W3",2.1,"1937_W3_2007_2.1",2007,2,20,-36.54842691,174.71090241,"Ecklonia radiata","Random",1,NA,NA,0,0
1324,"New_Zealand_Hauraki_Gulf",NA,"W3",2.1,"1938_W3_2007_2.1",2007,2,20,-36.54842691,174.71090241,"Ecklonia radiata","Random",1,NA,NA,7,1.34473845711765
1325,"New_Zealand_Hauraki_Gulf",NA,"W3",2.1,"1939_W3_2007_2.1",2007,2,20,-36.54842691,174.71090241,"Ecklonia radiata","Random",1,NA,NA,0,0
1326,"New_Zealand_Hauraki_Gulf",NA,"W3",2.1,"2187_W3_2008_2.1",2008,2,12,-36.54842691,174.71090241,"Ecklonia radiata","Random",1,NA,NA,0,0
1327,"New_Zealand_Hauraki_Gulf",NA,"W3",2.1,"2188_W3_2008_2.1",2008,2,12,-36.54842691,174.71090241,"Ecklonia radiata","Random",1,NA,NA,6,4.13205835521443
1328,"New_Zealand_Hauraki_Gulf",NA,"W3",2.1,"2189_W3_2008_2.1",2008,2,12,-36.54842691,174.71090241,"Ecklonia radiata","Random",1,NA,NA,6,2.74567638698518
1329,"New_Zealand_Hauraki_Gulf",NA,"W3",2.1,"2190_W3_2008_2.1",2008,2,12,-36.54842691,174.71090241,"Ecklonia radiata","Random",1,NA,NA,0,0
1330,"New_Zealand_Hauraki_Gulf",NA,"W3",2.1,"2191_W3_2008_2.1",2008,2,12,-36.54842691,174.71090241,"Ecklonia radiata","Random",1,NA,NA,11,3.45381496116418
1331,"New_Zealand_Hauraki_Gulf",NA,"W3",2.1,"2439_W3_2009_2.1",2009,2,26,-36.54842691,174.71090241,"Ecklonia radiata","Random",1,NA,NA,6,3.29010902965801
1332,"New_Zealand_Hauraki_Gulf",NA,"W3",2.1,"2440_W3_2009_2.1",2009,2,26,-36.54842691,174.71090241,"Ecklonia radiata","Random",1,NA,NA,4,1.37654342992441
1333,"New_Zealand_Hauraki_Gulf",NA,"W3",2.1,"2441_W3_2009_2.1",2009,2,26,-36.54842691,174.71090241,"Ecklonia radiata","Random",1,NA,NA,21,6.50520996137233
1334,"New_Zealand_Hauraki_Gulf",NA,"W3",2.1,"2442_W3_2009_2.1",2009,2,26,-36.54842691,174.71090241,"Ecklonia radiata","Random",1,NA,NA,4,1.77071616607343
1335,"New_Zealand_Hauraki_Gulf",NA,"W3",2.1,"2443_W3_2009_2.1",2009,2,26,-36.54842691,174.71090241,"Ecklonia radiata","Random",1,NA,NA,3,0.960404134993182
1336,"New_Zealand_Hauraki_Gulf",NA,"W3",2.1,"3155_W3_2010_2.1",2010,2,12,-36.54842691,174.71090241,"Ecklonia radiata","Random",1,NA,NA,5,0.599831851493497
1337,"New_Zealand_Hauraki_Gulf",NA,"W3",2.1,"3156_W3_2010_2.1",2010,2,12,-36.54842691,174.71090241,"Ecklonia radiata","Random",1,NA,NA,5,1.09879224939313
1338,"New_Zealand_Hauraki_Gulf",NA,"W3",2.1,"3157_W3_2010_2.1",2010,2,12,-36.54842691,174.71090241,"Ecklonia radiata","Random",1,NA,NA,3,2.17201545451237
1339,"New_Zealand_Hauraki_Gulf",NA,"W3",2.1,"3159_W3_2010_2.1",2010,2,12,-36.54842691,174.71090241,"Ecklonia radiata","Random",1,NA,NA,8,2.82949036748456
1340,"New_Zealand_Hauraki_Gulf",NA,"W3",2.1,"3161_W3_2010_2.1",2010,2,12,-36.54842691,174.71090241,"Ecklonia radiata","Random",1,NA,NA,10,6.18054071105183
1341,"New_Zealand_Hauraki_Gulf",NA,"W3",2.1,"3400_W3_2011_2.1",2011,2,11,-36.54842691,174.71090241,"Ecklonia radiata","Random",1,NA,NA,10,2.64776597952905
1342,"New_Zealand_Hauraki_Gulf",NA,"W3",2.1,"3405_W3_2011_2.1",2011,2,11,-36.54842691,174.71090241,"Ecklonia radiata","Random",1,NA,NA,4,0.960404134993182
1343,"New_Zealand_Hauraki_Gulf",NA,"W3",2.1,"3406_W3_2011_2.1",2011,2,11,-36.54842691,174.71090241,"Ecklonia radiata","Random",1,NA,NA,21,8.94297281069026
1344,"New_Zealand_Hauraki_Gulf",NA,"W4",2.5,"1000_W4_2003_2.5",2003,5,27,-36.55516705,174.71116697,"Ecklonia radiata","Random",1,NA,NA,16,5.82306425519989
1345,"New_Zealand_Hauraki_Gulf",NA,"W4",2.5,"1001_W4_2003_2.5",2003,5,27,-36.55516705,174.71116697,"Ecklonia radiata","Random",1,NA,NA,16,6.97405783317581
1346,"New_Zealand_Hauraki_Gulf",NA,"W4",2.5,"997_W4_2003_2.5",2003,5,27,-36.55516705,174.71116697,"Ecklonia radiata","Random",1,NA,NA,4,1.90706073582226
1347,"New_Zealand_Hauraki_Gulf",NA,"W4",2.5,"998_W4_2003_2.5",2003,5,27,-36.55516705,174.71116697,"Ecklonia radiata","Random",1,NA,NA,10,2.83581406199192
1348,"New_Zealand_Hauraki_Gulf",NA,"W4",2.5,"999_W4_2003_2.5",2003,5,27,-36.55516705,174.71116697,"Ecklonia radiata","Random",1,NA,NA,5,2.43880267968564
1349,"New_Zealand_Hauraki_Gulf",NA,"W4",2.5,"1333_W4_2004_2.5",2004,2,25,-36.55516705,174.71116697,"Ecklonia radiata","Random",1,NA,NA,6,3.70849265768927
1350,"New_Zealand_Hauraki_Gulf",NA,"W4",2.5,"1334_W4_2004_2.5",2004,2,25,-36.55516705,174.71116697,"Ecklonia radiata","Random",1,NA,NA,1,0.603076515974976
1351,"New_Zealand_Hauraki_Gulf",NA,"W4",2.5,"1335_W4_2004_2.5",2004,2,25,-36.55516705,174.71116697,"Ecklonia radiata","Random",1,NA,NA,2,1.59195458506323
1352,"New_Zealand_Hauraki_Gulf",NA,"W4",2.5,"1336_W4_2004_2.5",2004,2,25,-36.55516705,174.71116697,"Ecklonia radiata","Random",1,NA,NA,12,2.35107203405835
1353,"New_Zealand_Hauraki_Gulf",NA,"W4",2.5,"1337_W4_2004_2.5",2004,2,25,-36.55516705,174.71116697,"Ecklonia radiata","Random",1,NA,NA,14,2.02598139341115
1354,"New_Zealand_Hauraki_Gulf",NA,"W4",2.5,"1438_W4_2005_2.5",2005,4,20,-36.55516705,174.71116697,"Ecklonia radiata","Random",1,NA,NA,1,0.77594299454899
1355,"New_Zealand_Hauraki_Gulf",NA,"W4",2.5,"1439_W4_2005_2.5",2005,4,20,-36.55516705,174.71116697,"Ecklonia radiata","Random",1,NA,NA,8,3.87802221387432
1356,"New_Zealand_Hauraki_Gulf",NA,"W4",2.5,"1440_W4_2005_2.5",2005,4,20,-36.55516705,174.71116697,"Ecklonia radiata","Random",1,NA,NA,5,2.98720229369422
1357,"New_Zealand_Hauraki_Gulf",NA,"W4",2.5,"1441_W4_2005_2.5",2005,4,20,-36.55516705,174.71116697,"Ecklonia radiata","Random",1,NA,NA,6,2.34795748504075
1358,"New_Zealand_Hauraki_Gulf",NA,"W4",2.5,"1442_W4_2005_2.5",2005,4,20,-36.55516705,174.71116697,"Ecklonia radiata","Random",1,NA,NA,36,4.5980019312663
1359,"New_Zealand_Hauraki_Gulf",NA,"W4",2.5,"1690_W4_2006_2.5",2006,2,27,-36.55516705,174.71116697,"Ecklonia radiata","Random",1,NA,NA,4,2.27016622332705
1360,"New_Zealand_Hauraki_Gulf",NA,"W4",2.5,"1691_W4_2006_2.5",2006,2,27,-36.55516705,174.71116697,"Ecklonia radiata","Random",1,NA,NA,1,0.741051580583673
1361,"New_Zealand_Hauraki_Gulf",NA,"W4",2.5,"1692_W4_2006_2.5",2006,2,27,-36.55516705,174.71116697,"Ecklonia radiata","Random",1,NA,NA,12,5.27603473819696
1362,"New_Zealand_Hauraki_Gulf",NA,"W4",2.5,"1693_W4_2006_2.5",2006,2,27,-36.55516705,174.71116697,"Ecklonia radiata","Random",1,NA,NA,9,4.1768150977382
1363,"New_Zealand_Hauraki_Gulf",NA,"W4",2.5,"1694_W4_2006_2.5",2006,2,27,-36.55516705,174.71116697,"Ecklonia radiata","Random",1,NA,NA,8,3.23167761464152
1364,"New_Zealand_Hauraki_Gulf",NA,"W4",2.5,"1942_W4_2007_2.5",2007,2,20,-36.55516705,174.71116697,"Ecklonia radiata","Random",1,NA,NA,18,7.93716326095454
1365,"New_Zealand_Hauraki_Gulf",NA,"W4",2.5,"1943_W4_2007_2.5",2007,2,20,-36.55516705,174.71116697,"Ecklonia radiata","Random",1,NA,NA,7,3.58132650906657
1366,"New_Zealand_Hauraki_Gulf",NA,"W4",2.5,"1944_W4_2007_2.5",2007,2,20,-36.55516705,174.71116697,"Ecklonia radiata","Random",1,NA,NA,19,8.95957548667221
1367,"New_Zealand_Hauraki_Gulf",NA,"W4",2.5,"1945_W4_2007_2.5",2007,2,20,-36.55516705,174.71116697,"Ecklonia radiata","Random",1,NA,NA,6,2.94101322744468
1368,"New_Zealand_Hauraki_Gulf",NA,"W4",2.5,"1946_W4_2007_2.5",2007,2,20,-36.55516705,174.71116697,"Ecklonia radiata","Random",1,NA,NA,4,1.56004569738397
1369,"New_Zealand_Hauraki_Gulf",NA,"W4",2.5,"2194_W4_2008_2.5",2008,2,12,-36.55516705,174.71116697,"Ecklonia radiata","Random",1,NA,NA,4,1.52216942112669
1370,"New_Zealand_Hauraki_Gulf",NA,"W4",2.5,"2195_W4_2008_2.5",2008,2,12,-36.55516705,174.71116697,"Ecklonia radiata","Random",1,NA,NA,4,2.09204728200699
1371,"New_Zealand_Hauraki_Gulf",NA,"W4",2.5,"2196_W4_2008_2.5",2008,2,12,-36.55516705,174.71116697,"Ecklonia radiata","Random",1,NA,NA,11,8.25647164837584
1372,"New_Zealand_Hauraki_Gulf",NA,"W4",2.5,"2197_W4_2008_2.5",2008,2,12,-36.55516705,174.71116697,"Ecklonia radiata","Random",1,NA,NA,5,2.14653483582456
1373,"New_Zealand_Hauraki_Gulf",NA,"W4",2.5,"2198_W4_2008_2.5",2008,2,12,-36.55516705,174.71116697,"Ecklonia radiata","Random",1,NA,NA,7,3.64560184212538
1374,"New_Zealand_Hauraki_Gulf",NA,"W4",2.5,"2446_W4_2009_2.5",2009,2,26,-36.55516705,174.71116697,"Ecklonia radiata","Random",1,NA,NA,7,4.31394945072026
1375,"New_Zealand_Hauraki_Gulf",NA,"W4",2.5,"2447_W4_2009_2.5",2009,2,26,-36.55516705,174.71116697,"Ecklonia radiata","Random",1,NA,NA,11,6.23622691633671
1376,"New_Zealand_Hauraki_Gulf",NA,"W4",2.5,"2448_W4_2009_2.5",2009,2,26,-36.55516705,174.71116697,"Ecklonia radiata","Random",1,NA,NA,5,3.77551127950332
1377,"New_Zealand_Hauraki_Gulf",NA,"W4",2.5,"2449_W4_2009_2.5",2009,2,26,-36.55516705,174.71116697,"Ecklonia radiata","Random",1,NA,NA,1,0.70090770387231
1378,"New_Zealand_Hauraki_Gulf",NA,"W4",2.5,"2450_W4_2009_2.5",2009,2,26,-36.55516705,174.71116697,"Ecklonia radiata","Random",1,NA,NA,12,5.29700742271212
1379,"New_Zealand_Hauraki_Gulf",NA,"W4",2.5,"3162_W4_2010_2.5",2010,2,12,-36.55516705,174.71116697,"Ecklonia radiata","Random",1,NA,NA,11,6.43460771534097
1380,"New_Zealand_Hauraki_Gulf",NA,"W4",2.5,"3163_W4_2010_2.5",2010,2,12,-36.55516705,174.71116697,"Ecklonia radiata","Random",1,NA,NA,8,6.38731176298397
1381,"New_Zealand_Hauraki_Gulf",NA,"W4",2.5,"3164_W4_2010_2.5",2010,2,12,-36.55516705,174.71116697,"Ecklonia radiata","Random",1,NA,NA,6,2.4148988526409
1382,"New_Zealand_Hauraki_Gulf",NA,"W4",2.5,"3165_W4_2010_2.5",2010,2,12,-36.55516705,174.71116697,"Ecklonia radiata","Random",1,NA,NA,12,8.08335645000977
1383,"New_Zealand_Hauraki_Gulf",NA,"W4",2.5,"3167_W4_2010_2.5",2010,2,12,-36.55516705,174.71116697,"Ecklonia radiata","Random",1,NA,NA,4,2.16074830987153
1384,"New_Zealand_Hauraki_Gulf",NA,"W4",2.5,"3393_W4_2011_2.5",2011,2,11,-36.55516705,174.71116697,"Ecklonia radiata","Random",1,NA,NA,1,0.413526375012109
1385,"New_Zealand_Hauraki_Gulf",NA,"W4",2.5,"3396_W4_2011_2.5",2011,2,11,-36.55516705,174.71116697,"Ecklonia radiata","Random",1,NA,NA,11,4.56530655755811
1386,"New_Zealand_Hauraki_Gulf",NA,"W4",2.5,"3397_W4_2011_2.5",2011,2,11,-36.55516705,174.71116697,"Ecklonia radiata","Random",1,NA,NA,10,5.40154221849674
1387,"New_Zealand_Hauraki_Gulf",NA,"W4",2.5,"3398_W4_2011_2.5",2011,2,11,-36.55516705,174.71116697,"Ecklonia radiata","Random",1,NA,NA,5,2.31404772385893
1388,"New_Zealand_Hauraki_Gulf",NA,"W4",2.5,"3399_W4_2011_2.5",2011,2,11,-36.55516705,174.71116697,"Ecklonia radiata","Random",1,NA,NA,5,3.4803521050272
