"Region","AlgaeBase.ID","Taxon.Code","Taxon","Taxon.Taxonomic.Level","Kingdom","Phylum","Class","Order","Family","Genus","Species","Multistipe.or.Single.Stipe","Functional.Group"
NA,NA,"AGAFIM","Agarum_fimbriatum",NA,NA,NA,NA,NA,NA,"Agarum","fimbriatum",NA,NA
NA,NA,"ALAMAR","Alaria_marginata",NA,NA,NA,NA,NA,NA,"Alaria","marginata",NA,NA
NA,NA,"COSCOS","Costaria_costatum",NA,NA,NA,NA,NA,NA,"Costaria","costatum",NA,NA
NA,NA,"CYSOSMAD","Cystoseira_osmundacea",NA,NA,NA,NA,NA,NA,"Cystoseira","osmundacea",NA,NA
NA,NA,"DICCAL","Dictyoneurum_californicum",NA,NA,NA,NA,NA,NA,"Dictyoneurum","californicum",NA,NA
NA,NA,"EGRMEN","Egregia_menziesii",NA,NA,NA,NA,NA,NA,"Egregia","menziesii",NA,NA
NA,NA,"EISARBAD","Eisenia_arborea",NA,NA,NA,NA,NA,NA,"Eisenia","arborea",NA,NA
NA,NA,"LAMFAR","Laminaria_farlowii",NA,NA,NA,NA,NA,NA,"Laminaria","farlowii",NA,NA
NA,NA,"LAMSAC","Laminaria_saccharina",NA,NA,NA,NA,NA,NA,"Laminaria","saccharina",NA,NA
NA,NA,"LAMSET","Laminaria_setchellii",NA,NA,NA,NA,NA,NA,"Laminaria","setchellii",NA,NA
NA,NA,"LAMSPP","Laminaria_spp.",NA,NA,NA,NA,NA,NA,"Laminaria","spp.",NA,NA
NA,NA,"MACPYRAD","Macrocystis_pyrifera",NA,NA,NA,NA,NA,NA,"Macrocystis","pyrifera",NA,NA
NA,NA,"NERLUE","Nereocystis_luetkeana",NA,NA,NA,NA,NA,NA,"Nereocystis","luetkeana",NA,NA
NA,NA,"PLEGAR","Pleurophycus_gardneri",NA,NA,NA,NA,NA,NA,"Pleurophycus","gardneri",NA,NA
NA,NA,"PTECALAD","Pterygophora_californica",NA,NA,NA,NA,NA,NA,"Pterygophora","californica",NA,NA
NA,NA,"UNDPIN","Undaria_pinnatifida",NA,NA,NA,NA,NA,NA,"Undaria","pinnatifida",NA,NA
