"Region","AlgaeBase.ID","Taxon.Code","Taxon","Taxon.Taxonomic.Level","Kingdom","Phylum","Class","Order","Family","Genus","Species","Multistipe.or.Single.Stipe","Functional.Group"
NA,NA,"AGAFIM","Agarum fimbriatum",NA,NA,NA,NA,NA,NA,"Agarum","Agarum fimbriatum",NA,NA
NA,NA,"ALAMAR","Alaria marginata",NA,NA,NA,NA,NA,NA,"Alaria","Alaria marginata",NA,NA
NA,NA,"COSCOS","Costaria costatum",NA,NA,NA,NA,NA,NA,"Costaria","Costaria costatum",NA,NA
NA,NA,"CYSOSMAD","Cystoseira osmundacea",NA,NA,NA,NA,NA,NA,"Cystoseira","Cystoseira osmundacea",NA,NA
NA,NA,"DICCAL","Dictyoneurum californicum",NA,NA,NA,NA,NA,NA,"Dictyoneurum","Dictyoneurum californicum",NA,NA
NA,NA,"EGRMEN","Egregia menziesii",NA,NA,NA,NA,NA,NA,"Egregia","Egregia menziesii",NA,NA
NA,NA,"EISARBAD","Eisenia arborea",NA,NA,NA,NA,NA,NA,"Eisenia","Eisenia arborea",NA,NA
NA,NA,"LAMFAR","Laminaria farlowii",NA,NA,NA,NA,NA,NA,"Laminaria","Laminaria farlowii",NA,NA
NA,NA,"LAMSAC","Laminaria saccharina",NA,NA,NA,NA,NA,NA,"Laminaria","Laminaria saccharina",NA,NA
NA,NA,"LAMSET","Laminaria setchellii",NA,NA,NA,NA,NA,NA,"Laminaria","Laminaria setchellii",NA,NA
NA,NA,"LAMSPP","Laminaria spp.",NA,NA,NA,NA,NA,NA,"Laminaria","Laminaria spp.",NA,NA
NA,NA,"MACPYRAD","Macrocystis pyrifera",NA,NA,NA,NA,NA,NA,"Macrocystis","Macrocystis pyrifera",NA,NA
NA,NA,"NERLUE","Nereocystis luetkeana",NA,NA,NA,NA,NA,NA,"Nereocystis","Nereocystis luetkeana",NA,NA
NA,NA,"PLEGAR","Pleurophycus gardneri",NA,NA,NA,NA,NA,NA,"Pleurophycus","Pleurophycus gardneri",NA,NA
NA,NA,"PTECALAD","Pterygophora californica",NA,NA,NA,NA,NA,NA,"Pterygophora","Pterygophora californica",NA,NA
NA,NA,"UNDPIN","Undaria pinnatifida",NA,NA,NA,NA,NA,NA,"Undaria","Undaria pinnatifida",NA,NA
