"Region","Taxon.Code","Taxon","Taxon.Taxonomic.Level","Kingdom","Phylum","Class","Order","Family","Genus","Species","Multistipe.or.Single.Stipe","Functional.Group","Stage","Synonyms","Algaebase.ID"
NA,"Ecklonia","Ecklonia radiata",NA,"Plantae","Phaeophyta","Phaeophyceae","Laminariales","Lessoniaceae","Ecklonia","radiata","Single","Kelp",NA,NA,NA
NA,"Lessonia","Lessonia variegata",NA,"Plantae","Phaeophyta","Phaeophyceae","Laminariales","Lessoniaceae","Lessonia","variegata","Multistipe.or.Single.Stipe","Kelp",NA,NA,NA
NA,"Macrocystis","Macrocystis pyrifera",NA,"Plantae","Phaeophyta","Phaeophyceae","Laminariales","Laminariaceae","Macrocystis","pyrifera","Multiple","Kelp",NA,NA,NA
NA,"Undaria","Undaria pinnatifida",NA,"Plantae","Phaeophyta","Phaeophyceae","Laminariales","Alariaceae","Undaria","pinnatifida","Single","Kelp",NA,NA,NA
