"Region","Taxon.Code","Algaebase.ID","Taxon","Taxon.Taxonomic.Level","Kingdom","Phylum","Class","Order","Family","Genus","Species","Multistipe.or.Single.Stipe","Functional.Group","Surface.Subsurface","Synonyms","Stage"
NA,"Eisenia arborea",NA,"Eisenia arborea",NA,NA,"Phaeophyceae",NA,"Laminariales","Lessoniaceae","Eisenia","Eisenia arborea",NA,NA,NA,NA,"Adult"
NA,"Laminaria spp.",NA,"Laminaria spp.",NA,NA,"Phaeophyceae",NA,"Laminariales","Laminariaceae","Laminaria",NA,NA,NA,NA,NA,"Adult"
NA,"Macrocystis pyrifera",NA,"Macrocystis pyrifera",NA,NA,"Phaeophyceae",NA,"Laminariales","Laminariaceae","Macrocystis","Macrocystis pyrifera",NA,NA,NA,NA,"Adult"
NA,"Pterygophora californica",NA,"Pterygophora californica",NA,NA,"Phaeophyceae",NA,"Laminariales","Alariaceae","Pterygophora","Pterygophora californica",NA,NA,NA,NA,"Adult"
