"Region","AlgaeBase.ID","Taxon.Code","Taxon","Taxon.Taxonomic.Level","Kingdom","Phylum","Class","Order","Family","Genus","Species","Stage","Synonyms","Multistipe.or.Single.Stipe","Functional.Group","Surface.Subsurface"
NA,NA,"Alaria","Alaria fistulosa",NA,NA,"Ochrophyta",NA,"Laminariales","Alariaceae","Eualaria Areschoug 1884","Eualaria fistulosa (Postels & Ruprecht) M.J.Wynne, 2009",NA,NA,NA,NA,NA
NA,NA,"lamsp","Laminaria spp.",NA,NA,"Ochrophyta",NA,"Laminariales","Laminariaceae","Laminaria J.V. Lamouroux, 1813",NA,NA,NA,NA,NA,NA
NA,NA,"lamyez","Laminaria longipes",NA,NA,"Ochrophyta",NA,"Laminariales","Laminariaceae","Laminaria J.V. Lamouroux, 1813","Laminaria longipes Bory de Saint-Vincent, 1826",NA,NA,NA,NA,NA
NA,NA,"lamlon","Laminaria yezoensis",NA,NA,"Ochrophyta",NA,"Laminariales","Laminariaceae","Laminaria J.V. Lamouroux, 1813","Laminaria yezoensis Miyabe, 1902",NA,NA,NA,NA,NA
NA,NA,"Agarum","Agarum cribrosum",NA,NA,"Ochrophyta",NA,"Laminariales","Costariaceae","Agarum Dumortier, 1822","Agarum clathratum Dumortier 1822",NA,NA,NA,NA,NA
NA,NA,"thal","Thalassiophyllum clathrum",NA,NA,"Ochrophyta",NA,"Laminariales","Costariaceae","Agarum Dumortier, 1822","Agarum clathrus (S.G.Gmelin) Greville, 1830",NA,NA,NA,NA,NA
NA,NA,"cyman","Cymathaere triplicata",NA,NA,"Ochrophyta",NA,"Laminariales","Laminariaceae","Cymathaere J. Agardh, 1868","Cymathaere triplicata (Postels & Ruprecht) J. Agardh, 1868",NA,NA,NA,NA,NA
NA,NA,"Pleuroph","Pleurophycus gardneri",NA,NA,"Ochrophyta",NA,"Laminariales","Alariaceae","Pleurophycus Setchell & Saunders ex J. Tilden, 1900","Pleurophycus gardneri Setchell & Saunders ex Tilden, 1900",NA,NA,NA,NA,NA
NA,NA,"Nereo","Nereocystis spp.",NA,NA,"Ochrophyta",NA,"Laminariales","Laminariaceae","Nereocystis Postels & Ruprecht, 1840",NA,NA,NA,NA,NA,NA
