"Region","Taxon.Code","Taxon","Taxon.Taxonomic.Level","Kingdom","Phylum","Order","Family","Genus","Species","Multistipe.or.Single.Stipe","Functional.Group","Stage","Synonyms","Algaebase.ID"
NA,"Alaria marginata","Alaria marginata",NA,NA,"Phaeophyceae","Laminariales","Alariaceae","Alaria","Alaria marginata","Single.Stipe",NA,"Adult",NA,NA
NA,"Costaria costata","Costaria costata",NA,NA,"Phaeophyceae","Laminariales","Costariaceae","Costaria","Costaria costata","Single.Stipe",NA,"Adult",NA,NA
NA,"Cymathaere triplicata","Cymathaere triplicata",NA,NA,"Phaeophyceae","Laminariales","Laminariaceae","Cymathaere","Cymathaere triplicata","Single.Stipe",NA,"Adult",NA,NA
NA,"Egregia menziesii","Egregia menziesii",NA,NA,"Phaeophyceae","Laminariales","Lessoniaceae","Egregia","Egregia menziesii","Single.Stipe",NA,"Adult",NA,NA
NA,"Laminaria setchellii","Laminaria setchellii",NA,NA,"Phaeophyceae","Laminariales","Laminariaceae","Laminaria","Laminaria setchellii","Single.Stipe",NA,"Adult",NA,NA
NA,"Laminariales","Laminaria",NA,NA,"Phaeophyceae","Laminariales","Laminariaceae","Laminaria",NA,"Single.Stipe",NA,"Adult",NA,NA
NA,"Macrocystis pyrifera","Macrocystis pyrifera",NA,NA,"Phaeophyceae","Laminariales","Laminariaceae","Macrocystis","Macrocystis pyrifera","Multiplestipe",NA,"Adult",NA,NA
NA,"Nereocystis luetkeana","Nereocystis luetkeana",NA,NA,"Phaeophyceae","Laminariales","Laminariaceae","Nereocystis","Nereocystis luetkeana","Single.Stipe",NA,"Adult",NA,NA
NA,"Pleurophycus gardneri","Pleurophycus gardneri",NA,NA,"Phaeophyceae","Laminariales","Alariaceae","Pleurophycus","Pleurophycus gardneri","Single.Stipe",NA,"Adult",NA,NA
NA,"Pterygophora californica","Pterygophora californica",NA,NA,"Phaeophyceae","Laminariales","Alariaceae","Pterygophora","Pterygophora californica","Single.Stipe",NA,"Adult",NA,NA
NA,"Saccharina groenlandica","Saccharina groenlandica",NA,NA,"Phaeophyceae","Laminariales","Laminariaceae","Saccharina","Saccharina groenlandica","Single.Stipe",NA,"Adult",NA,NA
NA,"Saccharina latissima","Saccharina latissima",NA,NA,NA,NA,NA,NA,"Saccharina latissima","Single.Stipe",NA,"Adult",NA,NA
