"Region","AlgaeBase.ID","Taxon.Code","Taxon","Taxon.Taxonomic.Level","Kingdom","Phylum","Class","Order","Family","Genus","Species","Stage","Synonyms","Multistipe.or.Single.Stipe","Functional.Group","Surface.Subsurface"
NA,NA,"Agarum clathratum","Agarum clathratum",NA,NA,"Phaeophyceae",NA,"Laminariales","Costariaceae","Agarum","Agarum clathratum","Adult",NA,NA,NA,NA
NA,NA,"Alaria esculenta","Alaria esculenta",NA,NA,"Phaeophyceae",NA,"Laminariales","Alariaceae","Alaria","Alaria esculenta","Adult",NA,NA,NA,NA
NA,NA,"Laminaria digitata","Laminaria digitata",NA,NA,"Phaeophyceae",NA,"Laminariales","Laminariaceae","Laminaria","Laminaria digitata","Adult",NA,NA,NA,NA
NA,NA,"Laminaria saccharina","Laminaria saccharina",NA,NA,"Phaeophyceae",NA,"Laminariales","Laminariaceae","Saccharina","Saccharina latissima","Adult",NA,NA,NA,NA
