"Region","AlgaeBase.ID","Taxon.Code","Taxon","Taxon.Taxonomic.Level","Kingdom","Phylum","Class","Order","Family","Genus","Species","Multistipe.or.Single.Stipe","Functional.Group"
NA,NA,"AGAFIM","Agarum fimbriatum",NA,NA,"Phaeophyceae",NA,"Laminariales","Costariaceae","Agarum","Agarum fimbriatum",NA,NA
NA,NA,"ALAMAR","Alaria marginata",NA,NA,"Phaeophyceae",NA,"Laminariales","Alariaceae","Alaria","Alaria marginata",NA,NA
NA,NA,"COSCOS","Costaria costata",NA,NA,"Phaeophyceae",NA,"Laminariales","Costariaceae","Costaria","Costaria costata",NA,NA
NA,NA,"CYSOSMAD","Cystoseira osmundacea",NA,NA,"Phaeophyceae",NA,"Fucales","Sargassaceae","Cystoseira","Cystoseira osmundacea",NA,NA
NA,NA,"DICCAL","Dictyoneurum californicum",NA,NA,"Phaeophyceae",NA,"Laminariales","Costariaceae","Dictyoneurum","Dictyoneurum californicum",NA,NA
NA,NA,"DICRET","Dictyoneuropsis reticulata",NA,NA,"Ochrophyta",NA,"Laminariales","Costariaceae","Dictyoneurum Ruprecht, 1852","Dictyoneurum reticulatum (De A.Saunders) P.C.Silva, 2008",NA,NA
NA,NA,"EGRMEN","Egregia menziesii",NA,NA,"Phaeophyceae",NA,"Laminariales","Lessoniaceae","Egregia","Egregia menziesii",NA,NA
NA,NA,"EISARBAD","Eisenia arborea",NA,NA,"Phaeophyceae",NA,"Laminariales","Lessoniaceae","Eisenia","Eisenia arborea",NA,NA
NA,NA,"LAMFAR","Laminaria farlowii",NA,NA,"Phaeophyceae",NA,"Laminariales","Laminariaceae","Laminaria","Laminaria farlowii",NA,NA
NA,NA,"LAMSAC","Saccharina latissima",NA,NA,NA,NA,NA,NA,"Saccharina","Saccharina latissima",NA,NA
NA,NA,"LAMSET","Laminaria setchellii",NA,NA,"Phaeophyceae",NA,"Laminariales","Laminariaceae","Laminaria","Laminaria setchellii",NA,NA
NA,NA,"LESLIT","Lessoniopsis littoralis",NA,NA,"Phaeophyceae",NA,"Laminariales","Alariaceae","Lessoniopsis","Lessoniopsis littoralis",NA,NA
NA,NA,"MACPYRAD","Macrocystis pyrifera",NA,NA,"Phaeophyceae",NA,"Laminariales","Laminariaceae","Macrocystis","Macrocystis pyrifera",NA,NA
NA,NA,"NERLUE","Nereocystis luetkeana",NA,NA,"Phaeophyceae",NA,"Laminariales","Laminariaceae","Nereocystis","Nereocystis luetkeana",NA,NA
NA,NA,"PLEGAR","Pleurophycus gardneri",NA,NA,"Phaeophyceae",NA,"Laminariales","Alariaceae","Pleurophycus","Pleurophycus gardneri",NA,NA
NA,NA,"PTECALAD","Pterygophora californica",NA,NA,"Phaeophyceae",NA,"Laminariales","Alariaceae","Pterygophora","Pterygophora californica",NA,NA
NA,NA,"UNDPIN","Undaria pinnatifida",NA,NA,"Phaeophyceae",NA,"Laminariales","Alariaceae","Undaria","Undaria pinnatifida",NA,NA
