"Region","AlgaeBase.ID","Taxon.Code","Taxon","Taxon.Taxonomic.Level","Kingdom","Phylum","Class","Order","Family","Genus","Species","Stage","Synonyms","Multistipe.or.Single.Stipe","Functional.Group","Surface.Subsurface"
NA,NA,"Macrocystis","Macrocystis pyrifera",NA,NA,"Phaeophyceae",NA,"Laminariales","Laminariaceae","Macrocystis","pyrifera",NA,NA,NA,NA,NA
NA,NA,"Eisenia","Eisenia arborea",NA,NA,"Phaeophyceae",NA,"Laminariales","Lessoniaceae","Eisenia","arborea",NA,NA,NA,NA,NA
NA,NA,"Laminaria","Laminaria farlowii",NA,NA,"Phaeophyceae",NA,"Laminariales","Laminariaceae","Laminaria","farlowii",NA,NA,NA,NA,NA
NA,NA,"Pterygophora","Pterygophora californica",NA,NA,"Phaeophyceae",NA,"Laminariales","Alariaceae","Pterygophora","californica",NA,NA,NA,NA,NA
