"Region","AlgaeBase.ID","Taxon.Code","Taxon","Taxon.Taxonomic.Level","Kingdom","Phylum","Class","Order","Family","Genus","Species","Stage","Synonyms","Multistipe.or.Single.Stipe","Functional.Group","Surface.Subsurface"
NA,NA,"Egregia menziesii","Egregia menziesii",NA,NA,"Phaeophyceae",NA,"Laminariales","Lessoniaceae","Egregia","Egregia menziesii","Adult",NA,NA,NA,NA
NA,NA,"Eisenia arborea","Eisenia arborea",NA,NA,"Phaeophyceae",NA,"Laminariales","Lessoniaceae","Eisenia","Eisenia arborea","Adult",NA,NA,NA,NA
NA,NA,"Laminaria farlowii","Laminaria farlowii",NA,NA,"Phaeophyceae",NA,"Laminariales","Laminariaceae","Laminaria","Laminaria farlowii","Adult",NA,NA,NA,NA
NA,NA,"Macrocystis pyrifera","Macrocystis pyrifera",NA,NA,"Phaeophyceae",NA,"Laminariales","Laminariaceae","Macrocystis","Macrocystis pyrifera","Adult",NA,NA,NA,NA
NA,NA,"Pterygophora californica","Pterygophora californica",NA,NA,"Phaeophyceae",NA,"Laminariales","Alariaceae","Pterygophora","Pterygophora californica","Adult",NA,NA,NA,NA
