"Region","Taxon.Code","Algaebase.ID","Taxon","Taxon.Taxonomic.Level","Kingdom","Phylum","Class","Order","Family","Genus","Species","Multistipe.or.Single.Stipe","Functional.Group","Surface.Subsurface","Synonyms","Stage"
NA,"Agarum clathratum",NA,"Agarum clathratum",NA,NA,"Phaeophyceae",NA,"Laminariales","Costariaceae","Agarum","Agarum clathratum",NA,NA,NA,NA,"Adult"
NA,"Alaria marginata",NA,"Alaria marginata",NA,NA,"Phaeophyceae",NA,"Laminariales","Alariaceae","Alaria","Alaria marginata",NA,NA,NA,NA,"Adult"
NA,"Costaria costata",NA,"Costaria costata",NA,NA,"Phaeophyceae",NA,"Laminariales","Costariaceae","Costaria","Costaria costata",NA,NA,NA,NA,"Adult"
NA,"Cymathaere triplicata",NA,"Cymathaere triplicata",NA,NA,"Phaeophyceae",NA,"Laminariales","Laminariaceae","Cymathaere","Cymathaere triplicata",NA,NA,NA,NA,"Adult"
NA,"Eualaria fistulosa",NA,"Eualaria fistulosa",NA,NA,"Phaeophyceae",NA,"Laminariales","Alariaceae","Alaria","Alaria fistulosa",NA,NA,NA,NA,"Adult"
NA,"Laminaria spp.",NA,"Laminaria spp.",NA,NA,"Phaeophyceae",NA,"Laminariales","Laminariaceae","Laminaria",NA,NA,NA,NA,NA,"Adult"
NA,"Laminaria yezoensis",NA,"Laminaria yezoensis",NA,NA,"Phaeophyceae",NA,"Laminariales","Laminariaceae","Laminaria","Laminaria yezoensis",NA,NA,NA,NA,"Adult"
NA,"Nereocystis luetkeana",NA,"Nereocystis luetkeana",NA,NA,"Phaeophyceae",NA,"Laminariales","Laminariaceae","Nereocystis","Nereocystis luetkeana",NA,NA,NA,NA,"Adult"
NA,"Pleurophycus gardneri",NA,"Pleurophycus gardneri",NA,NA,"Phaeophyceae",NA,"Laminariales","Alariaceae","Pleurophycus","Pleurophycus gardneri",NA,NA,NA,NA,"Adult"
