"Region","AlgaeBase.ID","Taxon.Code","Taxon","Taxon.Taxonomic.Level","Kingdom","Phylum","Class","Order","Family","Genus","Species","Stage","Synonyms","Multistipe.or.Single.Stipe","Functional.Group","Surface.Subsurface"
NA,NA,"Ecklonia radiata","Ecklonia radiata",NA,NA,"Phaeophyceae",NA,"Laminariales","Lessoniaceae","Ecklonia","Ecklonia radiata","Adult",NA,NA,NA,NA
NA,NA,"Lessonia corrugata","Lessonia corrugata",NA,NA,"Phaeophyceae",NA,"Laminariales","Lessoniaceae","Lessonia","Lessonia corrugata","Adult",NA,NA,NA,NA
NA,NA,"Macrocystis angustifolia","Macrocystis angustifolia",NA,NA,"Phaeophyceae",NA,"Laminariales","Laminariaceae","Macrocystis","Macrocystis angustifolia","Adult",NA,NA,NA,NA
NA,NA,"Macrocystis pyrifera","Macrocystis pyrifera",NA,NA,"Phaeophyceae",NA,"Laminariales","Laminariaceae","Macrocystis","Macrocystis pyrifera","Adult",NA,NA,NA,NA
NA,NA,"Undaria pinnatifida","Undaria pinnatifida",NA,NA,"Phaeophyceae",NA,"Laminariales","Alariaceae","Undaria","Undaria pinnatifida","Adult",NA,NA,NA,NA
