"Region","AlgaeBase.ID","Taxon.Code","Taxon","Taxon.Taxonomic.Level","Kingdom","Phylum","Class","Order","Family","Genus","Species","Stage","Synonyms","Multistipe.or.Single.Stipe","Functional.Group","Surface.Subsurface"
NA,NA,556,"Laminaria",NA,NA,"Phaeophyceae",NA,"Laminariales","Laminariaceae","Laminaria",NA,"Adult",NA,NA,NA,NA
NA,NA,574,"Eisenia arborea",NA,NA,"Phaeophyceae",NA,"Laminariales","Lessoniaceae","Eisenia","Eisenia arborea",NA,NA,NA,NA,NA
NA,NA,575,"Pterygophora californica",NA,NA,"Phaeophyceae",NA,"Laminariales","Alariaceae","Pterygophora","Pterygophora californica",NA,NA,NA,NA,NA
NA,NA,589,"Macrocystis pyrifera",NA,NA,"Phaeophyceae",NA,"Laminariales","Laminariaceae","Macrocystis","Macrocystis pyrifera","Adult",NA,NA,NA,NA
