"Region","AlgaeBase.ID","Taxon.Code","Taxon","Taxon.Taxonomic.Level","Kingdom","Phylum","Class","Order","Family","Genus","Species","Stage","Synonyms","Multistipe.or.Single.Stipe","Functional.Group","Surface.Subsurface"
NA,NA,"2002","Macrocystis pyrifera",NA,NA,"Phaeophyceae",NA,"Laminariales","Laminariaceae","Macrocystis","Macrocystis pyrifera","Adult",NA,NA,NA,NA
NA,NA,"2012","Eisenia arborea",NA,NA,"Phaeophyceae",NA,"Laminariales","Lessoniaceae","Eisenia","Eisenia arborea","Adult",NA,NA,NA,NA
NA,NA,"2013","Pterygophora californica",NA,NA,"Phaeophyceae",NA,"Laminariales","Alariaceae","Pterygophora","Pterygophora californica","Adult",NA,NA,NA,NA
NA,NA,"2014","Laminaria farlowii",NA,NA,"Phaeophyceae",NA,"Laminariales","Laminariaceae","Laminaria","Laminaria farlowii","Adult",NA,NA,NA,NA
