"Region","AlgaeBase.ID","Taxon.Code","Taxon","Taxon.Taxonomic.Level","Kingdom","Phylum","Class","Order","Family","Genus","Species","Stage","Synonyms","Multistipe.or.Single.Stipe","Functional.Group","Surface.Subsurface"
NA,NA,"Laminaria digitata","Laminaria digitata",NA,NA,"Phaeophyceae",NA,"Laminariales","Laminariaceae","Laminaria","Laminaria digitata","Adult",NA,NA,NA,NA
NA,NA,"Laminaria hyperborea","Laminaria hyperborea",NA,NA,"Phaeophyceae",NA,"Laminariales","Laminariaceae","Laminaria","Laminaria hyperborea","Adult",NA,NA,NA,NA
NA,NA,"Saccharina latissima","Saccharina latissima",NA,NA,"Phaeophyceae",NA,"Laminariales","Laminariaceae","Saccharina","Saccharina latissima","Adult",NA,NA,NA,NA
NA,NA,"Saccorhiza polyschides","Saccorhiza polyschides",NA,NA,"Phaeophyceae",NA,"Tilopteridales","Phyllariaceae","Saccorhiza","Saccorhiza polyschides","Adult",NA,NA,NA,NA
