"Region","Taxon.Code","Taxon","Taxon.Taxonomic.Level","Kingdom","Phylum","Class","Order","Family","Genus","Species","Multistipe.or.Single.Stipe","Functional.Group","Stage","Synonyms","Algaebase.ID"
NA,NA,"Agarum clathratum",NA,NA,NA,NA,NA,NA,NA,NA,"Single.Stipe","Surface Canopy","Adult",NA,NA
NA,NA,"Agarum turneri",NA,NA,NA,NA,NA,NA,NA,NA,"Single.Stipe","Surface Canopy","Adult",NA,NA
NA,NA,"Cymathere triplicata",NA,NA,NA,NA,NA,NA,NA,NA,"Single.Stipe","Surface Canopy","Adult",NA,NA
NA,NA,"Desmarestia aculeata",NA,NA,NA,NA,NA,NA,NA,NA,NA,"Surface Canopy",NA,NA,NA
NA,NA,"Desmarestia ligulata",NA,NA,NA,NA,NA,NA,NA,NA,NA,"Surface Canopy",NA,NA,NA
NA,NA,"Desmarestia viridis",NA,NA,NA,NA,NA,NA,NA,NA,NA,"Surface Canopy",NA,NA,NA
NA,NA,"Eualaria fistulosa",NA,NA,NA,NA,NA,NA,NA,NA,"Single.Stipe","Surface Canopy","Adult",NA,NA
NA,NA,"Eularia fistulosa",NA,NA,NA,NA,NA,NA,NA,NA,"Single.Stipe","Surface Canopy","Adult",NA,NA
NA,NA,"Juv Laminariales.5",NA,NA,NA,NA,NA,NA,NA,NA,NA,"Surface Canopy","Juvenile",NA,NA
NA,NA,"Juvenile Saccharina.5",NA,NA,NA,NA,NA,NA,NA,NA,NA,"Surface Canopy","Juvenile",NA,NA
NA,NA,"Laminaria longipes",NA,NA,NA,NA,NA,NA,NA,NA,"Single.Stipe","Surface Canopy","Adult",NA,NA
NA,NA,"Laminaria yezoensis",NA,NA,NA,NA,NA,NA,NA,NA,"Single.Stipe","Surface Canopy","Adult",NA,NA
NA,NA,"Saccharina subsimplex",NA,NA,NA,NA,NA,NA,NA,NA,"Single.Stipe","Surface Canopy","Adult",NA,NA
NA,NA,"Thalassiophyllum",NA,NA,NA,NA,NA,NA,NA,NA,"Single.Stipe","Surface Canopy","Adult",NA,NA
NA,NA,"Thalassiophyllum clathrum",NA,NA,NA,NA,NA,NA,NA,NA,"Single.Stipe","Surface Canopy","Adult",NA,NA
